qid,sitelinks,familiarity
Q100,215,3
Q1000321,13,3
Q1000479,17,4
Q100144541,0,2
Q1001991,24,0
Q1002264,10,0
Q1002573,5,1
Q1002727,8,3
Q1002859,8,3
Q1002871,10,4
Q1002976,10,3
Q100314037,3,2
Q1003585,10,3
Q1005927,9,2
Q100621744,4,3
Q1006950,21,2
Q100804877,3,5
Q1008530,9,1
Q100901591,1,0
Q1009561,14,5
Q1009855,10,5
Q1010020,10,3
Q1010176,12,2
Q101095813,37,0
Q1013786,14,5
Q1014231,29,4
Q10152,59,0
Q101625,140,5
Q101730,89,0
Q1017927,18,4
Q1018540,35,5
Q1018775,20,3
Q1020125,9,5
Q1021545,38,1
Q1021592,24,3
Q1022336,5,1
Q1022897,11,4
Q1022918,40,1
Q1022965,25,2
Q102328053,1,3
Q1024037,19,4
Q1024362,19,1
Q1024624,27,4
Q1024903,12,3
Q1024926,30,5
Q1025051,14,4
Q1025113,20,1
Q1025949,24,0
Q1026044,12,2
Q1026229,21,2
Q1026427,12,4
Q1026664,16,0
Q1026670,15,1
Q1026676,16,4
Q1027127,31,4
Q1027210,20,3
Q1027238,10,3
Q10275720,10,4
Q1027626,12,4
Q1027700,22,5
Q10281190,7,3
Q1028418,8,0
Q1028633,16,3
Q1028696,20,5
Q10288,136,5
Q1028985,17,4
Q1029092,17,5
Q1029098,17,5
Q1029127,15,5
Q102920,68,0
Q1029453,17,1
Q10300252,8,3
Q1030045,19,1
Q1030463,83,4
Q103062,14,4
Q1031145,17,1
Q1031421,5,2
Q1031527,15,3
Q1031615,20,0
Q10319641,34,5
Q1032558,21,4
Q1033076,22,3
Q1033333,19,3
Q1033586,5,4
Q1033809,13,2
Q1034621,42,0
Q1035075,20,1
Q1035131,20,2
Q1036028,13,2
Q10363091,7,5
Q10367953,10,1
Q10368164,8,3
Q10376043,9,1
Q1039219,14,0
Q1040637,10,4
Q1040644,9,4
Q1040650,9,4
Q1040659,9,3
Q1040665,9,4
Q1040671,9,3
Q1040680,9,3
Q1040713,9,4
Q1041132,9,4
Q1041160,9,4
Q1041179,10,4
Q1041205,10,4
Q1041215,9,4
Q1041497,9,2
Q1041505,9,3
Q1041600,9,3
Q1041603,9,3
Q1041606,8,4
Q1041803,9,3
Q1041831,9,4
Q1041863,9,3
Q1042118,10,3
Q1042137,9,3
Q1042190,10,3
Q1042207,10,3
Q1042227,9,4
Q10422447,12,2
Q104231,83,1
Q1042366,12,3
Q1042388,9,2
Q1042732,23,3
Q1043326,37,5
Q1043381,14,3
Q1043431,31,0
Q1043966,24,2
Q1044020,16,3
Q1045096,33,4
Q1045119,8,5
Q104521668,2,1
Q1045310,8,5
Q104535027,9,5
Q1045990,5,3
Q104636940,13,0
Q1046405,20,2
Q1046414,26,2
Q1046446,21,4
Q1046524,21,5
Q1046677,29,1
Q1046736,29,5
Q1046742,28,2
Q1047097,11,4
Q1047226,14,3
Q104766202,4,3
Q104815467,4,4
Q104815468,4,5
Q104815469,4,4
Q104822366,2,2
Q1048345,10,5
Q104834576,4,3
Q104834578,3,3
Q104834581,4,4
Q104834582,3,5
Q104835547,4,4
Q104835696,4,4
Q104835848,4,5
Q1048582,25,4
Q1048634,11,2
Q1048642,12,1
Q1048705,16,3
Q1049238,20,0
Q1049376,14,2
Q1049440,7,4
Q1050032,30,5
Q1050048,36,5
Q1050074,27,3
Q105063687,3,3
Q105094187,26,1
Q1052475,30,4
Q105272079,4,3
Q105272218,4,5
Q105272353,4,4
Q105272370,4,5
Q1053309,7,4
Q1053320,15,2
Q1053349,8,2
Q1053483,11,5
Q1053684,28,0
Q1054039,11,3
Q1054277,13,4
Q1054410,14,1
Q1054785,22,2
Q1054923,43,0
Q1055296,14,3
Q1055897,14,5
Q1055993,13,5
Q1056064,15,2
Q1056123,21,4
Q1056152,37,5
Q1056422,9,1
Q10583424,51,4
Q105834613,7,3
Q1058395,19,1
Q1058594,29,0
Q1059013,11,3
Q105965891,3,2
Q1059947,11,5
Q10601978,16,1
Q1060854,11,4
Q106085404,12,0
Q106103956,19,3
Q1061104,43,4
Q1061488,29,0
Q1061504,29,2
Q1062480,20,4
Q1062689,24,2
Q1063195,20,4
Q1063602,22,5
Q1063819,34,3
Q1064206,24,0
Q1064758,13,4
Q1064892,13,2
Q1064983,14,1
Q1065206,27,5
Q1065414,37,4
Q1065669,17,2
Q10656756,6,3
Q1066662,22,2
Q1066676,31,5
Q1066692,6,3
Q1066903,25,3
Q1067140,27,4
Q1067220,8,5
Q106808173,1,0
Q106808179,1,3
Q1068701,23,1
Q1068874,12,4
Q106909425,2,2
Q1069129,36,5
Q1069131,22,1
Q1069141,27,3
Q1069457,27,4
Q1069687,27,4
Q106982007,2,3
Q1069942,8,5
Q1069950,14,4
Q1069962,9,4
Q1069994,23,3
Q1070093,11,1
Q1070546,12,2
Q107074885,57,0
Q1070787,13,2
Q1071084,15,5
Q1071500,19,5
Q1071570,25,4
Q107167254,3,2
Q1072510,26,5
Q1072717,22,5
Q1072875,13,2
Q1073001,12,3
Q1073008,13,3
Q1073207,11,3
Q1073232,10,2
Q1073644,22,5
Q1073674,19,3
Q107404516,11,0
Q1074095,8,5
Q10742833,1,1
Q10743079,1,0
Q10743116,1,4
Q10743146,1,1
Q10743280,1,3
Q10743287,13,4
Q10743288,3,3
Q10743330,7,3
Q10743507,1,0
Q10743634,3,0
Q1074565,12,3
Q10748428,2,3
Q10748429,3,2
Q10748486,1,2
Q10748531,1,2
Q10751146,4,2
Q10751152,2,4
Q10752053,4,4
Q10752058,6,4
Q10752345,1,0
Q10752360,2,3
Q10752363,2,4
Q10752403,8,5
Q10752621,3,0
Q10752772,2,3
Q1075342,8,4
Q1075469,24,2
Q10757695,3,1
Q10757696,3,1
Q1075966,14,4
Q1075988,38,5
Q10761388,2,1
Q10761721,1,1
Q10761913,5,0
Q10763516,2,3
Q107657308,2,2
Q1076729,33,3
Q107675717,4,0
Q10768928,2,1
Q10770729,1,3
Q10770742,1,5
Q10770773,1,4
Q10771568,2,1
Q10771739,1,1
Q10771877,3,3
Q10771885,6,1
Q10771887,2,1
Q10771890,1,1
Q10771893,3,2
Q10771894,1,1
Q10771903,2,1
Q10771941,3,2
Q10771972,4,4
Q10772027,2,2
Q10772258,1,1
Q1077495,13,1
Q1077639,11,2
Q10779495,3,4
Q10779689,3,0
Q10779747,2,2
Q10779749,3,1
Q10779750,2,2
Q10779752,4,1
Q10779899,2,1
Q10779914,3,3
Q10779934,3,4
Q1078400,13,3
Q1078432,14,3
Q1078437,11,3
Q1078443,14,4
Q10786613,3,2
Q10787454,2,3
Q10787456,3,1
Q10787988,1,1
Q10788121,1,1
Q1078864,17,3
Q10790002,1,1
Q107941,32,2
Q107960,28,0
Q10797211,1,2
Q10798864,2,1
Q10798880,3,2
Q10799557,4,3
Q10799770,2,2
Q10800295,2,5
Q10800604,4,2
Q10800620,4,2
Q10800642,1,1
Q10800687,2,1
Q10800942,1,3
Q10801125,3,1
Q10802018,2,4
Q10805014,1,3
Q10806100,4,1
Q10806270,1,1
Q10806283,1,1
Q10806306,1,1
Q10806308,2,1
Q10806313,1,1
Q10807146,1,4
Q10807155,3,4
Q108085294,1,0
Q10809929,4,1
Q10810341,1,0
Q10810537,3,4
Q10810911,1,1
Q10811078,2,1
Q10811086,2,1
Q10812079,2,2
Q10812086,1,0
Q10818,66,1
Q10824817,1,1
Q10824852,2,4
Q10824916,2,1
Q10824968,2,1
Q10824969,2,1
Q10824970,3,3
Q10825539,2,2
Q10825843,2,3
Q10826125,1,2
Q10826515,2,1
Q10826521,1,2
Q10826619,2,0
Q10826700,1,3
Q10828306,2,1
Q10828324,2,1
Q10828358,2,1
Q10828401,2,1
Q10828427,7,3
Q10828647,3,4
Q10828934,3,2
Q10828937,2,2
Q10829028,3,3
Q1082978,12,4
Q10831829,2,1
Q10832464,25,2
Q10833399,2,1
Q10833565,4,1
Q10833739,4,1
Q10834963,5,0
Q10835185,3,1
Q1083708,14,0
Q10838003,6,1
Q1083866,10,3
Q10840222,2,1
Q10841104,2,1
Q10841248,2,2
Q10841667,2,4
Q10841685,3,2
Q10841709,3,3
Q10841794,3,1
Q10842244,3,3
Q10842863,2,0
Q1084992,12,3
Q1085075,10,1
Q1085126,11,1
Q1085136,10,3
Q10851500,10,4
Q1085811,11,3
Q10860333,4,1
Q10865046,1,0
Q10868216,4,3
Q10869466,1,0
Q1087020,10,4
Q1087102,10,1
Q10871052,4,4
Q10872036,8,0
Q10874329,3,0
Q1087539,20,1
Q10875725,1,4
Q1087585,11,1
Q1087591,10,3
Q1087612,11,1
Q1087622,10,4
Q1087670,11,3
Q1087677,10,0
Q10879145,8,3
Q10879792,1,0
Q10880034,1,1
Q10881640,1,0
Q1088224,9,3
Q1088225,10,3
Q1088237,10,1
Q1088305,10,2
Q10883531,4,5
Q10883536,4,3
Q1088467,25,3
Q1088750,10,1
Q10887561,1,0
Q1088761,14,3
Q108881027,4,0
Q10888335,4,4
Q1089056,10,0
Q10892495,2,3
Q1089339,13,4
Q1089352,13,4
Q1089363,15,4
Q1089377,13,4
Q1089384,15,4
Q1089389,13,3
Q1089392,14,5
Q1089462,13,3
Q1089469,16,4
Q1089474,12,4
Q1089554,15,3
Q1089761,8,4
Q1090034,31,0
Q109010,64,4
Q10905036,5,4
Q10905917,5,5
Q1091018,15,1
Q1091086,45,0
Q10912099,1,0
Q10912112,1,0
Q10912136,1,1
Q1091287,15,3
Q10916867,1,1
Q1092030,25,4
Q10924774,5,4
Q10924796,6,5
Q10924797,3,5
Q10924803,2,3
Q109269903,4,1
Q10928063,1,0
Q1092834,18,3
Q109311616,38,0
Q109345557,2,2
Q109345565,2,3
Q1093913,24,5
Q1093941,21,5
Q1093944,20,4
Q1093950,31,3
Q10939558,4,5
Q10939559,6,5
Q1094046,32,3
Q10941024,1,1
Q1094251,16,0
Q1094308,27,0
Q1094338,38,4
Q1094375,9,5
Q1094407,16,3
Q1094417,12,3
Q109455879,2,3
Q1094938,23,0
Q1094954,7,2
Q10951691,2,5
Q1095828,9,5
Q1096333,11,3
Q109690323,4,4
Q1097,48,5
Q109711,30,4
Q109739,27,4
Q1097449,12,4
Q1097460,11,5
Q109849,34,4
Q109858,52,5
Q109859858,3,0
Q109873,26,5
Q109905582,1,4
Q109926,23,5
Q109968,27,5
Q110000,31,4
Q110007,28,5
Q11005,81,1
Q11005410,9,3
Q110061,22,5
Q11007,78,1
Q11007149,9,4
Q11007759,8,3
Q1101073,23,4
Q110108246,1,2
Q110109122,2,1
Q110110184,2,3
Q110110293,1,1
Q110289,40,5
Q110321744,3,5
Q11036209,1,0
Q110494745,2,2
Q110495068,2,2
Q11050122,1,2
Q1105770,8,2
Q1105780,7,3
Q11062,53,0
Q11063329,1,0
Q1106490,8,4
Q11065584,1,0
Q110656674,3,3
Q1106591,9,5
Q1106644,15,4
Q1107168,10,2
Q110727511,3,3
Q1107297,21,4
Q1107447,8,3
Q11074637,8,5
Q11074657,1,3
Q11074659,2,0
Q11074670,2,0
Q11074708,1,0
Q11076586,1,1
Q11080015,6,5
Q11080016,5,5
Q110811318,3,4
Q11081257,14,2
Q11081635,1,0
Q11084579,1,1
Q11086137,62,0
Q11088839,4,4
Q11088840,1,0
Q1109031,28,5
Q11092442,1,3
Q11092444,1,0
Q1109279,19,0
Q1110101,17,3
Q1110186,9,2
Q111097997,1,2
Q11109889,1,1
Q1111022,9,4
Q111110603,0,2
Q111121347,0,1
Q111121348,0,1
Q111121349,0,2
Q111121350,0,2
Q111121351,0,1
Q111121352,0,1
Q111121353,0,1
Q111121354,0,1
Q111121355,0,1
Q111121356,0,1
Q111121357,0,1
Q111121358,0,1
Q111121359,0,1
Q111121360,0,2
Q111121361,0,1
Q111121362,0,2
Q111121363,0,2
Q111121364,0,1
Q111121365,0,2
Q111121366,0,1
Q111121367,0,1
Q111121368,0,1
Q111121369,0,1
Q111121370,0,1
Q111121371,0,1
Q111121372,0,1
Q111121373,0,1
Q111121374,0,3
Q111121375,0,2
Q111121376,0,2
Q111121377,0,1
Q111121378,0,1
Q111121380,0,1
Q111121381,0,1
Q111121382,0,1
Q111121383,0,1
Q111121385,0,2
Q111121386,0,1
Q111121387,0,1
Q111121388,0,1
Q111121389,0,1
Q111121390,0,1
Q111121392,0,1
Q111121393,0,1
Q111121394,0,1
Q111121395,0,1
Q111121396,0,1
Q111121397,0,1
Q111121398,0,1
Q111121399,0,1
Q111121400,0,1
Q111121401,0,1
Q111121402,0,3
Q111121403,0,1
Q111121404,0,1
Q111121405,0,1
Q111121406,0,1
Q111121407,0,1
Q111121408,0,1
Q111121410,0,1
Q111121411,0,1
Q111121413,0,1
Q111121414,0,1
Q111121415,0,1
Q111121416,0,1
Q111121417,0,3
Q111121418,0,2
Q111121419,0,1
Q111121420,0,1
Q111121421,0,1
Q111121422,0,1
Q111121423,0,1
Q111121424,0,1
Q11112555,1,0
Q11112730,3,4
Q11113,53,0
Q11117108,3,5
Q11117393,13,4
Q111174595,3,2
Q111225504,1,4
Q1112557,8,1
Q1112724,17,0
Q11129499,1,1
Q11129500,2,2
Q1113224,14,2
Q111333173,29,0
Q1113361,15,3
Q11136608,1,0
Q1113755,6,2
Q11140301,1,1
Q111409106,0,2
Q111409108,0,2
Q111409112,0,4
Q111409114,0,1
Q111409115,0,1
Q111409116,0,1
Q111409118,0,1
Q111409119,0,1
Q111409120,0,1
Q111409121,0,1
Q111409122,0,1
Q111409123,0,1
Q111409124,0,1
Q111409125,0,1
Q111409126,0,1
Q111409127,0,1
Q111409128,0,1
Q111409129,0,1
Q111409130,0,1
Q111409131,0,1
Q111409132,0,1
Q111409134,0,1
Q111409135,0,1
Q111409136,0,1
Q111409137,0,2
Q111409138,0,2
Q111409139,0,1
Q111409141,0,1
Q111409142,0,1
Q111409143,0,1
Q111409144,0,1
Q111409145,0,1
Q111409146,0,1
Q111409147,0,1
Q111409148,0,1
Q111409149,0,1
Q111409150,0,2
Q111409151,0,1
Q111409152,0,2
Q111409153,0,1
Q111409154,0,1
Q111409156,0,1
Q111409157,0,1
Q111409158,0,1
Q111409159,0,1
Q111409160,0,1
Q111409161,0,1
Q111409162,0,1
Q111409163,0,1
Q111409164,0,2
Q111409165,0,2
Q111409166,0,2
Q111409167,0,1
Q111409168,0,2
Q111409169,0,1
Q111409170,0,2
Q111409171,0,1
Q111409172,0,1
Q111409173,0,1
Q111409174,0,1
Q111409175,0,1
Q111409176,0,2
Q111409177,0,1
Q111409178,0,1
Q111409179,0,1
Q111409180,0,1
Q111409181,0,1
Q111409182,0,1
Q111409183,0,1
Q111409184,0,1
Q111409185,0,1
Q111409187,0,1
Q111409188,0,1
Q111409189,0,2
Q111409190,0,1
Q111409191,0,3
Q111409192,0,1
Q111409193,0,1
Q111409194,0,1
Q111409195,0,4
Q111409197,0,1
Q111409198,0,1
Q111409199,0,1
Q111409200,0,1
Q111409201,0,1
Q111409202,0,1
Q111409203,0,1
Q111409204,0,3
Q111409205,0,2
Q111409206,0,1
Q111409207,0,2
Q111409208,0,1
Q111409209,0,3
Q111409210,0,1
Q111409211,0,1
Q111409212,0,3
Q111409213,0,3
Q111409214,0,4
Q111409215,0,1
Q111409216,0,1
Q111409217,0,1
Q111409218,0,1
Q111409219,0,1
Q111409220,0,4
Q111409221,0,1
Q111409222,0,3
Q111409223,0,1
Q111409224,0,4
Q111409225,0,1
Q111409226,0,1
Q111409227,0,3
Q111409228,0,3
Q111409230,0,4
Q111409231,0,1
Q111420818,7,1
Q1114612,14,5
Q11148,111,0
Q11148106,1,0
Q1114839,13,2
Q111515051,3,4
Q111524362,9,1
Q1115331,10,3
Q11153720,10,3
Q111556,7,4
Q111721634,2,1
Q1117735,11,4
Q11181745,1,0
Q111872567,1,1
Q111939711,5,2
Q111951505,2,3
Q111973,30,5
Q1119929,15,0
Q112012291,1,1
Q1121111,27,3
Q112134535,12,2
Q11221237,6,3
Q1122261,41,2
Q1122701,30,5
Q1122776,9,4
Q1122926,43,4
Q1123019,38,4
Q1123106,34,4
Q1123493,37,5
Q11235,106,0
Q112357,11,3
Q1123997,34,5
Q11240,36,0
Q1124023,39,4
Q11245,73,5
Q1124657,37,5
Q1124861,40,1
Q11249,46,5
Q11249110,10,2
Q112503,12,3
Q1125096,28,4
Q11252,29,3
Q11253,43,5
Q1125814,10,3
Q11259,72,5
Q11260,64,5
Q1126084,9,2
Q112640,37,5
Q1127212,31,3
Q1127218,33,1
Q1127380,13,3
Q11274,75,5
Q11277,48,5
Q11287466,7,4
Q112876241,23,0
Q11288582,6,5
Q11290,51,5
Q11290799,10,3
Q1129089,30,0
Q1129603,30,0
Q11297,50,5
Q1129820,19,2
Q11299,139,5
Q1129925,36,3
Q1130050,26,5
Q113006582,20,1
Q1130266,35,2
Q1130517,18,1
Q1130666,31,3
Q1130678,16,1
Q1130722,28,5
Q1130746,29,1
Q11307659,5,5
Q11307901,5,4
Q11308729,5,3
Q1130908,11,2
Q1131442,13,0
Q1131544,7,2
Q1131589,28,4
Q1131807,34,5
Q1131825,16,3
Q1132092,7,3
Q113213879,6,3
Q1132589,10,3
Q1132601,10,3
Q1132605,16,4
Q1132610,11,4
Q1133075,35,5
Q11336481,9,3
Q1133697,27,0
Q1133712,32,5
Q1134395,13,2
Q1134523,11,2
Q1134529,13,0
Q1134533,13,5
Q113457479,2,5
Q113482808,4,2
Q1135057,8,3
Q11352050,5,4
Q113557781,38,1
Q1135834,30,5
Q1135947,11,3
Q1136014,11,0
Q1136137,34,5
Q113627642,3,4
Q1136687,29,4
Q113689264,3,4
Q1137504,7,5
Q1137522,19,1
Q1137533,42,5
Q1137768,10,2
Q1137973,14,0
Q1137997,34,5
Q1138147,18,3
Q1138457,12,3
Q113857620,45,0
Q1138648,23,2
Q1138851,12,4
Q1138922,33,2
Q1138924,14,2
Q1139081,34,5
Q1139633,19,3
Q1139748,12,5
Q1139853,10,3
Q1139921,12,5
Q113993296,2,0
Q1140138,18,1
Q1140249,30,4
Q1140265,24,4
Q1140339,11,5
Q1140507,31,5
Q1140533,25,0
Q1140534,29,5
Q1140556,13,0
Q1140634,25,5
Q1140815,11,3
Q1141215,26,0
Q1141262,26,4
Q1141322,11,2
Q1141341,11,0
Q1141476,12,0
Q1141592,14,0
Q1141952,23,3
Q1142142,33,4
Q1142174,9,5
Q1142211,13,5
Q1142255,24,3
Q1142398,7,2
Q1142457,15,0
Q1142621,5,1
Q1142661,29,4
Q1142990,5,1
Q1143080,10,3
Q11431452,18,3
Q1143174,8,3
Q1143226,13,3
Q1143235,18,3
Q1143630,8,4
Q1144187,23,2
Q1144549,49,2
Q1144561,19,1
Q1144592,22,4
Q1144606,40,1
Q1144643,17,3
Q1144673,35,2
Q1144740,17,5
Q1144908,4,0
Q1146587,19,1
Q1146739,46,0
Q1146881,30,5
Q1146936,19,3
Q1147009,13,3
Q1147620,8,3
Q1147977,23,2
Q1148324,10,2
Q1150259,17,5
Q1150357,19,4
Q1150419,25,4
Q1151254,23,5
Q1151529,19,4
Q1151775,15,0
Q11519,6,4
Q1151919,20,1
Q115226,23,0
Q1153094,31,3
Q1153198,15,3
Q1153515,27,3
Q1153788,10,4
Q1154330,34,0
Q1155329,5,1
Q1155331,27,3
Q1155571,12,4
Q1155836,33,3
Q1155944,32,2
Q1156274,17,5
Q1156428,11,3
Q1156435,5,4
Q1156446,13,3
Q1156586,22,3
Q1156778,19,3
Q1156823,19,3
Q115805450,8,2
Q115860,23,3
Q115864833,15,1
Q115896489,3,3
Q1159198,9,4
Q115921506,18,0
Q115978654,2,2
Q1160664,43,2
Q1160682,33,1
Q1160691,26,3
Q1160895,41,0
Q116125,14,4
Q1161519,36,1
Q1161724,12,2
Q116259,14,4
Q1162605,11,2
Q116270154,3,2
Q116297155,2,2
Q1163431,40,2
Q11634381,11,3
Q116392538,3,2
Q116414125,24,0
Q11643,21,1
Q1164325,10,1
Q1164334,43,1
Q1164337,9,0
Q11650493,3,5
Q11650496,4,4
Q1165384,21,2
Q1165557,8,2
Q1165861,10,1
Q1165987,17,1
Q11667807,13,1
Q11668547,6,5
Q1167467,19,5
Q1168003,11,2
Q11680443,6,3
Q116821,22,1
Q116826,23,0
Q116831,21,1
Q11690,87,5
Q11694,47,0
Q117008017,2,4
Q11705,39,0
Q117075309,8,1
Q1170818,22,0
Q117085235,3,3
Q117178653,20,1
Q117273372,2,0
Q117286788,2,1
Q117290024,1,2
Q117358668,4,4
Q117463745,2,1
Q117467,26,1
Q117708,27,4
Q1177277,9,5
Q1177284,9,2
Q11783098,6,0
Q11787097,5,3
Q118003,11,5
Q1180056,13,4
Q1180205,30,2
Q1180344,27,0
Q118119342,4,3
Q11819,57,5
Q118193,3,3
Q118383940,4,2
Q11838982,6,3
Q11838983,7,5
Q11838984,4,2
Q11839029,4,2
Q11839033,5,4
Q11840119,2,3
Q11840154,3,3
Q1184183,17,3
Q1185317,11,4
Q1185887,13,5
Q1185910,18,3
Q1186002,14,3
Q1186043,17,5
Q1186184,16,4
Q1186197,14,3
Q1186262,14,3
Q1186268,15,5
Q1186292,17,5
Q1186714,20,4
Q1186843,30,4
Q1187226,9,0
Q1187271,27,4
Q1187394,11,4
Q1187508,25,4
Q1187568,9,5
Q11876951,17,0
Q11880816,9,4
Q1189121,17,0
Q1189293,18,4
Q1189342,11,5
Q1189954,58,2
Q1190137,29,0
Q1190181,9,2
Q1190182,8,1
Q1190597,27,4
Q1190657,23,3
Q1191042,17,4
Q1191048,21,5
Q1191191,15,2
Q1191380,25,0
Q11914956,9,3
Q1191599,12,2
Q1191972,26,4
Q1192117,13,2
Q1192508,14,4
Q1193420,14,4
Q1193480,27,2
Q1193675,19,3
Q1194329,15,0
Q1195474,14,3
Q11957158,11,3
Q1195837,3,3
Q119597132,5,1
Q1196073,17,5
Q1196090,16,4
Q1196095,12,4
Q11963844,13,4
Q11967561,11,4
Q119695,15,1
Q1196955,19,4
Q11970037,11,4
Q11971512,11,4
Q1197269,21,4
Q11982834,8,3
Q11988456,11,4
Q119892,39,4
Q11992758,11,4
Q11992956,11,4
Q11993457,45,2
Q11996138,11,3
Q11998805,11,5
Q1199959,24,5
Q12001069,11,2
Q12004572,11,4
Q12007414,11,4
Q1200925,30,2
Q1200948,21,4
Q1201043,13,2
Q1201057,19,2
Q1201337,16,4
Q120147155,2,3
Q1201889,17,3
Q1202019,29,5
Q1202416,19,1
Q1202921,14,1
Q1203521,19,5
Q1203936,4,3
Q12040651,5,2
Q1204253,26,5
Q1205090,18,5
Q1206012,51,0
Q12060731,7,3
Q12060754,3,4
Q12060993,7,3
Q12061085,5,4
Q12061379,6,5
Q12061428,5,1
Q12062083,6,2
Q12066847,6,4
Q1207323,12,3
Q1207691,26,5
Q1207735,25,0
Q1207908,12,5
Q1208256,16,4
Q1208346,16,4
Q1208360,17,5
Q1208377,13,4
Q1208392,20,4
Q120849591,4,2
Q1208561,8,3
Q1208763,15,2
Q1209183,15,4
Q1210083,24,4
Q1210635,31,3
Q12142734,13,2
Q121704,14,4
Q121765,28,4
Q121768115,2,2
Q12184118,4,0
Q121913890,3,2
Q12195501,8,4
Q12195551,8,4
Q1221287,10,3
Q122142871,3,3
Q1221513,12,5
Q122203810,5,2
Q12220576,8,1
Q12220580,4,2
Q122223534,4,3
Q122237919,3,2
Q122452764,13,0
Q1224878,6,3
Q1224979,12,0
Q12255787,4,5
Q1227044,34,4
Q122753363,3,2
Q122754016,3,4
Q122802584,3,0
Q1228184,12,3
Q1228299,11,2
Q123013381,3,3
Q1230166,37,0
Q1230168,14,0
Q123024,37,4
Q1230253,21,3
Q123159163,3,2
Q123159337,3,1
Q1231816,22,5
Q12318161,15,2
Q1232277,12,3
Q1232282,12,2
Q123232177,3,3
Q123251934,3,2
Q1233617,15,1
Q123367092,7,2
Q1233755,21,1
Q123385026,9,4
Q12338932,10,0
Q12340880,11,3
Q1234343,15,2
Q123497172,33,1
Q1235412,15,3
Q1235440,24,5
Q1235930,12,3
Q123624,39,4
Q123627,30,2
Q123634,35,4
Q123738,63,5
Q1238512,17,3
Q1238771,11,2
Q123885,89,1
Q123906146,4,3
Q1239847,12,4
Q124010,50,5
Q124041,31,3
Q12404180,5,1
Q12404273,5,0
Q12404543,5,2
Q124054045,7,2
Q12408902,7,3
Q124091628,3,3
Q12410997,6,3
Q12414125,8,2
Q124184,56,4
Q124230,42,4
Q12424991,4,4
Q124256646,4,3
Q12426223,9,4
Q124282503,3,3
Q124295,31,3
Q12432167,5,2
Q12435951,8,2
Q124377,49,5
Q12445809,6,4
Q12446954,6,0
Q12451209,4,4
Q124539,39,3
Q12454277,5,4
Q12455046,11,4
Q12459599,8,4
Q1246552,15,4
Q1246991,25,4
Q1247135,23,2
Q1247544,35,2
Q124882,12,2
Q1248976,13,0
Q1249027,16,3
Q124947,20,4
Q124961542,1,0
Q124982776,5,1
Q125006,84,5
Q125050,44,5
Q125068,35,5
Q125157,31,4
Q125163,35,4
Q125202762,2,4
Q12525001,6,4
Q1252781,14,2
Q1252907,11,2
Q125450,19,3
Q1255602,10,5
Q1255733,11,2
Q1255890,13,4
Q1255904,14,4
Q1255998,10,2
Q1256328,14,2
Q1256546,10,4
Q1257314,1,0
Q125753,31,4
Q125805,29,2
Q1258924,14,4
Q125933843,59,2
Q1259453,24,4
Q1260646,12,3
Q126079639,3,2
Q1261362,33,4
Q126150613,5,3
Q1262183,14,3
Q1262201,13,3
Q1263335,27,4
Q1263637,6,3
Q1263745,13,4
Q126392128,10,0
Q126412,23,4
Q126453,17,2
Q1265322,14,3
Q1265848,14,4
Q1267814,9,3
Q1267958,25,5
Q126884593,5,1
Q12696331,6,2
Q1270330,10,0
Q1274511,30,4
Q1277357,21,4
Q1277747,20,5
Q1277756,11,4
Q1277917,7,2
Q1278116,25,3
Q127841378,9,0
Q1278419,15,5
Q1278671,14,4
Q1279102,29,4
Q1280223,15,3
Q1280906,21,1
Q1280920,14,4
Q1281756,15,3
Q1282139,41,1
Q128322,10,3
Q1283754,10,4
Q1284236,20,4
Q1284748,15,1
Q1284778,19,5
Q1285555,16,1
Q1286354,15,3
Q1287077,13,4
Q128838,20,0
Q12885865,12,1
Q1288729,26,1
Q128910,88,0
Q128988445,1,1
Q128996486,6,0
Q12904658,12,4
Q129143,73,5
Q129506,9,3
Q129612,28,0
Q1296555,10,3
Q12972993,4,5
Q1298262,10,3
Q12983052,12,4
Q1298529,6,2
Q130150,27,5
Q130206,78,5
Q130259699,2,3
Q130300343,3,3
Q1303297,15,2
Q130391732,9,0
Q13045,22,3
Q130461613,2,3
Q130461620,3,4
Q130461621,2,5
Q130461622,4,4
Q130461626,2,5
Q130461629,2,2
Q130461631,2,2
Q130461632,2,5
Q130478,32,4
Q1305091,15,4
Q130611338,1,2
Q1306537,9,1
Q130711,21,4
Q1307298,7,3
Q130736773,19,2
Q130838,25,0
Q130871,84,0
Q130898,13,2
Q130981,24,4
Q131013,97,5
Q131045530,21,0
Q1311686,13,4
Q1311705,5,3
Q1311748,10,3
Q13118215,7,0
Q1312559,17,1
Q1313036,31,2
Q131314319,2,3
Q131330,64,5
Q131354,65,5
Q131389544,25,0
Q1315374,12,4
Q131575588,92,4
Q1316229,8,3
Q131625452,5,0
Q131632377,1,0
Q13164492,7,2
Q1317156,13,3
Q1318670,27,5
Q131876495,9,1
Q13188841,12,1
Q13194692,4,3
Q131964,104,0
Q131995,18,2
Q1320141,7,4
Q1320247,15,1
Q1320404,13,4
Q13205,72,4
Q1320533,14,5
Q1320874,29,0
Q1320916,9,3
Q1321231,26,5
Q1321240,15,4
Q1321526,16,3
Q1321655,17,3
Q1322293,19,1
Q1322403,28,3
Q1322605,16,2
Q1322641,36,0
Q1323040,22,2
Q1324163,28,5
Q1324280,25,5
Q1324578,33,2
Q132508,24,1
Q1325234,28,1
Q1325913,19,1
Q1326230,25,2
Q1326261,28,5
Q1326446,25,4
Q1326723,16,4
Q1326733,16,5
Q1326767,19,5
Q1327514,21,3
Q1327886,39,2
Q1327919,28,2
Q1328165,33,5
Q1329141,36,5
Q133132,88,0
Q1331646,12,2
Q1333283,8,3
Q1333395,22,2
Q1333411,27,2
Q1333838,13,3
Q1334899,26,5
Q1334978,29,4
Q1335201,37,3
Q1335573,17,3
Q133566,81,5
Q133599,19,1
Q13360213,34,5
Q1336847,22,0
Q13371,151,5
Q133800029,1,3
Q1338207,34,3
Q13383459,33,4
Q133837333,1,4
Q133850716,2,1
Q1338832,17,3
Q1338856,27,5
Q1339602,19,4
Q133963,16,5
Q13397,43,5
Q1339983,14,0
Q134102,71,2
Q1342595,8,0
Q1342690,23,3
Q1343055,14,4
Q1344297,16,4
Q1344367,13,3
Q134437701,3,2
Q1344400,22,5
Q1344500,12,0
Q1344889,33,4
Q134602126,1,2
Q134699168,7,2
Q1347162,13,3
Q1347299,15,4
Q1347634,20,4
Q1348023,17,4
Q1348507,30,5
Q1348537,13,3
Q134883,80,5
Q1348939,20,0
Q1348946,23,2
Q1349784,16,1
Q1349796,26,4
Q1350009,19,3
Q1350750,16,4
Q135104,53,3
Q1351185,6,2
Q1351208,31,2
Q1351288,27,5
Q135219325,1,0
Q135224363,2,0
Q1352282,32,4
Q135287479,2,1
Q1353,204,5
Q1353735,16,0
Q135393692,1,1
Q135395147,1,3
Q1354262,23,0
Q135470900,3,5
Q1355516,19,0
Q1356056,18,0
Q1356138,28,4
Q1356297,36,0
Q135630,46,2
Q13564478,12,3
Q135651473,3,0
Q13576677,5,3
Q1357713,38,5
Q13582,71,0
Q1359125,19,5
Q135972309,2,0
Q1359892,22,3
Q1359908,23,3
Q1359941,20,4
Q1360011,17,1
Q1360027,18,1
Q136090574,19,1
Q1362125,18,3
Q1362629,35,3
Q1362638,27,4
Q136349142,1,0
Q1363780,20,4
Q13641055,11,5
Q1364393,11,4
Q1364394,26,4
Q13644977,3,3
Q13650874,6,3
Q1365153,23,1
Q136536203,39,1
Q1365606,17,0
Q1366453,30,3
Q1366462,31,4
Q136702872,1,0
Q136706279,1,2
Q136751933,1,0
Q136758468,21,0
Q13677,88,5
Q136788183,2,0
Q1367970,29,3
Q1368284,7,3
Q1368556,28,5
Q1368796,22,3
Q13689,32,5
Q1369054,12,4
Q1369097,21,3
Q1369225,16,3
Q1369495,25,5
Q13695,88,2
Q136975,22,3
Q1370811,15,2
Q1371375,15,3
Q13715708,1,0
Q13715726,1,0
Q13715780,1,1
Q13715812,1,1
Q13715861,1,1
Q13715977,1,0
Q13715990,1,0
Q13716050,1,0
Q13716234,1,1
Q13716293,1,0
Q13716314,1,0
Q13716337,1,0
Q13716650,2,0
Q13716681,1,1
Q13716708,1,0
Q13716770,1,0
Q13716919,1,0
Q13716948,1,0
Q13717045,1,0
Q13717123,1,0
Q13717266,1,0
Q1372014,18,5
Q1372129,22,1
Q1372287,11,3
Q1372543,18,2
Q137323701,3,1
Q137330357,2,0
Q137345885,3,2
Q1373549,21,3
Q1373728,22,2
Q1374399,14,2
Q137570783,3,5
Q1376196,17,1
Q1376459,13,4
Q137650832,4,0
Q1377256,25,0
Q1377634,28,4
Q1378533,15,4
Q138101,43,3
Q1381516,23,5
Q138324,10,1
Q1383747,9,1
Q1383752,10,4
Q1384735,22,0
Q1384780,11,2
Q1385231,15,1
Q138555,11,5
Q138578,74,4
Q13861080,15,1
Q1389520,20,5
Q13917,146,1
Q1393350,14,4
Q139501815,2,4
Q1395431,30,5
Q139575,5,2
Q139738,26,2
Q13974,95,4
Q1399481,13,1
Q1399558,13,0
Q139971,14,2
Q1400070,9,2
Q1401387,20,5
Q1402600,9,3
Q140315151,1,1
Q1403582,10,4
Q14040866,14,3
Q1404773,17,4
Q1404928,11,4
Q140697660,19,0
Q1408037,19,0
Q1408117,13,5
Q1409805,14,5
Q141062238,4,0
Q1412194,9,1
Q1412435,17,3
Q1413683,16,1
Q1413761,10,2
Q1414059,38,4
Q1414600,24,4
Q1416580,10,3
Q1416890,18,1
Q141690,10,5
Q1417597,23,3
Q1417841,9,2
Q1418042,16,4
Q1419018,10,4
Q1419663,11,1
Q1419675,26,5
Q1419691,26,5
Q1419892,19,5
Q1420043,12,3
Q1420103,32,4
Q14207799,9,5
Q1420782,14,2
Q1420866,15,3
Q1421270,9,4
Q1421994,35,1
Q1422000,24,4
Q1422396,20,1
Q14226100,16,3
Q1422777,23,0
Q1423180,10,1
Q1423431,20,3
Q1424077,23,1
Q1424353,23,0
Q1425790,21,4
Q142617,23,3
Q1426190,14,5
Q1427150,16,3
Q1427377,21,4
Q142740,17,3
Q1427832,15,3
Q14288,22,4
Q14289857,32,3
Q1429748,19,4
Q1430113,41,2
Q1431112,16,0
Q1432194,5,1
Q143265,15,4
Q1432822,27,3
Q1433264,12,2
Q1433544,27,4
Q1434400,9,2
Q1434936,10,1
Q1435468,16,3
Q1435551,19,4
Q1436185,27,2
Q1438470,11,4
Q1438579,10,3
Q1438659,8,3
Q1440151,20,3
Q1442165,8,3
Q144242,20,0
Q14437,22,2
Q14437811,7,2
Q1443908,16,0
Q144417,19,1
Q1446181,21,3
Q1446543,7,4
Q14477440,10,3
Q14489267,11,5
Q14504,23,3
Q1451811,23,4
Q1452315,28,1
Q1453111,20,0
Q1453649,7,3
Q1454303,14,1
Q1454776,37,5
Q14552147,4,0
Q1455447,29,4
Q1456206,10,2
Q1457322,24,1
Q1457764,8,1
Q1459037,27,1
Q145934,18,0
Q146138,56,3
Q14623011,17,4
Q14637505,3,2
Q1464499,21,4
Q1465709,20,0
Q14660880,5,1
Q1466131,15,0
Q146690,40,4
Q1467610,39,3
Q14682028,6,4
Q14682534,5,1
Q14683658,8,1
Q14684154,17,4
Q1470041,6,4
Q147009,21,2
Q1470276,25,4
Q1470414,18,4
Q1471225,10,4
Q14715618,6,2
Q1472511,25,1
Q1473674,18,5
Q1474299,16,2
Q1474656,20,4
Q147478,34,3
Q14751,47,0
Q1475262,12,2
Q1475527,16,1
Q1475961,21,0
Q1476505,22,3
Q14767,28,5
Q1477826,21,3
Q1478288,19,3
Q1478398,6,1
Q1478423,27,3
Q1478843,26,5
Q14790402,20,2
Q1479078,7,4
Q1479784,21,3
Q1483993,11,4
Q14856650,55,0
Q14862239,41,5
Q1490,301,2
Q1490933,14,4
Q14915993,15,5
Q1492,246,5
Q1492863,3,5
Q1494126,11,4
Q14948844,6,4
Q14948852,4,4
Q14948853,4,3
Q14948854,4,3
Q14948855,4,2
Q1495052,25,5
Q14956759,1,3
Q14957064,6,1
Q14957066,1,2
Q1496137,15,1
Q1496656,11,4
Q149836,41,4
Q1498881,23,0
Q150,351,0
Q1500067,7,4
Q150066,37,4
Q150120,48,3
Q15022,26,5
Q15041623,10,1
Q15042147,20,3
Q15042373,17,5
Q15043437,4,4
Q15043712,10,2
Q15043716,10,2
Q1505471,12,0
Q1506364,6,1
Q1507054,6,2
Q1507273,8,3
Q1507644,16,4
Q1507974,25,3
Q150981,62,0
Q151030,54,4
Q1511813,39,5
Q15121,70,0
Q15121515,13,2
Q15122172,5,2
Q151356,58,5
Q151423,60,0
Q15144,14,4
Q1514799,10,2
Q15166,15,5
Q15167,13,5
Q15168,13,5
Q1517478,15,4
Q15177600,12,5
Q151785,18,2
Q1517884,31,5
Q15181046,3,1
Q1518215,13,2
Q151897,75,5
Q151914,9,4
Q1519349,7,1
Q151952,72,1
Q151963,58,5
Q1519964,17,4
Q1520260,14,0
Q152071,10,3
Q152073,19,5
Q15207463,3,3
Q152087,81,4
Q15213896,3,4
Q15215081,67,1
Q15217115,1,1
Q15217611,22,5
Q152252,50,5
Q15227670,3,1
Q15228643,3,3
Q15228657,4,3
Q15229742,3,2
Q1523290,33,0
Q152341,26,3
Q1524,288,5
Q152413,45,4
Q15242073,3,3
Q15246,33,5
Q152467,57,4
Q1524795,7,2
Q15260223,6,3
Q15260958,4,3
Q15261119,7,3
Q15262098,23,4
Q15262151,7,3
Q15264266,21,3
Q15275136,22,3
Q15275733,5,1
Q15275798,14,4
Q152783,49,5
Q15278873,1,0
Q1528245,14,2
Q15293256,8,0
Q1529544,23,5
Q153072,19,5
Q153136,75,1
Q1531570,51,0
Q1531757,13,3
Q1532554,9,3
Q1533416,20,4
Q1534481,13,2
Q1534781,14,3
Q15348,40,1
Q1534879,10,3
Q153491,49,2
Q1535247,34,4
Q153529,60,0
Q1535378,12,4
Q1535460,8,2
Q153559,48,1
Q1535681,13,3
Q1536264,14,1
Q1536618,19,1
Q1537282,17,3
Q1537378,35,1
Q1537446,25,5
Q1537518,23,0
Q1537553,9,3
Q1538339,14,5
Q1538389,14,4
Q15385029,5,0
Q15385042,5,0
Q15385297,5,0
Q1538826,53,2
Q1538837,27,5
Q153951,43,5
Q153992,56,1
Q153998,39,0
Q1540177,15,3
Q1540301,7,3
Q1540683,23,3
Q1540709,7,4
Q1541450,20,4
Q154182,74,1
Q1542213,21,2
Q1542352,8,2
Q1542408,29,5
Q1543069,4,1
Q1543570,12,5
Q1544891,24,0
Q154494,47,0
Q154563,51,5
Q1545681,11,0
Q1546101,10,4
Q1546437,42,3
Q15470,90,2
Q15471,49,3
Q1547268,17,2
Q1547466,30,5
Q1547656,12,4
Q154828,52,5
Q1548664,21,5
Q1548898,8,4
Q1548951,22,1
Q1549270,18,5
Q154987,44,5
Q1550994,10,0
Q155103,39,0
Q155210,39,4
Q15550660,5,0
Q155643,26,5
Q15568,53,5
Q15573853,9,3
Q15581,40,0
Q1560540,25,5
Q1560877,14,5
Q15621,54,1
Q15628824,4,4
Q15641,47,3
Q15645880,5,1
Q15645981,5,0
Q15646379,5,0
Q15647113,5,0
Q15647536,5,0
Q15648788,5,2
Q15651159,4,3
Q156616,55,1
Q15663519,5,0
Q1566394,21,1
Q1567095,28,4
Q156716,34,4
Q156722,44,5
Q1567534,15,4
Q1567576,21,4
Q1567768,8,3
Q1567972,13,3
Q1568028,17,2
Q1568165,23,1
Q15681732,5,0
Q1568232,18,4
Q1568693,16,4
Q1568821,12,4
Q15689910,5,0
Q156908,38,0
Q1569421,20,5
Q15696466,5,0
Q15697032,5,0
Q157003,39,3
Q1570445,10,1
Q15707404,9,4
Q15707573,14,0
Q1570958,29,4
Q1571756,16,2
Q1572723,14,1
Q1572931,23,1
Q157298,61,5
Q1573003,23,0
Q1573137,14,4
Q157316,47,5
Q15733006,55,1
Q1573666,12,3
Q157367,42,0
Q1574043,5,4
Q1575432,7,1
Q1575603,24,0
Q157669,29,2
Q1576733,18,3
Q1576882,10,3
Q1577019,17,2
Q1577033,18,1
Q157754,30,0
Q1577742,15,4
Q157825,43,4
Q1579446,14,1
Q1579642,16,5
Q1580126,13,1
Q158058,38,1
Q1580885,19,2
Q158106,42,2
Q15811,13,5
Q15816551,6,2
Q15830964,13,2
Q15831678,18,0
Q1583368,8,3
Q158428,21,0
Q1584928,6,4
Q1585344,15,0
Q1585650,9,1
Q1586661,16,0
Q1586672,24,1
Q158689,37,1
Q1587288,16,2
Q1587840,10,4
Q1587858,9,5
Q1587879,13,3
Q1588813,6,1
Q158893,53,2
Q15890801,12,0
Q1589941,18,5
Q159070,36,4
Q15910615,7,5
Q15915267,2,5
Q15915368,2,5
Q15919795,3,4
Q15921267,3,3
Q1592420,6,4
Q1592523,22,2
Q1592883,15,3
Q15931237,2,1
Q15934393,2,4
Q1594001,4,1
Q1595391,8,2
Q1595395,10,1
Q15958582,11,3
Q15958739,21,4
Q15961642,8,3
Q15961925,13,1
Q159848,89,5
Q16002749,18,4
Q1601019,23,4
Q160112,80,5
Q160236,87,5
Q160272,31,5
Q1602873,14,3
Q160302,90,4
Q16034466,2,0
Q160409,87,5
Q16057101,1,0
Q16057349,2,0
Q16059622,45,1
Q16060299,8,1
Q160659,78,5
Q160700,42,5
Q1608760,15,4
Q160899,50,5
Q1609180,14,3
Q161156,29,0
Q161181,12,2
Q161222,38,1
Q16129931,5,0
Q161405,34,1
Q16153104,35,0
Q1616115,11,2
Q1616123,16,4
Q161741,64,0
Q1618787,16,2
Q161885,90,0
Q1619174,12,0
Q16207035,6,2
Q162111,38,4
Q1621514,13,3
Q16242883,6,2
Q1625053,13,3
Q1625364,19,5
Q16256099,6,5
Q1626609,10,2
Q162684,40,4
Q1626931,15,4
Q162722,26,5
Q1628075,18,2
Q162873,35,0
Q1629214,10,3
Q1629947,13,0
Q1630074,10,0
Q163012,46,3
Q1630982,9,0
Q1631359,15,4
Q1632007,10,3
Q1632035,10,3
Q1632115,14,3
Q163319,8,3
Q1633586,26,3
Q1633842,32,5
Q1635335,7,3
Q1635587,25,0
Q1635932,18,3
Q1636176,22,3
Q1636237,25,1
Q1636790,10,2
Q1636837,9,3
Q1636910,14,5
Q1637094,7,3
Q163761,15,4
Q1638031,15,0
Q1638625,13,3
Q163891,74,1
Q163948,54,2
Q163966,48,4
Q163995,76,4
Q164027,81,5
Q1640397,14,4
Q1640726,27,3
Q1640731,22,3
Q1640969,8,0
Q1641001,26,2
Q1641049,25,3
Q1641934,14,2
Q1643503,13,3
Q16466709,3,3
Q164679,71,1
Q1647895,16,3
Q16480212,2,4
Q16480224,3,3
Q16481383,6,3
Q1648312,12,3
Q16489119,3,0
Q16489564,6,3
Q16490390,1,5
Q16490676,2,3
Q16491684,4,2
Q16493417,5,2
Q16494119,4,1
Q16494156,7,2
Q1650230,26,3
Q16507537,1,2
Q16522996,12,2
Q1652985,12,0
Q165366,38,5
Q1653952,9,3
Q165631,40,3
Q165636,20,2
Q16565567,3,1
Q16569925,1,0
Q16576268,1,0
Q16578049,4,1
Q16578061,4,2
Q16578453,1,3
Q16578983,5,2
Q16585569,19,0
Q1658567,22,2
Q16589334,2,3
Q1659456,36,2
Q1659559,12,4
Q165980,88,4
Q1659995,15,3
Q1660063,29,0
Q16605297,1,2
Q16609767,3,2
Q16613397,2,3
Q16616280,3,3
Q16616350,3,3
Q16621061,3,3
Q16623003,3,3
Q16635575,1,3
Q16638102,3,2
Q16641790,3,2
Q1664711,15,1
Q1664751,15,2
Q1665019,19,3
Q1665209,6,1
Q1666342,11,1
Q166640,71,3
Q1667757,22,2
Q16685337,9,1
Q1669452,11,5
Q1669492,12,5
Q1669511,13,5
Q167067,27,3
Q1670994,30,3
Q16724433,15,4
Q167299,10,4
Q1673256,13,0
Q1673558,19,1
Q167360,35,0
Q16736136,4,1
Q1674820,7,5
Q1674847,8,3
Q167585,15,2
Q167619,17,3
Q1677202,8,1
Q167733,29,3
Q167863,36,4
Q167920,27,1
Q168001,26,5
Q16823226,5,2
Q16827225,5,1
Q16829292,8,4
Q16829863,7,1
Q1683229,18,1
Q1683522,19,5
Q16838705,6,5
Q16840770,31,1
Q1684276,15,1
Q1684512,7,4
Q1684536,9,1
Q168458,9,3
Q16846334,9,1
Q16847350,4,3
Q16849360,7,2
Q16850111,8,1
Q16852143,7,1
Q168545,31,0
Q1686544,30,1
Q16866139,1,1
Q1687025,18,2
Q1687545,10,0
Q168806,18,5
Q16887347,7,3
Q16888858,11,4
Q16889738,3,3
Q16890409,5,0
Q16892546,2,3
Q1689258,18,3
Q16895720,5,1
Q16898598,1,2
Q16899030,7,2
Q16899120,5,1
Q16899203,5,1
Q16899335,5,1
Q16900896,9,2
Q16900897,11,2
Q16901964,4,1
Q1690706,12,4
Q169090,12,5
Q169101,64,4
Q16911666,4,3
Q16911855,2,0
Q16924894,2,4
Q16927648,5,5
Q169293,53,3
Q16931419,5,0
Q16931856,9,5
Q1694207,13,4
Q16942531,27,1
Q16944333,3,3
Q16946970,6,0
Q169492,24,4
Q16950011,4,2
Q16955686,5,3
Q16957737,14,3
Q16966508,1,0
Q16966806,1,1
Q169701,7,0
Q1698446,14,3
Q16985296,17,0
Q169889,100,2
Q170027,87,2
Q17005917,5,4
Q170103,31,5
Q170109,35,3
Q17011318,8,1
Q170119,45,5
Q170123,35,3
Q1702106,20,3
Q17022034,2,2
Q17025263,4,2
Q17038372,2,2
Q170422,54,0
Q17043015,2,2
Q170441,7,0
Q17051553,15,1
Q17055892,4,4
Q17057162,4,4
Q17058434,3,2
Q17058941,4,3
Q170603,74,0
Q17074715,6,2
Q17077124,2,3
Q17079862,4,4
Q17080822,9,1
Q17083617,5,3
Q17083727,4,4
Q17085667,6,5
Q1708743,8,2
Q1708950,13,5
Q1709244,11,4
Q1709447,14,4
Q1710283,29,3
Q171240,72,3
Q171328,112,0
Q1713506,15,3
Q171390,40,1
Q171458,76,4
Q171498,24,0
Q171517,45,5
Q17153100,3,2
Q17154,30,5
Q17155,44,5
Q1716538,14,2
Q17165662,11,3
Q171689,53,2
Q171707,22,0
Q17195719,29,0
Q172,223,5
Q1721899,17,4
Q172190,70,3
Q1722117,18,0
Q1724971,16,2
Q172640,83,2
Q1726607,28,4
Q17266569,4,3
Q17266570,4,3
Q17266571,4,3
Q17266573,4,3
Q17266574,5,3
Q1728667,18,4
Q172892,24,1
Q172898,23,1
Q172927,31,0
Q172939,30,0
Q173039,23,1
Q173166,33,0
Q17333591,3,3
Q1734052,11,0
Q1734280,19,5
Q173457,65,1
Q173498,22,1
Q1736102,16,4
Q1738779,7,5
Q173882,74,5
Q173919,25,5
Q17394000,36,4
Q17395483,11,2
Q1740339,14,0
Q1740355,5,1
Q174062,24,1
Q1741,293,5
Q174193,80,0
Q17419943,9,1
Q1742174,8,5
Q174570,74,4
Q1748,246,5
Q1748556,16,0
Q17498760,2,2
Q17499275,3,5
Q175037,13,0
Q1750428,16,2
Q175055,32,4
Q17505730,7,0
Q1750652,14,4
Q17508776,1,2
Q17511186,14,4
Q17511538,10,2
Q175129,52,2
Q1752484,12,4
Q1752948,14,3
Q1753535,29,3
Q175358,28,0
Q17538813,31,1
Q1754,278,5
Q17541,35,5
Q175508,39,0
Q1755255,25,0
Q1755360,23,4
Q1756626,27,3
Q1756813,21,4
Q17568252,4,2
Q1757014,13,1
Q17570686,4,2
Q17570789,5,4
Q1757744,13,5
Q1758000,13,3
Q1758355,15,3
Q1758503,24,4
Q175863,8,1
Q1759707,14,1
Q1759799,8,3
Q175999,40,2
Q1760090,14,1
Q1760491,24,4
Q176251,37,4
Q17629734,4,1
Q17630330,4,3
Q17631827,4,3
Q1763370,25,3
Q1763376,24,4
Q17634322,3,2
Q17634865,4,3
Q17636129,1,2
Q1763694,24,3
Q176410,32,3
Q176495,34,1
Q1765001,31,0
Q1765582,29,3
Q1766008,17,5
Q1766348,25,3
Q17674329,13,0
Q176821,25,4
Q1769248,9,1
Q177008,15,4
Q177067,21,5
Q1771488,25,3
Q1771772,15,5
Q1773521,27,3
Q1773540,22,2
Q17747063,10,3
Q177550,17,3
Q1776168,19,4
Q1776735,15,0
Q17791424,4,1
Q1779602,14,4
Q178065,63,5
Q1781,259,5
Q178139,32,0
Q1781591,33,3
Q1782926,15,3
Q1783715,16,3
Q1783903,10,1
Q1785628,21,1
Q1786370,14,1
Q1786376,15,5
Q1786384,15,0
Q1786389,15,2
Q1786397,15,3
Q1786417,15,1
Q1786435,15,2
Q1786441,15,1
Q1787790,14,4
Q1788276,13,3
Q1788831,19,2
Q1789503,18,1
Q1789973,16,1
Q179027,26,4
Q1790750,30,0
Q1792159,15,1
Q179338,32,0
Q179351,92,2
Q1794858,24,4
Q1795153,12,3
Q1795450,13,4
Q1795689,11,0
Q1796144,17,1
Q179645,79,5
Q17985041,7,0
Q17985687,6,2
Q17985774,6,3
Q17985787,6,2
Q179861,9,1
Q17986375,6,2
Q17989657,13,0
Q17993729,20,0
Q1799636,18,4
Q1800033,6,2
Q180080,17,3
Q1801960,3,0
Q1802607,14,1
Q180294,73,5
Q1803007,9,2
Q1803672,27,4
Q1804771,15,2
Q1805874,13,3
Q180654,52,0
Q18068,78,5
Q1807096,14,5
Q1807521,20,4
Q180788,71,4
Q180865,82,5
Q180887,21,3
Q1808896,14,3
Q18102,56,3
Q1810737,8,3
Q1810832,18,0
Q18111940,2,3
Q18111943,2,1
Q181132,20,3
Q1811321,9,2
Q1811380,13,3
Q181146,31,1
Q1811748,15,4
Q1811770,14,4
Q1811786,12,3
Q1811811,13,4
Q1811832,15,5
Q1812569,13,4
Q1812621,10,2
Q18126224,4,2
Q181278,126,0
Q18128191,4,1
Q18128575,4,0
Q1813621,15,3
Q1813868,6,4
Q1814307,20,0
Q1814534,16,3
Q18150365,10,3
Q18150888,6,2
Q18151598,20,1
Q181523,13,5
Q1815235,14,3
Q1815575,13,4
Q181581,20,0
Q1816028,21,2
Q1816405,17,3
Q181649,15,5
Q18164965,3,3
Q18165801,6,2
Q18167806,6,2
Q18167812,6,3
Q18169481,12,2
Q1817021,14,1
Q1817058,15,1
Q1817090,14,2
Q1817103,10,4
Q1817188,18,4
Q181856,18,3
Q18191321,5,4
Q18191508,5,1
Q1819210,8,2
Q1819474,6,3
Q1819668,5,3
Q18199087,19,5
Q1820063,15,1
Q18201930,4,1
Q182080,20,0
Q18208614,21,1
Q1820897,20,4
Q18214101,2,2
Q182272,20,1
Q1823555,15,0
Q182379,18,1
Q1824069,15,3
Q182410,19,1
Q1826673,19,1
Q1826675,19,1
Q1826677,18,1
Q1826679,18,1
Q1826683,18,1
Q182737,14,1
Q18288155,51,0
Q1828988,8,3
Q183179,15,2
Q183213,81,1
Q1832307,14,3
Q1832732,27,1
Q1833555,14,3
Q1835176,9,5
Q183536,69,5
Q18359074,1,1
Q18359104,10,0
Q18393842,1,2
Q18394344,1,1
Q18396895,5,1
Q18398409,21,4
Q1840615,14,4
Q1841199,14,3
Q18415661,4,2
Q18418728,1,5
Q184374,8,3
Q18438915,6,0
Q184407,60,4
Q1846184,7,4
Q184619,55,2
Q1848303,9,3
Q1848345,14,3
Q1848374,13,4
Q1849031,16,5
Q1849858,36,5
Q18500330,21,0
Q1850417,16,3
Q1850543,37,0
Q1850958,14,1
Q1850965,14,3
Q1851912,19,5
Q185262,46,0
Q18536,60,5
Q1853707,19,3
Q1855438,15,4
Q1856083,12,5
Q1856380,20,0
Q185682,77,2
Q1857355,17,4
Q185741,52,5
Q18578018,5,2
Q1857828,12,1
Q1858,201,4
Q1859090,14,5
Q1859550,27,3
Q186115,65,5
Q18612409,6,1
Q186125,58,5
Q186173,20,3
Q186285,76,4
Q186309,69,4
Q18643986,3,3
Q1865371,9,4
Q1865480,86,3
Q186596,10,2
Q1866547,8,4
Q186984,5,1
Q187153,53,3
Q18718876,75,1
Q1877541,15,3
Q187840,62,5
Q187862,20,3
Q1878666,21,1
Q188002,22,1
Q1880894,16,0
Q1880954,16,2
Q18816,37,5
Q188190,66,5
Q188200,13,0
Q1883585,7,1
Q1884475,10,4
Q1884883,9,4
Q1885246,20,1
Q1886105,18,2
Q1886176,12,2
Q188712,97,0
Q188740,67,5
Q188771,60,2
Q1887879,26,3
Q188801,68,1
Q188856,60,5
Q1889010,13,3
Q188977,57,5
Q1889944,16,4
Q189022,65,4
Q1890230,15,1
Q1890537,15,5
Q189074,69,5
Q1891982,27,2
Q1893618,13,2
Q189503,62,5
Q1895953,38,3
Q18963386,4,4
Q189648,69,5
Q1898947,14,4
Q189960,64,5
Q190063,60,5
Q190088,70,3
Q1901870,18,5
Q19018824,2,2
Q19024,73,0
Q1902898,15,3
Q1905296,18,3
Q19060383,1,0
Q1907146,22,4
Q190804,70,5
Q19104,46,5
Q191066,52,0
Q191161,49,4
Q1912236,9,4
Q1913095,11,4
Q191415,72,3
Q191458,46,0
Q1914874,15,3
Q1915523,5,1
Q191583,62,3
Q19159390,3,1
Q1916402,33,0
Q191987,55,1
Q1920259,23,4
Q19207166,6,2
Q19208,27,3
Q1921454,7,3
Q192213,65,5
Q1923182,4,3
Q1923783,14,5
Q1924055,9,3
Q19260515,27,0
Q192680,45,4
Q192687,49,4
Q192807,77,5
Q192811,68,0
Q193093,68,3
Q1931371,7,4
Q193193,57,4
Q193196,69,4
Q1932118,16,3
Q1932222,9,2
Q193352,37,0
Q193370,70,3
Q193375,61,5
Q1933896,14,4
Q1934607,17,5
Q1934701,32,2
Q193478,58,3
Q193563,90,3
Q193582,61,2
Q1936132,9,2
Q193638,76,0
Q193639,52,5
Q193735,42,0
Q19381838,6,4
Q193819,68,4
Q19384094,11,2
Q193877,60,3
Q1939043,6,3
Q1939953,16,1
Q19409,27,0
Q194209,40,1
Q194420,50,4
Q19458383,2,2
Q1946061,12,4
Q194783,26,5
Q1947988,21,0
Q19483,66,1
Q1948938,15,5
Q1950363,12,3
Q195344,25,5
Q1953866,4,2
Q1954240,18,5
Q1954283,6,2
Q1954293,5,4
Q195436,36,3
Q1954384,17,3
Q1954395,9,3
Q195545,13,4
Q195668,37,3
Q19580291,7,4
Q19580569,4,5
Q19580828,4,5
Q19581000,4,4
Q19587431,6,2
Q1962448,9,3
Q1963278,12,4
Q1966699,15,4
Q19675,169,5
Q1967502,4,0
Q1967885,12,3
Q1968399,15,2
Q1968711,36,4
Q196970,21,3
Q1972207,29,2
Q197297,51,0
Q19746,21,2
Q1975038,9,0
Q1975540,32,1
Q197581,28,0
Q1975942,17,3
Q1977280,12,3
Q1977870,5,2
Q1979891,23,4
Q1982948,14,3
Q1983016,14,3
Q19840229,9,0
Q19849335,15,0
Q1988082,8,1
Q19880899,13,0
Q19891,46,1
Q19893931,9,4
Q19893933,3,4
Q19895556,7,1
Q1989758,14,4
Q1990172,28,2
Q1992413,24,4
Q1993298,13,1
Q1993476,48,0
Q1993587,11,3
Q19936583,28,0
Q19942087,8,3
Q1994806,19,4
Q1997098,14,4
Q1997239,26,3
Q199820,83,1
Q199821,74,0
Q2000502,11,4
Q2000528,27,2
Q2000553,21,0
Q2000929,24,3
Q200126,51,3
Q20014123,3,3
Q20014248,2,2
Q20017266,4,3
Q2001751,24,5
Q2001855,10,3
Q2001937,21,2
Q20021983,3,5
Q20021999,3,3
Q20022291,2,0
Q2002296,26,4
Q20027862,5,2
Q2003013,16,3
Q2003054,20,4
Q2004382,19,3
Q200464,90,0
Q2004752,14,3
Q20050750,6,1
Q20059161,10,3
Q200601,16,4
Q2006997,19,5
Q20075,88,0
Q2007919,24,3
Q2008448,23,1
Q200855,65,0
Q200959,50,5
Q2010247,21,4
Q201076,29,4
Q2012051,16,5
Q2013767,44,4
Q20138,17,4
Q2013874,23,5
Q2014072,10,2
Q201462,30,4
Q201469,60,4
Q2014690,14,3
Q2016175,14,4
Q2017682,23,2
Q20196262,26,4
Q201982,68,3
Q20203921,1,0
Q202059,54,1
Q202088,58,1
Q2021087,3,0
Q2021240,14,3
Q2021847,16,2
Q202206,50,5
Q202347,43,1
Q2023928,27,4
Q2024002,6,2
Q2024006,6,2
Q202487,57,4
Q202510,27,0
Q202530,20,2
Q202660,71,3
Q2027273,5,3
Q2027629,5,3
Q20278308,9,0
Q2028238,14,2
Q2030145,10,4
Q2030579,14,4
Q2030685,28,0
Q203245,55,0
Q2032637,18,4
Q203329,55,0
Q2033301,15,4
Q2033510,13,5
Q2034007,15,4
Q2034183,15,5
Q2034815,7,2
Q2035294,15,0
Q2035325,13,2
Q2035361,15,0
Q2035804,16,3
Q2036364,10,1
Q2036437,16,5
Q2036739,13,3
Q2037057,16,4
Q2037632,13,4
Q2037690,14,4
Q2037732,14,3
Q20379,36,1
Q2038079,15,4
Q2039347,11,3
Q203968,53,0
Q203983,55,0
Q204010,50,0
Q204083,8,4
Q2041028,15,4
Q2041945,7,3
Q2042382,8,2
Q204298,15,4
Q2043270,8,3
Q204361,27,4
Q2043643,9,2
Q20438955,9,0
Q2045115,20,5
Q2045972,18,3
Q204622,49,2
Q2046752,10,4
Q2047295,10,1
Q204763,14,3
Q2049367,11,4
Q20501898,6,2
Q205192,48,0
Q2051997,13,5
Q205309,45,1
Q205380,52,5
Q205386,38,0
Q2054135,15,3
Q2054359,16,3
Q2055072,14,5
Q205524,13,3
Q2055658,14,4
Q205632,69,2
Q2056503,14,3
Q2056515,15,3
Q2056525,13,3
Q205662,73,1
Q2056718,6,3
Q205679,58,2
Q2056839,14,4
Q2056869,13,3
Q2056874,14,4
Q2056886,13,4
Q205817,50,2
Q2059269,14,2
Q2060132,20,1
Q206101,38,5
Q206170,22,5
Q206171,56,5
Q2061784,12,1
Q2061878,7,4
Q206219,41,5
Q2062675,17,2
Q20645725,6,1
Q2065139,14,2
Q206518,16,4
Q2066219,17,5
Q20666670,5,2
Q2067115,20,0
Q2067174,16,3
Q20679735,6,3
Q2069593,12,0
Q2070445,21,3
Q2070605,31,1
Q20712582,5,2
Q207199,56,0
Q20725,24,5
Q2072583,16,3
Q207385,54,4
Q2074091,23,2
Q20747901,3,3
Q207576,48,1
Q2076109,20,2
Q207626,48,3
Q2076558,12,5
Q2076934,12,5
Q207699,43,1
Q2077489,9,2
Q207870,52,5
Q2079615,25,5
Q2080870,15,5
Q208152,54,2
Q2082605,15,4
Q20861677,26,5
Q208655,36,1
Q2087161,12,4
Q208725,64,5
Q208760,34,5
Q208811,47,4
Q208889,57,3
Q208943,58,3
Q2089512,7,3
Q209065,62,0
Q2090752,21,3
Q209086,55,3
Q2091071,10,3
Q209129,36,1
Q209147,37,0
Q2091778,17,1
Q2092734,12,4
Q209400,48,1
Q2094288,15,3
Q2094507,12,2
Q2094572,17,4
Q209549,57,2
Q2095524,16,2
Q2095595,7,2
Q209631,33,0
Q209651,38,3
Q209673,51,0
Q20968885,1,0
Q209714,45,5
Q20973196,4,4
Q209745,50,1
Q2097646,28,4
Q2098260,8,2
Q20982998,13,0
Q20983933,11,5
Q209842,86,1
Q20984267,2,2
Q20984277,5,2
Q20988625,5,1
Q209893,8,2
Q209937,54,5
Q20995355,6,4
Q21017126,6,4
Q21017127,5,4
Q21017200,2,3
Q21017374,1,1
Q21017377,1,0
Q21017378,1,0
Q21017508,2,1
Q21017523,2,5
Q21017586,1,3
Q21017597,1,0
Q21017630,2,2
Q21017631,1,1
Q21017632,1,0
Q21017633,1,2
Q21017720,1,2
Q21017723,1,1
Q21017724,2,2
Q21017915,1,1
Q21018146,1,2
Q21018351,1,2
Q21018408,2,1
Q21018414,2,1
Q21018491,4,3
Q210205,51,0
Q2102286,8,3
Q21036744,8,4
Q2103898,14,3
Q21044320,3,2
Q21044321,3,3
Q210509,23,0
Q2106082,5,1
Q2106205,14,5
Q2106479,15,4
Q2106561,13,5
Q2106571,11,5
Q210666,32,1
Q2106731,14,5
Q210720,52,2
Q21075078,4,2
Q21083961,22,5
Q210851,43,0
Q2108532,14,0
Q21089555,2,1
Q2109006,16,3
Q2110325,8,3
Q211034,43,3
Q211044,52,0
Q2110451,22,1
Q211053,44,5
Q211250,30,4
Q211262,26,4
Q211265,42,1
Q211270,42,0
Q2113185,7,2
Q2113456,10,4
Q211435,50,0
Q211604,46,5
Q211754,49,0
Q2117648,8,2
Q2118071,12,1
Q211818,61,5
Q211861,46,5
Q2118734,16,5
Q21190968,5,1
Q2119362,8,0
Q211942,53,1
Q21202207,5,2
Q212065,58,5
Q2121639,5,5
Q2122749,10,3
Q212459,26,4
Q212704,62,1
Q212713,63,2
Q2127269,16,3
Q212741,45,1
Q212793,56,3
Q212831,25,3
Q212867,55,5
Q212883,35,1
Q2130136,14,4
Q2131,67,1
Q213164,6,1
Q213203,23,3
Q213205,61,0
Q213322,61,5
Q213353,42,0
Q213380,47,4
Q2133945,14,3
Q2134722,6,0
Q213531,49,1
Q2136395,13,4
Q213988,44,4
Q2140013,15,3
Q214051,66,2
Q2142834,10,2
Q2143154,10,3
Q214341,65,1
Q2145005,10,2
Q214619,79,5
Q2146288,34,5
Q214654,58,5
Q2146949,9,3
Q21475086,10,4
Q214788,45,5
Q21479779,101,0
Q2148037,9,2
Q214820,46,4
Q214855,45,5
Q2151127,7,3
Q21515097,6,3
Q215175,53,1
Q215255,54,5
Q2152745,17,4
Q215337,32,0
Q215354,52,4
Q2154157,9,3
Q2156146,7,3
Q2156372,21,1
Q215646,52,1
Q215687,41,0
Q2157107,16,0
Q21572744,4,2
Q2157979,13,2
Q2158122,12,4
Q215934,42,1
Q215987,52,2
Q216185,45,4
Q2161858,9,2
Q21619023,2,0
Q21619229,2,0
Q21619260,4,3
Q216360,47,2
Q216393,47,1
Q216402,54,1
Q2164087,21,3
Q2164298,26,4
Q216458,41,2
Q21657003,2,1
Q216611,37,1
Q2166318,12,1
Q2166585,14,2
Q216865,39,5
Q216914,44,4
Q21706096,3,2
Q2170763,8,3
Q21707860,89,1
Q2170997,11,1
Q2171012,5,2
Q217196,46,0
Q217475,54,2
Q21748501,16,4
Q217652,45,5
Q217680,20,0
Q217717,59,5
Q2178686,16,5
Q217925,56,5
Q2180113,17,3
Q2180716,14,3
Q2181335,16,3
Q218305,39,4
Q218375,25,3
Q2184180,14,3
Q21849799,3,4
Q218613,34,4
Q2187049,11,3
Q2188138,12,4
Q2191110,10,3
Q2191491,11,2
Q21923384,7,0
Q2193218,16,4
Q219555,59,5
Q219564,58,3
Q219615,58,3
Q219694,56,4
Q21971419,6,4
Q219821,50,2
Q219867,47,5
Q219989,19,1
Q220013,24,4
Q2200260,8,3
Q220032,53,4
Q220057,22,5
Q220063,13,4
Q2200744,9,2
Q220144,42,3
Q220207,10,4
Q220274,12,3
Q2204137,14,1
Q220497,27,0
Q2206529,9,4
Q220728,50,5
Q22077087,8,2
Q2208305,15,5
Q22099734,5,4
Q22099751,5,4
Q22099757,5,5
Q22099766,4,4
Q22099796,5,3
Q22099806,5,4
Q22126974,15,0
Q22132004,8,2
Q221645,58,4
Q221812,19,4
Q221968,65,3
Q222149,32,4
Q222241,23,2
Q2223116,8,3
Q2223310,9,3
Q2226449,15,2
Q2227318,13,0
Q223140,56,2
Q2232240,19,0
Q22330084,4,4
Q223308,45,0
Q223369,23,0
Q2234073,12,0
Q2234321,9,3
Q2234574,19,5
Q224124,60,5
Q2244183,19,3
Q22469652,4,2
Q2248135,8,4
Q2251103,15,2
Q2252756,8,2
Q225451,55,3
Q2258090,10,1
Q2258101,13,4
Q2258112,11,4
Q2258125,12,0
Q2258138,11,0
Q2258319,10,5
Q2258690,11,4
Q2259340,11,4
Q2262481,12,3
Q2263744,18,2
Q2264716,12,2
Q2265075,7,2
Q22680377,8,2
Q2268271,17,3
Q22691478,9,2
Q2271776,18,4
Q2276130,17,0
Q2276983,11,3
Q2277684,13,5
Q2278514,13,2
Q22806981,4,3
Q2281517,21,5
Q228242,23,0
Q228445,25,2
Q228629,13,3
Q2288815,24,4
Q229022,48,4
Q2292422,16,4
Q2293331,18,3
Q2294287,6,0
Q2297137,8,3
Q2297982,25,3
Q2298625,14,2
Q2299624,19,1
Q2299911,19,1
Q230003,63,1
Q2300323,16,4
Q2300366,18,0
Q23009384,3,3
Q23009395,3,3
Q230127,55,2
Q2301274,14,5
Q23013676,1,1
Q2301380,16,5
Q2301391,17,5
Q2301532,13,4
Q23019045,5,1
Q2301945,15,1
Q23021783,1,0
Q23021786,2,0
Q2302468,7,3
Q2303621,6,3
Q2303685,15,5
Q2304343,7,1
Q2304457,8,4
Q23045179,28,0
Q2305499,9,4
Q2306046,8,1
Q23073954,2,4
Q23073956,2,2
Q2307544,19,1
Q23093,32,5
Q2309601,20,0
Q2309606,12,0
Q231168,12,0
Q23117,9,1
Q2313145,16,3
Q2313815,15,4
Q231645,62,5
Q2320157,4,3
Q232141,57,4
Q2321891,8,3
Q2323702,6,4
Q232388,38,0
Q2324015,14,5
Q23249,32,4
Q232624,51,2
Q232631,60,3
Q232635,52,3
Q232641,64,2
Q2326446,22,3
Q2327438,15,0
Q23306,94,0
Q2330791,17,2
Q23308,78,4
Q233098,33,4
Q23311,93,3
Q2331545,14,3
Q2331686,12,0
Q2332339,7,5
Q2332399,6,5
Q2333407,12,0
Q23354,44,5
Q2336156,9,3
Q2336229,10,5
Q2336775,12,3
Q233678,60,5
Q2336869,10,2
Q2336973,10,1
Q2338667,22,3
Q233903,58,3
Q233940,34,4
Q23402,122,5
Q234087,59,3
Q2341090,34,1
Q2341107,15,5
Q2341660,31,0
Q2341950,31,5
Q2342892,14,4
Q2343219,11,4
Q2343263,13,0
Q23436,192,5
Q234364,59,1
Q2344241,16,0
Q234728,59,3
Q235065,64,4
Q235130,56,2
Q235135,62,2
Q23541586,17,0
Q2355834,8,3
Q2356998,28,2
Q2358715,12,0
Q2358778,13,1
Q235884,54,5
Q2361620,12,5
Q2362714,13,5
Q2365550,10,5
Q236680,62,2
Q2367549,16,3
Q2369398,14,4
Q23717587,1,5
Q237189,48,1
Q23719916,2,5
Q2372311,10,0
Q23725927,1,2
Q23725928,1,1
Q23725929,1,4
Q23725930,1,2
Q23725932,1,5
Q23726605,1,2
Q23726609,1,1
Q2374234,6,2
Q2375435,22,5
Q2376672,10,4
Q2379199,17,0
Q23823831,1,2
Q2382515,17,2
Q2382535,11,0
Q2383284,13,4
Q2383315,17,4
Q2385069,16,3
Q238528,23,1
Q238587,47,3
Q2385925,28,0
Q238723,54,2
Q2387571,15,3
Q239143,68,5
Q2392329,21,1
Q23926706,3,3
Q2392844,24,5
Q2394278,11,4
Q23957600,3,4
Q239768,50,0
Q2398515,15,4
Q2398527,12,3
Q2398781,20,1
Q2402059,7,4
Q24035652,6,3
Q2404134,15,5
Q2404214,9,4
Q24052,7,3
Q2405583,10,2
Q240711,30,5
Q241021,66,3
Q2410932,29,1
Q2412345,16,4
Q241257,19,0
Q2413330,13,2
Q2413637,16,3
Q2414439,17,3
Q2415048,11,3
Q2415377,11,5
Q2415901,59,0
Q241648,12,2
Q241731,16,0
Q2418266,15,4
Q24192481,2,1
Q2420025,15,4
Q2420839,17,4
Q2421828,16,3
Q2422271,9,2
Q2424746,16,4
Q2426584,22,4
Q242741,50,5
Q242803,48,4
Q24283242,2,3
Q2428845,19,4
Q243,190,5
Q2430675,14,3
Q243652,54,0
Q243921,22,2
Q2439480,18,1
Q2441562,19,4
Q2442135,14,1
Q2442237,5,1
Q24437,19,5
Q2444359,8,4
Q244444,37,0
Q24454786,10,0
Q2446793,19,5
Q244730,59,1
Q2449141,14,5
Q244926,20,1
Q244952,54,4
Q2451409,8,1
Q245247,60,4
Q245347,51,5
Q24543,27,2
Q2454553,12,3
Q2454959,12,5
Q2454978,12,3
Q2455017,11,4
Q245546,55,0
Q24576,15,1
Q2457933,13,5
Q2458919,15,4
Q245966,27,3
Q2459840,10,3
Q246186,10,3
Q2462831,15,3
Q2463399,16,5
Q24639285,3,4
Q2464180,7,1
Q2464246,14,3
Q2464318,15,2
Q246448,34,5
Q2464739,14,3
Q246474,31,4
Q2465115,18,5
Q2465671,13,3
Q2465673,14,3
Q2465701,14,4
Q2465705,13,4
Q2465712,14,2
Q2465730,15,4
Q2465739,15,3
Q2465746,14,4
Q2465749,14,4
Q2465770,15,5
Q2465778,14,4
Q2465786,14,3
Q2465796,14,5
Q2466115,11,1
Q2466608,13,0
Q2466638,14,0
Q2466648,13,0
Q2466662,15,0
Q2466665,14,0
Q2466679,14,0
Q2466713,15,0
Q2466999,13,4
Q2468376,9,1
Q24718257,4,1
Q24718484,4,5
Q2472213,16,4
Q247254,10,3
Q247282,21,0
Q2473884,15,3
Q2473940,15,4
Q2474209,12,4
Q2474438,15,3
Q24748096,3,3
Q2475631,5,1
Q2476184,13,4
Q2477275,13,2
Q2477287,13,2
Q2477757,9,2
Q247782,22,1
Q2477829,1,0
Q2478732,6,0
Q2478845,12,1
Q2479001,15,3
Q2479349,15,2
Q2479455,14,4
Q2479465,14,2
Q2479769,16,3
Q2479784,15,4
Q2479844,16,4
Q2479913,14,3
Q248110,17,4
Q2481170,14,3
Q2481179,14,3
Q2481198,14,4
Q2481204,14,3
Q2481227,14,4
Q2481248,14,4
Q2481364,14,3
Q2482024,15,2
Q2482040,14,3
Q2482098,14,3
Q2482378,15,3
Q2482382,14,2
Q2482395,14,3
Q2482402,14,3
Q2482813,16,2
Q248284,10,5
Q2483089,6,2
Q24838358,2,0
Q24839662,5,5
Q2486332,9,5
Q2488464,36,0
Q24885196,15,4
Q24895746,2,4
Q248970,39,4
Q24906266,1,3
Q249139,14,4
Q2492041,8,1
Q2493917,10,0
Q2494319,16,1
Q24943459,1,2
Q24943494,3,1
Q24943497,3,1
Q24944262,1,2
Q24948218,2,4
Q249489,14,1
Q24949212,5,3
Q249498,24,2
Q24953917,1,2
Q2495711,5,3
Q24960188,1,1
Q24960211,3,2
Q2496369,5,1
Q2500125,17,4
Q2501185,14,4
Q2501413,24,4
Q2501691,14,3
Q2502213,18,5
Q2503261,13,2
Q2504164,20,4
Q250460,26,0
Q250492,11,0
Q2504988,16,2
Q250578,17,0
Q25059265,4,1
Q2506000,8,4
Q250675,21,0
Q2506949,11,0
Q250773,14,4
Q250935,28,2
Q251039,49,0
Q2512039,15,3
Q251343,6,4
Q251353,5,2
Q2514293,15,3
Q251522,8,3
Q2518305,9,3
Q2518479,16,3
Q2519356,16,0
Q2519375,13,5
Q252071,28,4
Q25212558,3,2
Q252160,9,2
Q252259,15,3
Q252312,21,2
Q2523443,15,5
Q2523452,16,5
Q2523469,15,4
Q252452,23,4
Q2524803,16,5
Q2524860,18,5
Q2524878,15,5
Q2525012,11,4
Q2525170,15,4
Q2527066,16,4
Q252731,34,3
Q2531086,8,0
Q253156,14,3
Q2531632,16,4
Q2532052,16,4
Q2533009,15,5
Q253439,29,2
Q2534589,11,2
Q25350037,4,4
Q2536272,18,3
Q253663,26,3
Q2536679,14,3
Q2536727,10,2
Q2536763,16,5
Q253721,61,3
Q2539788,16,1
Q254052,25,0
Q25413558,3,2
Q254156,42,1
Q25418011,2,2
Q2541914,8,4
Q2541953,8,5
Q254283,28,4
Q254425,15,4
Q2544592,11,0
Q254476,33,4
Q2545137,7,1
Q25454740,15,3
Q2546253,4,1
Q2547006,9,4
Q2547358,17,3
Q2547599,16,4
Q2547614,14,2
Q2547661,16,2
Q2547669,14,2
Q2547776,16,2
Q2548194,15,3
Q2548401,15,3
Q2548504,13,1
Q2548808,17,4
Q2549147,17,3
Q25491641,4,4
Q2549727,12,4
Q2550870,15,4
Q255147,32,0
Q255285,19,3
Q255381,75,1
Q2558164,17,0
Q2559684,10,0
Q256004,51,3
Q25610,42,3
Q2561450,14,3
Q2561516,14,3
Q2562401,11,5
Q2562959,12,4
Q2564220,6,4
Q25648,28,0
Q2566267,12,1
Q256778,37,0
Q2568412,19,3
Q2569363,11,3
Q2574469,16,3
Q2575658,8,3
Q2576140,11,1
Q2577683,14,1
Q257780,38,3
Q258348,38,5
Q2584356,11,3
Q2584919,7,3
Q25864,30,3
Q259120,41,3
Q259307,18,3
Q259339,11,2
Q259463,57,2
Q259553,20,3
Q2595661,5,4
Q2597530,17,3
Q2598541,11,3
Q2600143,5,4
Q2600811,9,1
Q2601324,8,3
Q2602281,12,0
Q260304,20,5
Q260528,45,2
Q2605415,19,2
Q2606185,13,3
Q260675,18,3
Q2607435,16,2
Q2608162,21,0
Q2608489,44,0
Q260870,44,1
Q261089,5,3
Q261233,17,3
Q2613705,8,4
Q2613795,9,1
Q2613998,11,3
Q2614287,19,4
Q2614296,10,3
Q2614377,9,3
Q2614510,18,3
Q2615369,19,2
Q261666,28,4
Q2617402,12,3
Q2617870,13,3
Q2618145,12,2
Q2620299,13,4
Q262041,36,3
Q2620565,11,1
Q26207846,5,3
Q26213817,3,5
Q26237483,3,3
Q2625639,8,0
Q2625747,15,3
Q26258687,1,2
Q26261988,4,3
Q26261989,4,3
Q26261990,4,5
Q2627082,23,0
Q2628254,9,2
Q2628455,16,2
Q26286807,32,0
Q2628742,23,0
Q2629065,20,3
Q2629503,17,2
Q2630441,8,4
Q2630496,16,4
Q2630757,11,2
Q2631268,27,2
Q2631701,28,3
Q2632101,15,3
Q2632500,14,4
Q26328,29,4
Q263289,10,3
Q2632900,15,5
Q2632912,16,5
Q263293,17,4
Q2633659,14,5
Q2633721,14,3
Q2633819,16,3
Q263403,35,0
Q2635030,15,3
Q2635058,15,3
Q2635089,12,2
Q2635957,14,3
Q2636927,5,3
Q2637357,15,5
Q263761,25,2
Q2637994,17,3
Q2638429,15,4
Q263924,15,2
Q2640532,11,5
Q2640900,13,3
Q2640991,13,1
Q264113,23,3
Q2641398,15,5
Q2643379,14,2
Q26448,30,5
Q2645332,9,3
Q264652,18,0
Q264752,35,5
Q2647730,14,2
Q2647967,9,0
Q2647973,12,4
Q2647997,11,0
Q2648016,11,3
Q2648349,9,2
Q2648670,12,2
Q265058,40,4
Q265071,34,5
Q265129,28,4
Q2651388,19,5
Q265197,19,0
Q265463,31,4
Q265655,30,3
Q2656757,16,4
Q2657037,13,3
Q2657040,15,5
Q2657073,16,5
Q2657591,17,3
Q2657972,18,5
Q2657981,12,2
Q265945,33,3
Q2660430,16,3
Q2660779,13,2
Q2661965,11,3
Q2663099,15,1
Q2663377,30,5
Q2664168,18,0
Q2667415,13,2
Q2669021,5,2
Q2669877,18,1
Q2670019,16,5
Q267015,12,3
Q2671238,13,2
Q2672672,16,4
Q267329,50,4
Q267349,10,2
Q26780883,1,0
Q26783790,1,0
Q26783792,2,0
Q26783800,1,0
Q267874,10,4
Q26791150,1,0
Q26791151,1,0
Q26791152,1,0
Q26791169,1,1
Q26791710,1,3
Q26793807,1,4
Q26793815,1,0
Q2679817,9,3
Q268001,37,3
Q268037,29,0
Q2681039,9,0
Q2681107,25,4
Q26844937,22,0
Q2686981,10,3
Q2689466,17,0
Q268970,49,0
Q2689975,11,1
Q2690025,11,2
Q269103,11,1
Q2692167,14,3
Q2692686,9,3
Q269273,30,5
Q2696095,13,3
Q269622,23,1
Q2696501,14,3
Q2696516,14,3
Q2696985,14,3
Q2700618,9,3
Q270066,46,3
Q270145,41,5
Q2701834,30,4
Q270230,55,4
Q270263,44,4
Q270272,49,2
Q270273,44,0
Q27031139,7,3
Q2704249,12,1
Q2704346,16,4
Q27051143,3,2
Q2705493,16,3
Q2705508,17,5
Q2707543,15,0
Q2708287,22,1
Q270920,40,2
Q27101818,13,1
Q2711177,13,2
Q271195,56,1
Q2711992,14,3
Q2712478,13,3
Q2713101,10,0
Q2714676,10,2
Q2714946,17,3
Q271639,47,4
Q2717793,11,3
Q2718553,12,4
Q2718912,8,3
Q2719931,14,4
Q2719965,13,3
Q2720055,14,3
Q2720582,23,1
Q272162,51,2
Q2721827,5,2
Q272208,47,3
Q2722311,4,0
Q2723096,6,3
Q2723139,14,5
Q2723163,13,3
Q2723628,11,3
Q2723643,13,3
Q2723652,11,1
Q2723971,14,4
Q2724317,24,2
Q272434,46,5
Q272781,53,5
Q272926,49,0
Q2729745,16,4
Q273095,50,0
Q273138,45,0
Q27325,26,0
Q2734905,18,5
Q273518,42,2
Q273548,17,2
Q273570,44,1
Q2735712,27,5
Q273593,42,2
Q2736048,16,4
Q273631,49,1
Q273638,47,3
Q2736564,17,4
Q2736585,16,0
Q27396,35,1
Q2742296,27,5
Q2743773,12,2
Q2743819,23,5
Q2744014,18,5
Q2744158,8,4
Q274486,55,5
Q2744878,10,3
Q2745620,9,2
Q2745820,6,2
Q2746031,18,5
Q2746079,8,2
Q274916,26,3
Q2749189,7,3
Q275118,56,2
Q27522479,11,3
Q27532612,1,0
Q27534342,7,3
Q275433,15,3
Q275436,11,5
Q275541,10,3
Q275715,41,4
Q27576664,2,1
Q27617,55,0
Q2768808,14,0
Q27689,36,0
Q277162,37,4
Q277208,15,5
Q277316,28,4
Q2776314,9,3
Q2776516,11,3
Q2776706,5,3
Q2776743,10,3
Q277681,20,3
Q2777275,5,2
Q2777295,10,3
Q2777391,5,3
Q2777516,5,2
Q277763,31,1
Q2777744,6,3
Q2778012,6,2
Q2778028,5,2
Q2779414,8,2
Q278044,22,4
Q2782342,15,4
Q2783102,34,0
Q27842,18,1
Q27877305,3,3
Q2788553,8,3
Q2790093,7,3
Q2790568,14,3
Q27910019,2,5
Q27910021,3,5
Q279245,22,0
Q27925183,6,1
Q279260,25,5
Q27956034,34,1
Q28036573,54,1
Q280413,41,1
Q28059934,5,2
Q2806733,5,1
Q28068157,21,3
Q2807,305,5
Q281409,15,1
Q281465,31,4
Q281527,15,5
Q28153973,20,0
Q28153981,14,0
Q281572,11,2
Q2816211,8,1
Q28163126,10,5
Q28163699,6,1
Q2816441,7,2
Q281703,9,5
Q28172084,10,2
Q2817231,4,4
Q28172665,4,4
Q28173,13,3
Q2817725,6,1
Q28179435,3,1
Q282027,15,5
Q2822225,11,2
Q2822273,3,2
Q282496,40,0
Q2829376,1,4
Q283196,39,5
Q2832241,20,1
Q283454,23,1
Q283627,40,0
Q2837042,6,3
Q2838342,11,5
Q2838923,8,4
Q2841,279,5
Q2841226,5,4
Q28412421,4,5
Q28412425,3,4
Q28412428,3,5
Q28412432,4,4
Q28412665,2,3
Q28412666,4,3
Q28412667,4,3
Q28415014,4,4
Q28415015,4,3
Q28428088,15,0
Q284541,26,3
Q284642,21,4
Q28465243,13,1
Q284914,16,3
Q28501168,3,3
Q28513,147,0
Q285382,12,2
Q2854887,12,4
Q285658,53,0
Q285913,15,5
Q2859185,9,5
Q2859317,9,3
Q2859883,15,3
Q2860135,7,1
Q2860532,7,2
Q2860549,4,2
Q2860552,8,2
Q286096,18,1
Q286179,11,4
Q2868,219,5
Q28680614,18,3
Q2870000,5,0
Q287165,33,5
Q2872376,11,2
Q287359,39,4
Q287404,10,1
Q2876448,13,3
Q2876854,14,3
Q287686,13,0
Q287801,22,0
Q28785,59,5
Q2879779,13,4
Q2881158,7,0
Q288130,19,3
Q28820232,35,0
Q2882456,10,2
Q2882599,7,3
Q28831571,4,2
Q2883431,8,3
Q2883711,3,3
Q2883718,7,5
Q2885482,6,2
Q2886528,7,1
Q2886844,10,3
Q2887,273,5
Q28873239,12,4
Q288781,44,5
Q2888216,7,1
Q2889387,22,5
Q2889910,15,5
Q2889987,10,4
Q2890127,17,3
Q2890881,8,0
Q2891017,9,4
Q2891719,7,1
Q2891888,9,4
Q28919052,21,0
Q28924,46,4
Q289280,9,5
Q2893699,6,1
Q2893965,5,1
Q2894053,6,2
Q2894158,3,3
Q2894181,12,2
Q2897264,8,3
Q2897303,6,3
Q2897514,5,2
Q2897639,4,3
Q2897763,7,2
Q2897971,4,3
Q2898398,6,3
Q2898907,15,4
Q2899847,8,4
Q2899919,9,3
Q2899925,5,3
Q2900072,5,4
Q29001838,44,0
Q2900205,7,3
Q2900977,12,4
Q2901181,10,2
Q2901319,6,4
Q2901472,15,4
Q2901485,25,4
Q2901492,15,4
Q2901516,10,1
Q2901530,6,4
Q2902237,6,0
Q2902481,6,2
Q2902786,7,3
Q2903174,7,0
Q2903300,4,2
Q2904018,6,3
Q2904108,10,4
Q2904118,7,3
Q2904163,6,3
Q2904259,7,2
Q2904388,9,3
Q29044424,10,3
Q2904462,5,2
Q2905581,9,3
Q2905705,8,4
Q2906069,9,1
Q2906317,4,3
Q29063392,29,0
Q2906653,4,2
Q2906663,7,2
Q2907012,4,4
Q2908308,6,4
Q2908334,14,3
Q2908716,6,0
Q2908725,11,1
Q2908788,6,4
Q2908851,6,3
Q2908869,4,3
Q2909164,4,3
Q2909214,9,3
Q2909436,5,2
Q2909787,4,2
Q2909981,9,1
Q291031,31,1
Q2910312,12,2
Q2910753,9,5
Q2910987,12,4
Q2911068,6,4
Q2911475,11,5
Q2911501,8,4
Q2913313,6,4
Q2913373,6,3
Q291432,10,1
Q2914593,24,3
Q2915104,22,5
Q2915137,19,4
Q2915268,9,1
Q2915521,12,5
Q2915693,10,4
Q2915697,14,5
Q29157,23,4
Q2915772,13,4
Q2915920,12,4
Q2916014,13,1
Q2916134,14,3
Q2916149,21,5
Q2916386,13,2
Q2916426,7,3
Q2916463,7,2
Q2916686,16,5
Q2916896,8,4
Q2917041,16,3
Q291740,12,0
Q2917796,14,0
Q2918448,9,1
Q2918611,18,5
Q2918614,18,5
Q2918620,10,2
Q2918627,9,4
Q2919251,6,3
Q2919262,5,2
Q2919269,5,3
Q2919369,7,3
Q2919379,15,5
Q2919536,5,3
Q2919565,5,4
Q2919602,8,3
Q2919760,6,4
Q2919762,11,2
Q2919884,13,3
Q2920006,7,3
Q2920272,7,4
Q2920354,12,3
Q2920379,11,3
Q2920393,10,0
Q2920516,9,2
Q2920688,14,4
Q2920811,8,4
Q29213121,45,0
Q2927205,9,3
Q2928830,13,2
Q292927,41,4
Q29293,57,2
Q293541,6,2
Q2936246,7,3
Q2937493,13,4
Q2940775,15,5
Q2941518,8,4
Q2942226,7,1
Q2942399,12,4
Q2942473,12,4
Q2942872,20,5
Q2942887,13,3
Q294469,16,1
Q2944796,11,5
Q294510,15,0
Q29454325,3,2
Q2945513,9,3
Q2946170,6,2
Q295844,37,5
Q2963746,9,5
Q2965849,6,3
Q29675,16,4
Q29712,4,3
Q2972505,9,3
Q29731,17,2
Q2973211,13,1
Q2976206,14,2
Q2976487,12,3
Q297962,12,4
Q2979657,10,3
Q2979703,13,0
Q2981,125,5
Q2981913,14,4
Q2982559,14,2
Q2982867,15,3
Q298289,21,3
Q2982979,6,4
Q2983172,11,5
Q2983384,16,4
Q2984693,17,3
Q2984834,12,4
Q2984861,11,4
Q298489,16,4
Q2984896,12,4
Q2984911,12,1
Q298499,15,5
Q2985076,17,5
Q2985087,11,2
Q2985111,8,3
Q298585,28,5
Q2986431,6,1
Q298702,22,1
Q299015,34,2
Q2991098,19,4
Q2991167,1,2
Q2991448,22,1
Q299163,29,1
Q2992118,16,0
Q2993428,13,3
Q299685,27,0
Q299745,27,1
Q299973,46,5
Q299975,16,4
Q299980,15,4
Q29999,107,0
Q300007,27,2
Q30002,133,1
Q3001103,12,4
Q300254,20,2
Q300275,16,3
Q3003753,11,2
Q30042153,3,3
Q3007171,6,1
Q3007607,10,3
Q3007905,10,4
Q30081497,1,2
Q30091,17,1
Q30096,49,5
Q3010006,7,5
Q301135,25,4
Q301148,23,0
Q30116961,6,3
Q30119692,49,1
Q3013471,7,4
Q301411,32,3
Q3015011,5,0
Q3018576,11,3
Q301937,17,4
Q3021798,6,5
Q3022918,11,1
Q3023443,6,4
Q3023933,4,4
Q3023944,11,5
Q3024268,8,0
Q30253209,2,0
Q30259621,2,3
Q30260781,2,5
Q3026094,5,3
Q30261321,2,4
Q30261715,0,1
Q30261984,0,0
Q30262751,1,2
Q30262950,2,2
Q30274958,42,0
Q30279844,5,3
Q30280028,3,2
Q30281418,0,3
Q30282179,4,2
Q30287574,2,1
Q30294334,0,2
Q30297105,1,2
Q30297349,1,2
Q3029749,7,0
Q30308677,3,3
Q303139,31,4
Q3031413,21,1
Q3031641,3,0
Q3031817,5,1
Q3032842,10,4
Q3034196,11,4
Q3034255,10,4
Q3034315,10,3
Q303507,24,1
Q3037252,6,2
Q3038298,10,3
Q3038463,8,1
Q304037,43,4
Q3042433,19,1
Q3043091,10,5
Q304362,14,4
Q3044383,10,0
Q30447692,20,1
Q3045309,14,5
Q3045356,14,0
Q3046409,47,4
Q3047581,6,4
Q3047595,8,2
Q3047596,8,5
Q3048023,21,5
Q3048712,10,4
Q304985,31,3
Q3052060,7,2
Q3052104,7,3
Q3052794,14,3
Q3053911,5,3
Q3054444,5,1
Q3056626,9,2
Q3058826,7,3
Q3059094,10,0
Q3061837,8,5
Q3061930,6,3
Q3062224,3,2
Q3062233,4,1
Q30622411,3,4
Q3062242,2,2
Q3062247,6,1
Q3062474,6,2
Q3062480,5,2
Q3062487,3,1
Q3062492,6,3
Q3063498,7,4
Q3064279,17,4
Q3064844,10,4
Q3064901,8,4
Q3065012,5,2
Q306535,42,0
Q3066528,6,3
Q3066554,6,5
Q30689530,5,2
Q30694440,4,2
Q3070717,19,1
Q3071851,10,2
Q30727522,8,5
Q3072878,8,2
Q30748411,35,0
Q3075039,10,3
Q3075489,37,3
Q3075696,10,4
Q3076002,8,2
Q3076099,5,2
Q3076107,9,2
Q3077158,6,3
Q3077160,6,3
Q3078009,7,1
Q3078303,12,3
Q3078508,11,1
Q3079780,14,5
Q3081395,5,3
Q3082361,10,4
Q3082575,16,4
Q3082673,10,1
Q308279,8,4
Q3082875,14,4
Q3082977,7,4
Q3083143,11,0
Q308345,18,4
Q308714,46,0
Q308720,43,5
Q3087840,13,0
Q3088670,9,5
Q308874,34,2
Q308891,40,0
Q3089054,10,3
Q308928,39,4
Q3090480,16,5
Q30904984,4,1
Q3090631,16,3
Q30920268,2,1
Q30923306,3,2
Q3092987,14,4
Q309388,55,5
Q309458,51,5
Q3097145,10,3
Q30999,9,3
Q3104294,7,3
Q3106882,16,3
Q3109253,12,2
Q311,71,4
Q3111454,32,0
Q3113484,14,2
Q3115421,5,3
Q3115759,19,3
Q3116137,4,3
Q3120143,8,4
Q3120654,41,0
Q3120855,17,5
Q3121408,9,4
Q3122412,8,5
Q3124270,10,5
Q312436,12,5
Q312485,31,1
Q3125013,8,5
Q312576,37,4
Q3126884,1,0
Q3128016,10,2
Q3128858,6,4
Q313186,30,4
Q313189,38,4
Q3133228,8,5
Q313422,43,0
Q3136592,20,0
Q3136772,16,3
Q313746,27,4
Q3138439,10,0
Q3140964,6,4
Q3142437,13,2
Q3145237,6,1
Q3146786,7,5
Q31509,6,3
Q3151381,7,2
Q3151868,4,1
Q3152162,5,3
Q3152226,8,3
Q3152313,5,2
Q3153055,5,3
Q315644,26,4
Q315694,28,3
Q31573738,5,1
Q315883,8,1
Q3162287,3,3
Q31670,37,3
Q316893,24,5
Q317027,28,3
Q317034,46,5
Q317056,31,4
Q317091,37,3
Q317094,25,3
Q3172573,6,5
Q317364,25,2
Q31752,19,3
Q317701,14,3
Q3177231,9,3
Q3178446,10,3
Q3178783,16,0
Q3179287,10,5
Q318043,44,2
Q3181026,14,2
Q318115,29,3
Q3181502,6,2
Q318194,31,1
Q3186873,8,3
Q31892412,10,0
Q319233,41,0
Q319239,52,4
Q3192986,32,1
Q3194232,16,5
Q3194854,15,3
Q3195260,8,4
Q31965926,13,0
Q320459,20,3
Q3207485,12,5
Q3210038,9,4
Q3210501,10,5
Q321621,44,5
Q3232931,15,2
Q3234430,16,5
Q3234439,20,5
Q3234475,17,5
Q3234658,16,5
Q3234973,14,3
Q3236019,16,1
Q3236763,23,5
Q3236813,9,5
Q323767,48,5
Q3238227,7,2
Q3242297,28,2
Q3244528,11,3
Q3249777,15,5
Q3250480,7,2
Q3250992,16,1
Q3257879,4,1
Q326220,26,1
Q326528,36,5
Q32653910,26,4
Q32659772,27,3
Q32660126,23,2
Q3267873,9,4
Q3267888,12,3
Q3268183,12,5
Q3268537,16,5
Q3268981,3,2
Q3269665,9,2
Q3269725,13,3
Q3270129,15,5
Q3270367,10,3
Q3270373,19,3
Q3270707,10,4
Q3271716,20,1
Q3272113,15,5
Q3272258,15,5
Q3272270,14,3
Q3272290,14,4
Q3272318,14,5
Q3272333,15,4
Q3272337,14,4
Q3272345,14,4
Q3272355,16,5
Q3272360,14,4
Q3272369,14,4
Q3272800,8,1
Q3273362,10,2
Q3276565,8,5
Q3277165,14,1
Q3277167,10,0
Q327940,43,4
Q3279784,9,3
Q3279792,3,3
Q328015,62,3
Q328121,42,1
Q32822,6,4
Q3284177,24,0
Q3284547,20,1
Q328505,42,3
Q328672,35,3
Q3287760,7,3
Q3288223,15,3
Q3288549,8,1
Q3289837,8,5
Q3289863,9,4
Q32926,49,5
Q3294506,8,5
Q329464,42,1
Q3294832,5,5
Q3295046,7,4
Q3296100,8,4
Q329618,61,0
Q3296615,7,2
Q3297341,6,1
Q32979361,45,3
Q329852,53,5
Q3299279,10,1
Q3299452,23,3
Q329948,51,4
Q330026,22,0
Q33003,53,5
Q330033,34,4
Q3301776,7,4
Q3302708,10,4
Q330362,54,0
Q3303729,12,4
Q330375,39,4
Q3303790,13,3
Q3304620,7,3
Q3305530,13,3
Q330564,47,3
Q3306197,13,1
Q3306386,6,1
Q3306889,18,1
Q3306947,14,3
Q330735,33,0
Q3307633,8,0
Q33121951,1,2
Q3312459,12,3
Q3312712,11,4
Q331355,13,2
Q3315247,6,2
Q3315383,4,2
Q331613,43,4
Q3317050,17,4
Q3317707,9,3
Q3319986,9,4
Q3320442,18,5
Q3321632,16,3
Q3321801,9,3
Q3321959,12,1
Q3322124,8,2
Q3322721,6,4
Q3324268,4,4
Q332474,47,5
Q3324857,11,3
Q332560,14,1
Q3329095,5,2
Q3329100,14,5
Q3329122,11,3
Q3329291,7,2
Q3329577,6,4
Q3329633,1,3
Q3329655,6,2
Q3329876,14,4
Q3329934,1,2
Q3330306,2,1
Q3330551,7,3
Q3330582,2,2
Q333101,45,4
Q3331013,6,1
Q333305,26,2
Q3333190,5,5
Q3339834,7,2
Q334,333,2
Q334029,38,1
Q334186,38,5
Q3342640,7,3
Q3343204,7,3
Q3344913,8,1
Q3345408,8,0
Q3345459,20,0
Q3346421,10,0
Q334714,45,1
Q3347181,14,3
Q3347879,2,4
Q3347903,31,0
Q3348350,7,0
Q3348434,12,3
Q3350154,31,0
Q3351467,6,5
Q3351817,8,4
Q3351820,18,0
Q3352530,9,1
Q3352644,11,2
Q335277,45,5
Q3352829,13,2
Q3354065,9,3
Q3355305,17,5
Q335612,14,3
Q335677,14,3
Q3356870,7,3
Q3356873,7,3
Q3356881,7,3
Q3356897,7,3
Q3356901,7,3
Q3356904,7,3
Q3356912,8,3
Q3356920,7,4
Q3356924,7,3
Q3356929,7,3
Q3356938,7,3
Q3356943,7,3
Q3356947,9,5
Q3356960,8,3
Q3356965,7,3
Q3356972,7,3
Q3356980,7,4
Q3356984,8,3
Q3356995,7,3
Q3357000,7,3
Q3357008,8,4
Q3357017,8,3
Q3357024,7,3
Q3357029,7,3
Q3357035,7,5
Q3357042,7,4
Q3357360,14,4
Q335827,37,1
Q3358350,6,4
Q335891,14,5
Q335894,22,4
Q3359393,8,2
Q3360886,5,3
Q3361008,7,5
Q3362299,8,1
Q336241,39,0
Q336246,40,5
Q336327,2,1
Q3363897,8,4
Q3364809,9,4
Q336488,53,0
Q3364889,9,3
Q3365482,7,4
Q3366223,9,4
Q3366731,7,4
Q3367868,38,3
Q3369762,8,1
Q337267,14,2
Q33729,18,1
Q3373691,16,0
Q337480,38,1
Q337522,16,4
Q337531,40,2
Q3375717,9,4
Q3375964,8,3
Q3375972,8,2
Q3376646,7,3
Q3376660,7,4
Q3376971,5,4
Q3377006,7,3
Q3377015,7,4
Q3378304,5,2
Q3378353,8,1
Q3378551,9,2
Q3379327,4,5
Q3379336,4,5
Q338137,34,4
Q338472,23,3
Q338665,42,5
Q338861,13,4
Q3389927,13,3
Q3390457,5,5
Q339055,15,4
Q339152,42,0
Q3391585,9,1
Q339297,39,1
Q33935,191,5
Q339420,12,3
Q3394637,12,2
Q3394698,5,2
Q3396527,8,3
Q3398575,8,1
Q3398897,10,1
Q3399361,14,4
Q340013,35,2
Q3402106,7,2
Q3407649,21,5
Q3408334,3,0
Q3408888,10,3
Q3410623,17,1
Q3412514,18,3
Q3414031,6,4
Q3417185,9,2
Q342451,35,3
Q3424549,8,4
Q3428442,10,3
Q3428616,9,4
Q3429486,7,2
Q3429492,8,4
Q3430327,8,1
Q3431067,7,3
Q3431073,7,4
Q3431087,9,3
Q3431125,7,3
Q3431142,7,4
Q3431282,10,0
Q3431323,8,3
Q3432326,9,3
Q3432545,8,2
Q3432994,8,2
Q3433389,12,4
Q3436369,8,3
Q3437098,8,2
Q3439887,12,2
Q3441954,8,3
Q3444680,7,2
Q344481,26,3
Q3445703,5,2
Q34501315,1,3
Q3454149,14,4
Q34562284,5,4
Q3456566,4,2
Q34567067,3,3
Q3460075,8,0
Q3466525,16,4
Q347125,35,0
Q3471438,5,4
Q3471445,6,2
Q347791,11,3
Q347796,11,4
Q3478361,9,0
Q347988,13,4
Q347996,15,3
Q3481830,5,2
Q3483303,7,1
Q3486922,6,2
Q34877818,1,2
Q34905382,1,3
Q3492264,5,2
Q3493067,9,4
Q3493608,6,1
Q3495353,7,3
Q3495438,14,2
Q3495581,9,4
Q3495868,7,1
Q3496072,1,0
Q3496201,8,3
Q3496736,5,1
Q3497036,9,5
Q349875,12,0
Q3498789,6,1
Q3498798,5,5
Q3498806,9,2
Q3499076,7,1
Q3499097,7,1
Q3499490,10,2
Q3501058,7,3
Q3501475,16,4
Q3503129,6,0
Q3504674,15,2
Q3504718,11,4
Q3507999,5,1
Q3508008,10,3
Q3508047,10,2
Q3511631,17,5
Q3514747,4,1
Q3519967,8,1
Q3520319,7,0
Q3520892,15,5
Q3521274,14,2
Q3521325,12,4
Q3521474,14,3
Q3521656,6,3
Q3521690,7,3
Q35224,144,0
Q3524122,11,3
Q3524382,10,4
Q3524567,9,4
Q3524618,11,3
Q3527553,6,3
Q3530387,8,1
Q3531685,7,2
Q3531692,8,2
Q3531700,8,4
Q3531770,10,3
Q35326192,1,2
Q3533196,5,2
Q3535259,9,3
Q3536077,12,4
Q3536328,15,4
Q3537117,8,4
Q3537427,7,3
Q3537438,8,2
Q3539511,6,4
Q3539796,12,5
Q3545653,8,1
Q3546888,15,3
Q3551335,6,4
Q3551375,24,2
Q3551675,6,3
Q3551685,6,3
Q3554425,7,3
Q355486,14,1
Q3554861,12,3
Q3556461,11,4
Q3557159,11,1
Q3560693,17,5
Q3562475,7,3
Q3562508,7,5
Q3562954,6,2
Q3564675,6,1
Q3566055,9,3
Q3566668,17,3
Q3569732,9,4
Q3569760,7,3
Q3569782,11,1
Q3571337,20,4
Q3574792,8,3
Q3577853,15,2
Q3578116,3,1
Q3578437,3,2
Q3578449,32,1
Q3580820,13,4
Q3583510,8,2
Q3585929,8,3
Q358834,35,1
Q3590079,18,3
Q3591854,7,0
Q359256,32,3
Q3592743,18,0
Q35934,157,0
Q3595320,13,4
Q3595637,17,5
Q3595640,9,3
Q3595641,8,5
Q3595808,15,1
Q3595827,10,1
Q360572,12,2
Q36126598,3,2
Q3612848,5,3
Q36176312,2,3
Q3621720,18,0
Q3621901,8,2
Q3624335,42,0
Q3624755,5,3
Q3625456,12,0
Q3628284,9,0
Q3628287,9,0
Q3628288,8,0
Q3628290,10,0
Q3628294,8,0
Q3628298,8,0
Q3628302,9,0
Q3628304,8,0
Q3628306,8,0
Q3628309,8,0
Q3628312,9,0
Q3630462,15,4
Q3630533,6,2
Q3630755,8,3
Q3630951,4,4
Q3632268,16,5
Q3632416,6,4
Q3632559,16,5
Q3633096,5,3
Q3633132,11,4
Q3633322,7,3
Q3633944,4,0
Q3634413,10,5
Q3634456,5,5
Q3634490,6,4
Q3634629,10,1
Q3635051,8,4
Q3635068,10,4
Q3635137,7,4
Q3635986,7,3
Q363830,27,4
Q3639727,10,2
Q3640108,5,2
Q3640796,4,3
Q3640797,5,2
Q3643567,7,3
Q3645376,6,3
Q3645406,5,3
Q3646335,17,3
Q3647287,4,2
Q3647931,7,4
Q3649077,10,1
Q3654082,12,0
Q3654083,12,0
Q3654706,15,4
Q3654763,10,2
Q3655075,7,1
Q3659885,3,2
Q3660983,6,4
Q3661126,4,4
Q3667528,10,3
Q367123,31,0
Q3672576,6,4
Q367395,42,5
Q367402,21,5
Q367503,9,4
Q3675991,7,4
Q3676061,14,4
Q36833,40,5
Q368537,24,2
Q368655,14,1
Q368875,8,3
Q3695713,7,1
Q3700280,12,5
Q370030,32,1
Q37033,70,1
Q370706,30,0
Q3708916,15,1
Q371138,16,3
Q371585,20,3
Q3715916,7,3
Q371908,47,5
Q3719374,7,1
Q3719915,8,2
Q3720047,8,2
Q372111,50,3
Q372376,31,4
Q372529,11,2
Q372676,21,3
Q372717,36,4
Q372779,9,3
Q3727894,5,1
Q3731149,6,1
Q3733343,6,5
Q3736876,6,3
Q3736887,6,3
Q3736904,6,4
Q374170,14,3
Q374336,32,3
Q374398,11,3
Q374956,27,0
Q375129,21,1
Q3751504,9,2
Q375154,16,3
Q3752621,6,3
Q3752834,9,1
Q3752968,6,5
Q3753005,7,5
Q3754045,5,0
Q37548,35,4
Q3755,23,2
Q3756,22,2
Q375606,30,2
Q3756202,9,3
Q375624,30,4
Q3756285,8,1
Q3756298,10,1
Q3757721,13,3
Q376154,27,0
Q376192,12,4
Q376202,32,0
Q376308,8,3
Q376589,21,4
Q377066,48,4
Q377070,25,5
Q3775604,21,3
Q3776989,6,3
Q377919,12,3
Q3781561,8,0
Q3783572,16,4
Q3783595,13,3
Q378372,27,2
Q378852,21,0
Q3790093,6,3
Q3790556,6,3
Q3800774,10,1
Q3805604,5,2
Q380568,10,1
Q3810086,15,1
Q3815307,5,2
Q3815442,11,2
Q3818592,10,1
Q382006,11,2
Q3822734,9,4
Q38251546,6,0
Q382593,49,0
Q38278429,40,0
Q384032,14,3
Q3842780,10,1
Q384813,43,5
Q384837,5,3
Q3848549,3,0
Q385168,20,1
Q385245,19,1
Q385938,17,5
Q3861276,8,2
Q386246,38,5
Q386482,21,3
Q386492,8,0
Q386570,15,2
Q3866549,6,5
Q3867848,10,1
Q3867896,12,1
Q3867927,11,2
Q3868354,10,3
Q387456,6,3
Q387667,18,3
Q387982,15,1
Q388195,19,2
Q388345,13,3
Q388460,8,4
Q388689,8,0
Q388743,14,4
Q3888740,10,3
Q3889354,10,3
Q38922434,5,1
Q389336,28,2
Q38956584,15,3
Q389608,16,5
Q389687,9,4
Q3897224,12,1
Q390018,61,1
Q390131,7,5
Q390209,24,0
Q390243,42,5
Q3902450,11,5
Q390287,47,5
Q390418,45,5
Q39045671,5,2
Q3905124,13,1
Q39056278,9,3
Q39058608,6,0
Q39059675,4,0
Q390638,13,3
Q39069592,39,5
Q39075651,7,0
Q3907789,13,1
Q39080065,40,0
Q39080746,39,0
Q39080750,35,1
Q39080753,33,0
Q39080756,37,0
Q39080770,39,0
Q39080777,36,1
Q39086323,1,1
Q3910087,14,0
Q391083,42,3
Q391243,34,3
Q3913249,12,2
Q3915784,13,4
Q391620,45,0
Q3918419,8,3
Q392057,16,4
Q392110,44,1
Q392564,47,4
Q392904,36,4
Q3936163,9,3
Q393693,22,3
Q3941792,5,3
Q394211,11,1
Q3943097,4,2
Q3947983,11,4
Q395182,29,0
Q395367,34,5
Q3967568,4,3
Q3968677,9,4
Q3995195,11,3
Q3995199,5,2
Q3995200,14,3
Q3997334,10,4
Q3997687,6,3
Q4005879,4,3
Q4010087,6,2
Q401123,22,1
Q40129,39,5
Q40176,52,0
Q4019090,6,3
Q4020213,7,2
Q4022264,18,2
Q4022275,9,2
Q4024698,13,1
Q4027126,8,2
Q4027420,4,4
Q403168,20,1
Q403322,11,2
Q4035576,7,3
Q403671,50,5
Q4043155,6,2
Q404416,19,2
Q40478,59,1
Q4049033,8,2
Q4058307,9,3
Q4068854,4,3
Q4069171,6,4
Q406972,40,4
Q4071168,41,4
Q408847,41,5
Q4109563,9,5
Q4110406,6,0
Q4115664,9,1
Q4120183,5,2
Q412019,20,3
Q4120540,9,3
Q41225,88,5
Q412826,52,0
Q4130078,5,3
Q41304,114,0
Q413311,17,3
Q4138314,7,3
Q414014,14,3
Q414110,25,2
Q414219,38,3
Q414403,25,5
Q4147064,11,3
Q41497113,41,5
Q415066,11,2
Q4154095,12,3
Q41550,105,2
Q415598,30,2
Q4159791,9,4
Q416131,26,4
Q4162688,5,1
Q4163495,6,3
Q4163500,6,3
Q41636291,2,2
Q41650552,9,3
Q41650707,6,1
Q4165221,8,3
Q4176307,15,3
Q417645,17,5
Q4176816,13,2
Q41794244,1,4
Q418096,60,5
Q41983,64,3
Q4199142,11,3
Q4201688,27,5
Q4204344,9,0
Q420476,12,1
Q420494,34,2
Q4207344,9,5
Q420856,4,4
Q420867,5,4
Q4209989,7,4
Q421084,37,5
Q4211494,7,4
Q4211559,11,2
Q4216846,25,3
Q4217206,14,3
Q421739,20,2
Q42182,95,5
Q4229113,10,4
Q4229116,13,3
Q423043,9,4
Q42311591,15,4
Q42322834,16,0
Q42413938,11,3
Q4241644,6,3
Q4241859,6,4
Q4250563,10,3
Q4251125,5,4
Q4251268,6,2
Q4251481,11,5
Q425754,22,5
Q4261649,9,2
Q4263244,6,3
Q4263361,10,3
Q426609,12,4
Q4266901,12,1
Q426957,6,1
Q427016,28,5
Q427116,6,3
Q427163,34,5
Q4271952,17,0
Q4272608,10,4
Q427273,9,0
Q427318,16,1
Q427543,12,1
Q427582,20,2
Q42791158,2,0
Q42792530,1,2
Q4283940,8,4
Q428457,28,1
Q42847052,3,3
Q42847072,3,3
Q42847089,3,2
Q42847373,3,3
Q42847741,3,3
Q42847754,3,3
Q42849962,5,3
Q42850047,4,4
Q42850258,3,3
Q42850567,3,2
Q42850591,3,3
Q42850786,3,3
Q42850808,3,2
Q42850830,3,2
Q42850922,3,2
Q42851113,4,5
Q428811,28,5
Q428952,32,1
Q42898085,4,5
Q428990,16,5
Q429304,34,5
Q429329,28,0
Q4294312,9,2
Q4294331,5,1
Q4294372,8,1
Q4294414,5,2
Q4294433,11,1
Q4294482,4,2
Q4294544,4,2
Q4294590,11,1
Q4294596,7,2
Q4294620,4,1
Q4294850,4,1
Q429687,43,4
Q430125,15,4
Q430309,28,0
Q430349,16,4
Q4306389,4,2
Q430682,35,2
Q430877,24,0
Q431458,18,5
Q4314843,7,2
Q431813,8,1
Q43192500,4,0
Q432105,44,5
Q432290,32,5
Q432422,16,4
Q432494,14,3
Q43250,97,1
Q432607,15,0
Q4327251,7,0
Q43287,129,1
Q43305302,11,1
Q434166,12,0
Q4346239,15,2
Q4346584,5,2
Q4346882,15,2
Q4347013,12,2
Q4353553,12,4
Q4354699,9,1
Q4355011,8,0
Q4373718,20,0
Q4381563,11,2
Q4382447,7,1
Q4383725,12,4
Q4384803,11,2
Q4389461,10,3
Q4389637,10,3
Q4389652,11,2
Q4389689,11,3
Q4390891,11,5
Q4395003,7,4
Q439501,10,4
Q4402028,4,2
Q44057,48,4
Q4409125,14,4
Q4410434,11,3
Q4419293,11,3
Q4420043,7,3
Q4425936,10,4
Q4429457,10,3
Q443,52,1
Q4434710,7,0
Q443627,16,1
Q44440,110,5
Q4456887,4,3
Q4458741,5,1
Q44722008,43,0
Q447664,36,5
Q448231,18,3
Q448986,14,4
Q44925675,4,3
Q44925686,4,3
Q4496513,11,3
Q4496530,11,3
Q4496691,11,3
Q4497457,11,3
Q45,371,0
Q4500907,9,4
Q4505091,7,3
Q4505190,11,2
Q45068162,5,2
Q45068194,5,4
Q45068266,4,4
Q45068272,3,2
Q45068276,5,2
Q45190477,3,2
Q4519503,7,5
Q452470,16,4
Q45253126,5,4
Q45254018,4,3
Q4526278,7,4
Q4538440,16,1
Q45411089,5,3
Q45411126,3,3
Q45411239,5,4
Q45411245,4,3
Q45412600,5,3
Q45412684,3,4
Q4542478,7,5
Q4546127,6,1
Q4546769,4,3
Q4546878,6,4
Q45509383,0,1
Q4552246,6,4
Q45523811,3,2
Q4554120,9,2
Q455587,40,5
Q4563258,10,4
Q4563532,10,1
Q4564229,8,0
Q4566042,4,0
Q45670,61,0
Q456749,13,4
Q4568216,3,5
Q4568402,11,3
Q456960,49,4
Q4572749,9,4
Q4572766,8,4
Q457318,51,5
Q4582964,9,1
Q4585653,10,2
Q458882,15,1
Q45957,75,5
Q4596883,5,4
Q4597611,9,2
Q4600595,8,0
Q460735,42,5
Q460889,46,5
Q461,85,1
Q461371,51,5
Q461572,39,5
Q4616441,8,1
Q4617899,2,0
Q46210,52,4
Q4622578,4,0
Q46232,45,5
Q46242,55,5
Q4630399,88,0
Q4630508,8,1
Q463055,40,2
Q46313,47,5
Q4632033,6,4
Q463206,14,1
Q463303,45,1
Q463332,11,4
Q46340424,16,1
Q4635154,5,1
Q4635219,20,1
Q46362,98,0
Q463781,8,3
Q4642077,5,1
Q464482,35,4
Q4646427,7,1
Q464845,18,5
Q46492,27,3
Q4651928,7,4
Q465480,5,0
Q465534,46,5
Q465634,15,0
Q46603,18,0
Q466039,52,0
Q4671057,7,1
Q467132,51,3
Q4672514,11,2
Q4683220,5,1
Q4689611,5,1
Q4693773,13,3
Q4700437,6,3
Q4700472,12,2
Q4701799,7,4
Q4702609,8,1
Q4702611,7,1
Q4702857,9,1
Q4707648,20,3
Q471154,40,2
Q4712073,5,2
Q4712967,6,1
Q47160195,3,2
Q47163986,1,3
Q4722060,3,3
Q4727609,7,4
Q473021,13,4
Q4731980,5,0
Q4734345,5,1
Q4736136,5,4
Q473811,24,4
Q4738344,5,1
Q473851,14,5
Q4741189,8,3
Q4743679,4,2
Q4744357,4,2
Q4745650,4,4
Q474690,22,1
Q474823,14,1
Q47487882,14,0
Q4749640,3,3
Q47540172,3,4
Q47540569,4,4
Q475424,23,0
Q47546744,8,1
Q4756160,6,5
Q475678,50,1
Q4763696,5,1
Q476532,10,1
Q4770667,6,1
Q477089,45,5
Q4770978,2,0
Q4773140,8,0
Q477675,68,3
Q477940,38,0
Q477958,30,0
Q478013,9,2
Q4780980,7,1
Q478198,12,3
Q4782760,5,4
Q478282,16,1
Q478328,14,0
Q478455,27,4
Q478518,44,5
Q478526,34,0
Q4785597,9,5
Q478593,13,2
Q478607,20,2
Q478608,17,4
Q478616,10,5
Q478621,18,4
Q478636,20,0
Q4786546,13,4
Q478707,17,4
Q478720,35,2
Q4792268,6,5
Q4793193,6,2
Q4794243,2,1
Q479469,28,4
Q4800141,5,3
Q4808531,4,1
Q4808669,4,3
Q4813833,9,0
Q4813834,8,0
Q4813840,9,0
Q4817029,4,2
Q4817650,34,4
Q481968,13,0
Q482378,14,2
Q4828102,3,3
Q4828109,3,3
Q4832044,5,4
Q4835391,2,1
Q4836792,17,1
Q4837050,5,2
Q4837210,20,5
Q4837219,7,4
Q4837238,10,3
Q4838092,6,4
Q483852,57,0
Q483891,14,5
Q4839061,4,4
Q4840530,2,2
Q48435,108,5
Q48441,32,2
Q4846206,4,3
Q4846582,6,5
Q4846632,6,5
Q4851500,2,4
Q4851507,3,4
Q4851513,2,3
Q4852331,4,3
Q4855094,7,3
Q4856087,7,3
Q4856089,8,2
Q4856263,12,4
Q4858265,6,4
Q48592,27,4
Q4863718,6,4
Q4863744,5,4
Q4867346,7,4
Q4867359,7,5
Q486814,42,0
Q4868433,6,3
Q4869136,6,3
Q4870526,5,0
Q4870862,7,0
Q4871300,8,1
Q4871684,5,0
Q48726868,3,0
Q48729589,1,1
Q48732703,1,1
Q48733606,1,2
Q48733890,4,0
Q48756,46,0
Q48790,32,1
Q4880478,6,1
Q48807955,1,1
Q4883519,5,5
Q48851327,2,1
Q4885138,9,2
Q4886745,16,4
Q4886965,12,4
Q4887681,4,3
Q489097,45,1
Q48928346,1,1
Q48928448,3,3
Q48928506,1,1
Q48958,90,3
Q4897536,13,3
Q4897633,12,1
Q490,226,5
Q4901673,6,4
Q4901906,11,0
Q4902131,3,4
Q490244,8,4
Q4902448,6,3
Q49054837,3,1
Q49055113,2,3
Q49057,21,1
Q49088,96,5
Q4909197,8,4
Q49108,112,5
Q49110,70,5
Q49111,103,5
Q49121,26,3
Q49122,34,4
Q49123,24,4
Q49124,21,2
Q49126,42,4
Q49127,24,4
Q49129,12,2
Q49131,16,4
Q49132,19,5
Q49133,45,5
Q49135,29,5
Q49136,30,5
Q49137,18,5
Q49142,57,3
Q491477,9,2
Q491808,10,3
Q49199,55,5
Q49210,78,4
Q4922989,8,3
Q492442,38,3
Q4925022,6,2
Q4925213,5,3
Q492894,13,1
Q493117,37,5
Q493126,36,5
Q493133,39,5
Q4931498,8,5
Q493160,15,3
Q4939500,5,1
Q4940545,8,3
Q4940560,9,3
Q4940562,3,4
Q494438,13,4
Q4945105,6,3
Q4948040,6,5
Q495330,13,2
Q4955326,8,3
Q4959100,3,4
Q4959103,7,3
Q4966669,9,0
Q4968729,4,3
Q4970048,4,3
Q4971893,14,3
Q4972390,6,3
Q4979466,6,3
Q4979589,5,4
Q4979595,9,3
Q498251,20,2
Q4984155,6,3
Q4986886,11,3
Q4986926,13,3
Q49870,11,4
Q49872,15,4
Q499118,25,2
Q4992895,4,4
Q4994203,11,2
Q4998297,4,2
Q4999914,4,0
Q5002065,6,0
Q5002084,5,4
Q5003979,7,4
Q5003980,6,4
Q5003981,4,1
Q500533,13,1
Q500681,45,5
Q500961,8,2
Q5010012,2,3
Q501003,40,4
Q5016363,2,0
Q5016845,9,5
Q5017115,11,2
Q5017222,6,1
Q501847,8,3
Q5021821,2,4
Q5021822,3,3
Q5021823,3,3
Q5021825,3,3
Q5021827,2,3
Q5021828,2,3
Q5021829,3,4
Q5021830,3,3
Q5021831,3,4
Q502218,19,1
Q5024895,6,2
Q5028412,1,3
Q503246,45,4
Q503319,37,3
Q5033345,5,3
Q503477,31,3
Q50396434,44,1
Q504125,30,1
Q5043298,6,0
Q5043666,3,3
Q5046083,2,3
Q5047906,4,4
Q5052220,5,3
Q5052294,6,3
Q5054987,1,2
Q5055311,9,3
Q505639,8,1
Q5058674,6,3
Q505950,44,5
Q5060239,6,4
Q5061355,7,4
Q5061684,10,2
Q5061695,7,3
Q5061812,7,5
Q5061952,4,3
Q506250,38,0
Q5062632,4,1
Q5062803,9,3
Q5062811,4,4
Q5064864,5,3
Q5064868,6,3
Q506814,21,2
Q5069660,5,4
Q507052,6,3
Q5070969,1,2
Q5071226,8,0
Q5071227,5,4
Q50716,82,0
Q50719,36,5
Q50720,15,3
Q50721,17,4
Q50722,13,3
Q50724,10,3
Q507282,37,4
Q5073555,5,3
Q5075650,4,3
Q507939,23,2
Q508120,27,0
Q50820031,3,3
Q5086,140,5
Q5086152,5,5
Q5088366,5,3
Q5088577,4,5
Q5088579,7,5
Q509078,32,0
Q509104,14,3
Q5091316,8,5
Q5091323,3,4
Q5091325,3,5
Q5091338,4,4
Q5092280,6,3
Q5098164,8,3
Q509841,8,3
Q5098655,6,2
Q5098753,5,3
Q5098757,3,1
Q5099569,10,1
Q5099596,5,2
Q5100145,5,5
Q5100150,2,2
Q5100314,4,5
Q5100316,5,3
Q510109,25,2
Q5101784,1,3
Q510323,27,4
Q5103499,6,1
Q51084,22,2
Q5108823,2,2
Q510913,12,0
Q51099,14,3
Q51105,22,5
Q51108,24,5
Q511108,33,4
Q51112,42,5
Q511316,22,5
Q5113613,9,0
Q5115169,3,2
Q511560,12,4
Q5116461,4,5
Q5116926,5,3
Q5116969,1,1
Q5117076,5,4
Q5117093,6,2
Q5117460,4,2
Q511753,13,4
Q5118066,4,1
Q5118143,9,5
Q511829,15,2
Q5120894,6,3
Q5121186,7,5
Q5121321,5,3
Q5121780,5,3
Q5121871,5,4
Q5121900,11,4
Q5121998,4,5
Q512214,10,3
Q5122201,5,3
Q5122568,8,1
Q5124283,6,4
Q5124506,4,4
Q5124512,5,4
Q5124736,8,3
Q512562,42,1
Q512614,18,0
Q513211,24,3
Q513254,22,3
Q513382,9,5
Q5136270,4,2
Q513822,20,0
Q5140068,5,0
Q51411,23,3
Q5141858,3,5
Q514227,19,1
Q5142696,5,3
Q5142775,4,1
Q5142833,2,2
Q5142871,1,2
Q5142899,3,2
Q5142932,3,1
Q5142937,5,2
Q514441,14,5
Q514447,14,3
Q5145731,8,4
Q5145738,3,4
Q5145739,3,3
Q5145745,5,5
Q5145746,3,3
Q5151021,9,2
Q5151504,5,3
Q515413,14,3
Q5155302,5,5
Q5157727,2,3
Q51587,35,4
Q51591,26,3
Q5159619,6,4
Q5160642,6,2
Q5160676,5,1
Q516160,41,0
Q5161882,9,1
Q5163145,6,4
Q5164991,9,4
Q5165728,3,2
Q5166176,4,1
Q5166965,8,5
Q5167851,6,2
Q5168452,19,4
Q5168483,10,1
Q5168628,7,5
Q5170481,3,4
Q517057,32,0
Q5171975,9,0
Q5173185,6,3
Q5173194,4,4
Q5173199,5,4
Q517430,15,3
Q5175691,4,5
Q5176325,7,0
Q5176480,5,3
Q517665,17,0
Q5177040,6,3
Q5178407,6,1
Q5179489,4,1
Q518101,45,1
Q5181060,5,1
Q5181656,4,2
Q5181666,7,2
Q5181710,4,3
Q5181715,4,3
Q5181723,6,3
Q5182895,12,5
Q51845356,3,2
Q5184963,8,1
Q51851067,14,0
Q518606,14,3
Q5186096,5,4
Q5186514,5,4
Q51881408,21,1
Q5188322,7,1
Q5188355,2,3
Q5189702,7,4
Q519025,15,1
Q519072,15,4
Q5193802,4,3
Q519552,38,3
Q51985,50,3
Q5200998,6,5
Q5201102,4,2
Q5201217,5,5
Q5201334,4,5
Q5201385,10,5
Q5201438,7,4
Q5201581,4,4
Q5201615,5,4
Q5201636,3,4
Q5201720,6,4
Q5201922,4,5
Q5202174,6,4
Q5202403,11,3
Q5202708,5,0
Q5205783,8,3
Q5207892,4,3
Q5208472,4,3
Q5211609,7,3
Q521187,15,4
Q5221261,9,4
Q5226121,10,4
Q5226365,6,4
Q5226483,4,4
Q5227998,5,3
Q5228119,2,3
Q522813,3,4
Q522868,27,5
Q52288595,27,1
Q523194,29,5
Q523312,33,1
Q5238837,8,5
Q523926,41,2
Q5241624,4,3
Q524249,41,5
Q524289,69,1
Q5243191,7,4
Q5243861,7,3
Q5244388,6,2
Q5244497,3,4
Q5244875,7,4
Q5246025,4,4
Q5246062,5,3
Q5246524,6,5
Q5248987,7,5
Q5248997,9,4
Q5249006,7,5
Q5249655,7,3
Q5249662,7,3
Q5249675,7,4
Q5249682,7,3
Q5250951,7,3
Q5251164,6,4
Q525295,15,5
Q525297,25,4
Q5253759,10,5
Q5253776,13,3
Q5253788,6,1
Q5253810,10,2
Q5254567,10,0
Q525481,35,4
Q5255450,5,1
Q5256668,7,4
Q525955,16,0
Q5264971,7,5
Q5267200,9,2
Q5268201,5,2
Q5269440,4,5
Q5269721,6,2
Q52700115,23,1
Q5273898,33,3
Q527972,15,5
Q5283448,8,1
Q52849561,1,1
Q5285073,7,0
Q5288411,5,3
Q5289309,10,4
Q5289636,2,4
Q5291382,17,1
Q5292940,8,4
Q5299552,4,3
Q5303492,12,3
Q5303985,6,3
Q5309710,4,2
Q5311048,6,3
Q5311050,5,3
Q5311658,8,3
Q5311665,4,1
Q5311666,4,2
Q5312471,6,3
Q531412,12,0
Q5314767,5,3
Q531602,21,3
Q531789,17,5
Q5318408,5,3
Q531927,7,5
Q5320999,7,3
Q532127,27,3
Q5321594,1,1
Q533218,27,0
Q533238,6,4
Q5338042,5,1
Q5338047,3,1
Q5338167,6,4
Q5338168,4,3
Q5338172,6,4
Q5338242,7,3
Q5338244,7,4
Q5338248,5,1
Q5338276,4,4
Q5338284,4,2
Q5341240,5,1
Q534230,21,5
Q534236,22,0
Q534914,26,2
Q534927,16,1
Q5350952,3,2
Q5351318,5,4
Q5354210,66,0
Q535545,15,4
Q5357466,2,2
Q5359041,9,5
Q5360073,7,3
Q5361960,4,4
Q5364651,5,1
Q536499,10,2
Q5367288,1,2
Q5367590,4,2
Q537,16,3
Q5370148,7,4
Q5370340,6,3
Q5370392,6,5
Q5370414,11,4
Q537720,34,4
Q5380441,7,2
Q538548,14,3
Q539019,25,2
Q5391233,3,3
Q539149,37,4
Q539296,34,0
Q5395341,4,4
Q5397450,6,4
Q5400037,6,4
Q5400157,3,3
Q5400521,4,2
Q5400889,3,3
Q5402969,6,3
Q5403641,3,1
Q54072,54,0
Q541060,2,5
Q5410782,8,1
Q5411429,6,4
Q5413439,2,2
Q541481,11,3
Q54151,48,3
Q54156,55,5
Q5415827,12,4
Q5420225,7,5
Q5421678,2,3
Q542213,24,1
Q542366,30,5
Q542756,23,4
Q5430576,4,3
Q54315,27,5
Q54321,13,4
Q54349,49,3
Q543651,8,2
Q5436756,3,4
Q543753,15,0
Q54451,35,5
Q54453,13,5
Q54454,9,5
Q544545,6,1
Q5445954,19,2
Q5445986,8,3
Q5447200,6,3
Q5448303,5,3
Q545012,38,0
Q5451545,5,4
Q545283,10,3
Q5455168,5,5
Q5455373,4,4
Q5460296,7,4
Q5460937,3,4
Q546118,34,3
Q5465383,7,1
Q546634,30,5
Q5468340,5,3
Q5470101,7,4
Q5470698,10,5
Q5470973,1,1
Q5471,74,5
Q5471207,7,3
Q5471571,4,2
Q547270,5,2
Q5474828,6,3
Q5474916,5,3
Q5475514,10,4
Q5476861,6,2
Q547867,51,5
Q54820837,7,2
Q548354,10,2
Q54867396,7,4
Q548679,41,5
Q548850,18,1
Q548911,35,1
Q5491966,5,3
Q5492141,6,3
Q549585,13,3
Q549621,11,3
Q549653,6,3
Q5496957,5,3
Q549977,10,1
Q550,94,5
Q5500137,3,3
Q55018,56,4
Q55019,56,5
Q55038,29,2
Q5506918,3,3
Q5513611,7,2
Q551464,15,1
Q5515968,5,2
Q5517709,11,3
Q55177525,2,2
Q5518544,4,4
Q5519321,3,2
Q5520666,6,1
Q552230,25,1
Q5522477,9,4
Q5524081,5,1
Q5527012,10,2
Q5527023,5,2
Q5532120,3,4
Q5532169,2,4
Q5540543,7,3
Q5544755,5,4
Q555093,11,0
Q5551444,3,3
Q555255,26,3
Q555316,12,3
Q55532859,17,3
Q555350,26,5
Q555356,13,4
Q5554997,8,3
Q5556730,8,4
Q555750,28,5
Q5557794,7,4
Q5558524,4,1
Q5558563,6,3
Q55605693,1,1
Q5560880,2,1
Q556098,24,4
Q5564239,9,5
Q5564833,1,1
Q5565569,4,3
Q5566312,5,3
Q5567049,10,2
Q55696247,5,5
Q5571343,3,2
Q55723938,6,1
Q5573695,4,2
Q5574523,26,4
Q5574675,6,4
Q557635,9,4
Q5578090,1,2
Q5578109,3,2
Q5579185,9,5
Q5579337,5,1
Q5580068,4,2
Q55829861,1,3
Q55849612,34,2
Q5586281,4,3
Q5588960,5,2
Q5589197,6,0
Q5589466,4,1
Q5589979,8,3
Q559113,19,5
Q5596343,7,3
Q5598800,7,0
Q5600189,3,1
Q5600268,7,4
Q5601859,6,1
Q56034,32,2
Q56037,73,2
Q5603823,4,2
Q56041,26,0
Q56113,23,4
Q56117,23,3
Q5619968,4,2
Q5619976,7,3
Q5620491,12,5
Q56271972,2,3
Q5627344,2,4
Q5627997,2,2
Q5639810,1,2
Q5642077,1,3
Q564383,5,1
Q5645632,8,1
Q564652,39,2
Q56469,32,0
Q564732,15,5
Q56474,17,0
Q5647804,7,3
Q5647995,6,5
Q5648577,6,3
Q56489,53,0
Q5649317,6,3
Q5649320,4,2
Q5649321,1,2
Q5649322,6,1
Q5649339,3,3
Q5650156,3,2
Q5650641,7,3
Q565521,35,2
Q565532,27,1
Q565645,21,0
Q565670,23,3
Q5658053,3,3
Q5658922,2,3
Q5662159,4,3
Q5662196,3,3
Q56668962,8,4
Q56670504,7,3
Q56670510,7,4
Q56670517,7,4
Q56670522,7,4
Q56670523,7,3
Q5671386,4,4
Q5676475,4,4
Q5676556,7,2
Q568353,17,3
Q5683584,7,4
Q5684635,3,2
Q568524,13,1
Q568572,21,3
Q568579,16,3
Q56884279,9,0
Q568945,18,2
Q569083,11,3
Q5690989,2,3
Q5691609,6,3
Q5695736,3,3
Q570043,18,0
Q5702926,3,2
Q5703023,2,2
Q5708052,1,0
Q570848,23,5
Q571039,18,4
Q5710614,1,0
Q5710623,1,0
Q571293,33,3
Q5713719,4,3
Q5713744,3,4
Q5713999,1,3
Q5714053,3,4
Q571421,20,3
Q5714260,2,2
Q5714914,7,3
Q5715648,9,5
Q5717869,3,0
Q5719201,3,3
Q5720989,4,3
Q5721976,7,2
Q5722107,7,4
Q5722110,9,2
Q5722131,7,4
Q5722806,3,0
Q572788,11,5
Q5728121,1,1
Q5728779,5,3
Q573061,9,3
Q5732422,2,2
Q573257,17,3
Q574027,15,2
Q5740554,3,3
Q5746153,1,3
Q5748460,2,1
Q5753475,1,0
Q5754119,3,2
Q5754398,3,2
Q575453,21,0
Q5754984,3,3
Q5755246,3,2
Q5755541,3,3
Q5756,122,1
Q575667,31,0
Q5756984,4,3
Q5758375,5,2
Q5760304,3,4
Q5761010,2,4
Q5761065,2,4
Q5761161,5,2
Q5761195,3,3
Q5761214,3,5
Q5761321,1,4
Q5761340,1,1
Q5761372,3,3
Q5762136,1,2
Q5762791,5,3
Q5763198,4,2
Q5763221,4,4
Q5764576,5,4
Q5766269,8,3
Q5767278,4,5
Q576781,31,5
Q5768035,11,0
Q5768742,5,3
Q576952,28,5
Q5769944,5,3
Q5770719,2,3
Q5770740,3,2
Q577122,30,5
Q5772205,3,2
Q5774327,5,3
Q5774400,4,2
Q5777017,3,2
Q5777152,5,2
Q5777187,3,1
Q577719,15,3
Q5779882,3,3
Q5780806,2,3
Q5780988,5,3
Q5784118,11,0
Q5784190,3,2
Q5785829,3,3
Q5788519,1,4
Q5789494,6,4
Q579159,12,0
Q579204,3,3
Q5794757,5,3
Q57965,72,5
Q57970209,19,1
Q5797816,5,3
Q579854,45,5
Q579885,31,0
Q58010692,3,0
Q5801988,6,4
Q580460,27,0
Q5805111,8,4
Q580518,13,3
Q580662,6,3
Q5808005,4,2
Q5808798,4,4
Q581044,37,5
Q5810513,7,5
Q5815216,1,2
Q5817991,3,3
Q5818019,3,3
Q5818022,2,4
Q5818086,2,3
Q5818145,3,4
Q5818162,3,3
Q5818250,2,3
Q5818252,3,2
Q581827,12,1
Q5818277,3,3
Q5818383,3,2
Q5818726,1,0
Q582039,2,3
Q582203,23,3
Q582391,9,0
Q58296,72,0
Q583039,11,3
Q583651,13,3
Q58366548,0,2
Q5838876,2,2
Q5839085,3,2
Q5841189,6,3
Q5843056,2,1
Q584381,7,5
Q584412,6,4
Q58450335,5,3
Q5845392,5,3
Q584756,22,3
Q5848265,5,4
Q585130,14,1
Q5854070,3,2
Q585461,12,1
Q5854620,1,1
Q5854841,4,2
Q5855047,1,2
Q5855156,4,2
Q5858775,5,1
Q586220,27,1
Q586735,10,3
Q58687583,0,1
Q5870608,5,3
Q5871269,2,2
Q587485,17,3
Q587586,20,3
Q5881644,1,3
Q58818,15,1
Q5884192,4,3
Q5884514,1,1
Q5886891,11,2
Q588834,51,3
Q58897095,0,1
Q58897169,1,4
Q58897207,8,3
Q58897216,8,5
Q58897230,0,4
Q58897292,0,2
Q58897293,0,2
Q58897294,1,5
Q5889837,2,2
Q589403,20,3
Q5894461,8,1
Q5894605,9,3
Q589462,19,3
Q5894697,8,0
Q5895617,7,4
Q589599,16,5
Q589623,32,0
Q58974452,0,2
Q58974467,7,2
Q58975494,1,4
Q58975496,1,5
Q58977891,8,5
Q5898485,3,3
Q589884,10,4
Q590162,18,4
Q5902535,5,3
Q5902543,3,3
Q590286,15,1
Q5902881,3,3
Q5903189,3,2
Q5903204,5,3
Q5903207,2,4
Q5903386,3,3
Q5903491,3,4
Q5907010,3,4
Q590710,29,5
Q5908316,3,3
Q5908591,5,4
Q5908629,3,3
Q5909288,2,3
Q5909303,3,4
Q5909341,2,3
Q5909360,2,3
Q5909363,4,4
Q59094288,0,3
Q5909538,2,3
Q5909632,3,3
Q5909801,2,3
Q5910154,3,4
Q5910270,3,4
Q5910277,3,2
Q5911328,3,2
Q591133,29,5
Q5911484,3,2
Q5911498,3,3
Q5911533,2,4
Q5911595,4,2
Q5912380,2,2
Q5912521,3,2
Q5912589,2,3
Q5912627,3,2
Q5912829,3,3
Q5912832,4,1
Q5912871,3,3
Q5912941,4,2
Q5915612,6,1
Q591683,14,1
Q5917346,3,1
Q5917528,3,2
Q591798,14,5
Q5918337,5,1
Q5918521,5,3
Q59186288,15,1
Q591868,28,0
Q591874,16,4
Q5919017,4,5
Q5919742,5,3
Q592537,11,2
Q592584,8,1
Q593075,5,4
Q5931273,3,3
Q5931286,3,3
Q5931292,3,3
Q5931297,3,3
Q5931300,3,3
Q593142,22,1
Q593202,21,2
Q593267,24,0
Q5933,91,5
Q593320,7,3
Q5933418,1,4
Q5937434,2,5
Q594230,29,2
Q5943,60,5
Q59435,25,3
Q5944586,6,3
Q59482,19,4
Q594994,37,5
Q595025,3,3
Q5950532,7,4
Q5952911,8,3
Q5953898,10,3
Q59618802,8,1
Q5962277,8,4
Q5962539,8,4
Q5962867,5,3
Q5962937,3,4
Q5963124,4,3
Q5964492,4,3
Q596655,17,3
Q5967634,9,1
Q596856,9,2
Q5969892,4,1
Q597,267,5
Q597051,33,4
Q5970625,1,4
Q597072,14,5
Q597182,28,2
Q5972362,7,5
Q597454,11,2
Q5975076,4,2
Q5975101,3,1
Q597632,10,0
Q5976473,3,2
Q597725,13,5
Q5977666,3,2
Q5977973,5,3
Q598014,9,3
Q598086,13,4
Q5982529,3,4
Q598312,2,3
Q5984171,5,3
Q5984270,5,3
Q598623,2,0
Q59886,33,1
Q599021,10,2
Q599118,14,3
Q5991788,5,2
Q5992050,5,2
Q599272,12,4
Q599301,10,4
Q599316,36,3
Q5994160,9,3
Q5994220,9,2
Q5995281,4,1
Q59955610,1,4
Q59956159,7,4
Q5999295,2,4
Q600018,48,0
Q6006442,5,3
Q601096,15,4
Q601430,14,5
Q601519,6,3
Q6015709,71,0
Q6021493,3,4
Q6022112,5,3
Q602232,10,5
Q602251,11,0
Q6023002,10,4
Q6023173,2,3
Q602372,17,5
Q602384,17,4
Q602410,16,4
Q6026956,5,4
Q60290,23,1
Q602942,21,4
Q602955,6,3
Q60308,34,3
Q6033156,2,0
Q6033509,6,3
Q6033520,3,3
Q6033565,2,3
Q6033913,10,5
Q6033919,3,3
Q6034308,7,2
Q6034366,4,5
Q6036183,14,1
Q60368,4,4
Q603686,14,3
Q6037764,6,0
Q60400424,3,4
Q60400533,4,4
Q604015,13,3
Q60411245,6,4
Q60411702,6,3
Q60411956,6,4
Q6042096,3,4
Q60455116,22,2
Q604587,17,0
Q60481,11,3
Q604908,14,3
Q6049105,4,0
Q605303,15,4
Q60536106,0,1
Q605703,11,3
Q6057563,2,3
Q6057576,4,3
Q6058029,4,1
Q6058188,2,4
Q6059871,5,2
Q6059875,5,2
Q6061774,3,3
Q6062160,2,4
Q6062549,3,4
Q6062744,3,4
Q6062796,4,4
Q6062812,1,4
Q6062821,5,3
Q6062981,5,5
Q60633054,5,2
Q606458,13,2
Q6065293,3,2
Q6065672,3,4
Q6066310,6,1
Q60664,21,0
Q606662,47,0
Q60668574,10,0
Q606806,20,1
Q606823,17,5
Q6071330,3,0
Q607212,30,4
Q60761124,15,3
Q60765656,3,2
Q607693,5,2
Q60770754,14,0
Q6077641,5,4
Q607810,22,2
Q60792421,4,1
Q6079435,4,5
Q6079438,6,5
Q6079474,5,3
Q6079570,3,5
Q6079604,3,4
Q6080508,2,0
Q6081619,1,3
Q6081621,1,3
Q608251,14,0
Q60830,18,0
Q608405,16,3
Q6086790,6,0
Q608863,23,0
Q6091074,2,3
Q609140,26,5
Q6093171,6,3
Q6095043,3,2
Q6095051,2,3
Q6095062,3,2
Q609508,19,0
Q6096848,3,1
Q60969970,3,2
Q610120,35,0
Q610402,9,3
Q61060497,9,3
Q61060509,9,3
Q61060512,9,3
Q61060539,9,2
Q6107065,5,0
Q610740,16,3
Q610961,61,5
Q6110846,5,2
Q61132632,2,3
Q6114817,6,2
Q6115648,6,2
Q611723,30,4
Q6117315,2,0
Q611811,5,4
Q611831,16,4
Q6118503,4,3
Q611962,7,2
Q6119771,2,4
Q6120256,4,3
Q6120443,5,3
Q612059,15,4
Q6121481,3,3
Q6121562,6,4
Q6121619,3,3
Q612284,16,4
Q6123151,3,1
Q6123383,3,3
Q612340,7,2
Q6127014,3,5
Q6130456,15,4
Q613198,10,0
Q6134639,4,2
Q61366445,29,0
Q61375675,3,3
Q613854,14,3
Q6139084,7,0
Q6139759,3,3
Q6139781,2,3
Q6141092,3,3
Q614322,17,1
Q614441,20,3
Q61460498,44,4
Q6146372,9,1
Q6146488,9,3
Q614683,10,1
Q6148001,21,3
Q6148070,2,2
Q6149087,3,4
Q61499023,4,2
Q6150039,9,3
Q6150080,5,1
Q6150848,7,1
Q615183,31,5
Q615365,16,3
Q6156327,3,2
Q6156336,3,3
Q6156337,4,3
Q6156504,3,4
Q6156681,4,2
Q6156715,3,4
Q6156869,3,5
Q6159207,8,4
Q616017,8,3
Q6161662,4,4
Q616184,13,3
Q616210,14,3
Q6162117,3,3
Q616218,34,5
Q616238,27,2
Q616359,15,3
Q616379,25,1
Q616388,15,4
Q61650955,12,3
Q616863,15,3
Q617244,20,3
Q6176452,6,3
Q6177834,9,4
Q618596,17,3
Q618661,14,2
Q618988,17,5
Q6190836,5,4
Q619124,24,4
Q61931596,1,1
Q619326,6,1
Q61932619,2,1
Q61941046,12,0
Q619484,20,3
Q619713,10,3
Q62,236,5
Q6202606,7,5
Q6202634,3,2
Q6202649,5,3
Q620473,22,3
Q6207268,4,2
Q6207557,3,5
Q620809,15,1
Q620965,50,1
Q620968,8,3
Q621675,11,3
Q623164,37,0
Q623228,19,3
Q623385,23,0
Q623558,22,4
Q62378,88,5
Q623994,37,0
Q62408,85,5
Q6243358,6,2
Q624403,6,2
Q624556,42,5
Q62623,80,0
Q62651,62,0
Q6268840,14,0
Q626926,25,0
Q62712241,6,2
Q6276190,4,3
Q6276226,4,5
Q6276315,7,5
Q629197,14,3
Q6292752,5,2
Q629344,16,0
Q6294156,20,3
Q629708,25,0
Q630135,38,5
Q630441,13,2
Q630630,31,4
Q630882,33,0
Q630974,29,3
Q631075,28,5
Q6310904,13,4
Q631104,40,3
Q631114,39,5
Q6311190,7,3
Q631237,17,3
Q63167656,62,0
Q63170305,3,5
Q631837,13,3
Q631844,12,0
Q632019,22,1
Q632689,24,5
Q632988,42,1
Q633033,16,4
Q63346703,3,3
Q63411215,5,1
Q634122,43,0
Q63466677,2,0
Q6347500,12,4
Q6347506,8,4
Q6349943,5,0
Q6349947,8,5
Q6351737,7,3
Q6352459,29,0
Q6353550,13,2
Q635399,15,3
Q635559,35,5
Q6355601,8,4
Q6356262,6,5
Q6358705,4,3
Q63592634,3,3
Q635929,16,5
Q636088,16,4
Q636107,46,0
Q636780,31,5
Q636845,14,3
Q63714,25,0
Q637187,40,4
Q6373,109,5
Q6373014,6,4
Q6373912,9,4
Q637440,17,1
Q637590,18,5
Q637834,28,4
Q637915,15,5
Q637936,34,0
Q638423,42,3
Q638462,15,0
Q6387109,3,5
Q6389462,7,5
Q6389697,11,5
Q639045,15,3
Q63929741,6,1
Q639321,23,5
Q6393355,5,2
Q6394278,3,2
Q639791,30,4
Q63987256,28,1
Q64,334,5
Q6400082,4,4
Q6400083,7,5
Q6400651,7,4
Q640102,43,3
Q64019332,13,1
Q6402604,6,3
Q640447,32,3
Q6405720,6,2
Q6406008,4,1
Q640718,10,4
Q640859,23,2
Q640968,38,5
Q641108,23,3
Q6411122,6,4
Q64124,39,4
Q6413246,6,3
Q641374,8,3
Q6415559,4,3
Q6415943,7,3
Q64164118,16,0
Q6416599,2,2
Q641712,40,1
Q642039,29,2
Q64210877,13,0
Q6421993,12,3
Q64225270,15,3
Q643079,17,4
Q6431288,1,3
Q643209,14,3
Q6433290,6,4
Q6434093,6,2
Q64343222,5,3
Q6435044,8,2
Q6435057,9,1
Q643520,42,5
Q643536,18,1
Q643541,21,0
Q6437790,4,2
Q64386636,3,0
Q643891,21,2
Q64436,85,5
Q6445036,3,4
Q6447215,2,3
Q6449255,5,3
Q64509602,65,0
Q645132,12,1
Q645136,12,2
Q645293,24,2
Q645372,8,3
Q646140,19,5
Q646284,23,5
Q6465150,5,3
Q6465657,4,5
Q6468354,3,3
Q6470215,9,3
Q6470246,4,2
Q6474490,5,4
Q647671,12,1
Q647766,8,3
Q647955,12,3
Q64798321,8,1
Q6480027,10,1
Q648004,16,3
Q6480077,12,2
Q6480708,9,3
Q648165,18,4
Q648166,34,5
Q6481987,6,4
Q64825395,23,2
Q648483,37,5
Q648716,44,0
Q649184,27,4
Q649218,20,0
Q649250,38,4
Q649362,13,2
Q649426,20,4
Q650097,10,4
Q650236,30,0
Q65034641,11,4
Q65038183,19,3
Q65041035,9,1
Q65049937,5,1
Q650519,38,3
Q6505213,4,3
Q65064840,1,3
Q650657,22,3
Q65071046,13,0
Q65082870,1,0
Q650849,30,4
Q650867,36,1
Q65089977,11,1
Q651030,16,3
Q651033,33,0
Q651148,7,0
Q651362,32,0
Q651638,18,2
Q6518233,8,3
Q6518785,5,2
Q6519035,12,3
Q6520384,5,2
Q65213485,8,1
Q65242242,18,0
Q65242249,21,0
Q652452,35,4
Q652613,19,5
Q652871,9,1
Q652895,45,3
Q6530549,7,3
Q653100,9,3
Q653289,31,3
Q6533683,5,2
Q653433,52,4
Q6535676,5,2
Q653615,9,3
Q653726,12,5
Q653773,22,4
Q653858,36,3
Q6539,62,1
Q653907,11,0
Q6541506,4,1
Q6541667,2,3
Q6542700,5,2
Q654762,37,1
Q654766,17,0
Q654812,38,3
Q6548902,5,1
Q6553095,14,1
Q655469,10,4
Q655626,26,1
Q6559721,6,3
Q656054,37,4
Q656422,24,1
Q656895,37,1
Q656957,17,4
Q657019,32,0
Q657118,31,4
Q6575655,7,3
Q657929,29,0
Q658078,20,2
Q658271,31,5
Q658339,20,2
Q658443,19,4
Q6585397,5,1
Q6588250,5,1
Q658929,19,3
Q659013,19,2
Q65924964,0,0
Q65954401,1,4
Q6596032,5,2
Q659652,22,2
Q659717,53,0
Q661360,10,1
Q661547,24,1
Q661558,31,1
Q662149,10,2
Q662422,15,3
Q662652,33,3
Q662976,43,3
Q663673,41,5
Q663849,15,2
Q663890,10,2
Q664440,13,3
Q6644913,13,0
Q664835,37,0
Q664880,13,3
Q665105,55,4
Q6651410,6,3
Q665216,23,5
Q66584186,1,2
Q665894,22,1
Q665954,20,4
Q6663171,5,3
Q6665089,4,3
Q6665164,4,1
Q666729,19,4
Q666835,8,1
Q6668660,8,2
Q666937,22,4
Q667094,20,3
Q6671312,6,2
Q6674314,4,3
Q667786,6,0
Q6682858,7,4
Q6684904,14,5
Q668598,15,0
Q668849,17,0
Q668873,14,0
Q6688842,7,4
Q6693696,4,4
Q669718,25,0
Q669990,16,4
Q670049,16,3
Q670250,28,4
Q670723,35,2
Q6707495,3,2
Q671264,16,5
Q671384,33,5
Q671428,21,3
Q671475,46,5
Q672082,15,4
Q6720831,7,4
Q67226868,8,0
Q672579,19,4
Q672806,19,4
Q67317221,5,1
Q673202,35,3
Q6732911,8,4
Q6732924,4,4
Q6733343,10,3
Q6733344,6,0
Q673399,13,5
Q6734042,2,3
Q6735132,1,3
Q6735451,8,4
Q6737199,3,3
Q674032,15,4
Q6740741,4,1
Q6741538,8,4
Q674440,16,1
Q674773,47,5
Q6748047,5,4
Q6748260,1,4
Q6749263,7,1
Q675164,18,3
Q675174,19,2
Q675187,28,3
Q6752198,6,4
Q6752749,5,4
Q6753029,3,3
Q675585,35,1
Q675597,36,0
Q6757033,4,4
Q675964,20,3
Q6763788,9,5
Q6764160,4,5
Q6768099,5,4
Q6770356,8,2
Q6772018,3,3
Q677387,10,5
Q677555,49,5
Q677576,13,5
Q678286,18,3
Q6783279,1,3
Q6783326,11,1
Q6783328,9,3
Q6783333,9,2
Q6783343,8,2
Q678390,19,1
Q6784152,7,0
Q6784301,8,1
Q678461,18,5
Q678668,18,4
Q6786809,2,2
Q678791,31,4
Q679041,25,2
Q679052,28,3
Q679101,30,3
Q6791545,9,2
Q6792427,8,3
Q67936027,2,4
Q67936052,2,4
Q6796128,7,4
Q6798106,6,3
Q6798200,3,2
Q679887,38,0
Q6799926,5,1
Q6801106,5,4
Q6803308,8,3
Q6804278,4,0
Q680614,36,5
Q680828,12,0
Q680905,14,1
Q681497,19,3
Q681785,28,5
Q6818469,5,2
Q681961,9,3
Q6819812,20,5
Q682020,8,5
Q68215693,17,0
Q6824476,6,4
Q6824492,7,4
Q6824496,7,4
Q6824505,3,4
Q6824506,6,3
Q6824521,6,3
Q6824549,7,4
Q6824553,6,3
Q6824558,6,3
Q6824560,6,3
Q6824568,6,3
Q6824573,6,3
Q6824578,8,3
Q6824588,6,3
Q6824601,7,4
Q6824610,6,3
Q6824617,6,3
Q6824625,7,3
Q6824627,6,3
Q6824647,6,3
Q6824651,6,3
Q6824665,6,3
Q6824672,6,3
Q6824678,8,3
Q6824691,6,3
Q6824698,6,3
Q6824700,6,3
Q6824703,6,3
Q6824767,6,3
Q6824782,6,3
Q682520,46,1
Q6825306,4,3
Q6825309,4,2
Q682827,29,2
Q682894,38,1
Q683180,13,5
Q683226,24,3
Q683239,26,4
Q683252,34,3
Q683341,21,0
Q683555,25,3
Q683705,45,1
Q683988,17,2
Q684093,19,1
Q684094,15,1
Q6841438,1,0
Q6841440,3,1
Q6841470,8,1
Q684305,21,0
Q6843067,6,5
Q6844861,4,2
Q6845789,4,0
Q68478,25,0
Q6848068,4,4
Q684821,27,4
Q684879,10,4
Q685062,26,1
Q685162,23,2
Q685328,17,4
Q6857255,5,0
Q686011,24,4
Q686156,19,1
Q686431,25,3
Q686443,21,1
Q68646,58,2
Q686468,37,4
Q686488,13,4
Q686519,12,4
Q686522,31,2
Q686544,28,4
Q686592,13,4
Q686593,13,2
Q6866873,5,2
Q6867116,3,2
Q686717,15,2
Q686720,34,5
Q6867472,10,2
Q686855,10,2
Q68689,50,5
Q687413,31,2
Q687490,10,0
Q687694,25,3
Q6878535,6,4
Q688335,29,4
Q688353,19,1
Q688436,19,1
Q688468,15,3
Q688472,15,3
Q688555,16,3
Q688588,14,5
Q6886076,5,1
Q688614,22,4
Q688704,43,5
Q688715,32,0
Q688736,31,1
Q6888864,3,2
Q688909,26,0
Q689008,13,3
Q689043,13,2
Q689400,40,4
Q689642,24,0
Q689951,18,3
Q690002,19,4
Q6900329,45,0
Q690335,31,3
Q690417,33,0
Q6907367,4,4
Q691152,41,1
Q6914978,4,3
Q69163529,38,1
Q692020,14,3
Q6920714,7,4
Q6920948,7,2
Q6922409,7,3
Q6922615,4,3
Q692288,18,4
Q6925761,4,2
Q69323,41,0
Q693354,8,2
Q693367,27,0
Q6936220,5,5
Q693628,24,3
Q6936293,7,5
Q693653,22,2
Q693869,16,4
Q693884,20,4
Q6939565,4,2
Q694020,36,5
Q6940457,3,2
Q6940503,7,2
Q6940507,10,2
Q6940532,3,2
Q6940567,3,5
Q6940940,12,3
Q6941067,6,3
Q6941127,5,2
Q694223,19,1
Q6945083,4,3
Q694581,20,0
Q694747,27,4
Q694757,25,5
Q694760,14,2
Q694810,18,4
Q695082,27,4
Q695126,18,3
Q695194,22,3
Q695244,21,3
Q695321,15,3
Q695388,14,3
Q695454,14,0
Q6955091,3,3
Q6955162,5,2
Q695840,19,2
Q695852,13,5
Q6959007,1,3
Q695915,23,1
Q696476,25,3
Q6964915,7,3
Q6966003,3,3
Q696802,36,0
Q696835,48,0
Q696970,41,0
Q697040,23,0
Q6970429,5,2
Q6970437,10,2
Q6970475,19,4
Q697059,30,0
Q697208,21,1
Q6972158,5,2
Q6972380,6,4
Q697300,37,5
Q6974379,13,5
Q6974487,21,0
Q6974497,10,2
Q6974901,5,1
Q6975050,4,1
Q697527,27,3
Q697548,35,2
Q697557,35,2
Q697572,15,3
Q697578,22,5
Q697654,23,0
Q697679,26,2
Q6978272,7,3
Q6978646,3,3
Q6979345,4,1
Q698095,29,4
Q698140,37,4
Q698145,23,5
Q698208,31,1
Q6982670,5,3
Q69829,61,0
Q6983043,4,2
Q698339,19,0
Q698348,19,0
Q698370,22,4
Q698497,24,5
Q6987907,6,4
Q698950,27,1
Q699098,29,5
Q699363,18,1
Q699480,13,0
Q699504,25,4
Q699579,21,1
Q699800,27,3
Q6998611,4,2
Q699937,18,5
Q699943,27,5
Q699947,19,5
Q699952,16,5
Q699964,57,0
Q700058,21,3
Q700128,25,5
Q700199,20,4
Q700211,22,3
Q700216,24,2
Q700222,21,2
Q7006603,5,3
Q7006850,6,2
Q700731,21,3
Q700751,29,3
Q700753,24,5
Q70083252,3,3
Q700855,31,0
Q7008948,2,2
Q70092046,1,1
Q701633,28,1
Q701662,21,5
Q701695,27,2
Q7017655,6,3
Q7017920,5,5
Q701837,15,2
Q701967,20,0
Q702121,23,5
Q702289,31,3
Q702402,24,4
Q702512,26,5
Q702548,28,3
Q702605,13,1
Q702665,34,1
Q702726,17,3
Q7030825,4,3
Q703620,16,3
Q703927,21,3
Q703955,19,3
Q7040065,5,4
Q704933,22,3
Q7053496,2,4
Q705353,21,3
Q706530,28,3
Q7069555,2,2
Q7071826,10,4
Q7074789,4,4
Q7076043,12,5
Q7079409,3,0
Q70802,83,0
Q708321,32,0
Q7083263,3,3
Q7083575,4,2
Q7083682,6,5
Q7084890,22,3
Q7084891,6,3
Q7085078,8,0
Q7085433,6,1
Q708550,13,3
Q7090336,6,4
Q7092603,7,1
Q7100281,2,1
Q71084,86,0
Q71092,74,0
Q7113212,2,4
Q7115610,4,3
Q7116354,3,0
Q71209843,2,3
Q712311,30,5
Q7123224,8,3
Q712476,16,4
Q7126297,6,4
Q7126324,4,3
Q7126333,3,4
Q7127533,6,4
Q7128647,2,4
Q7130365,1,2
Q7130522,3,3
Q713124,30,5
Q7131717,3,4
Q7138911,6,3
Q7138913,7,4
Q7138918,4,4
Q7139629,5,3
Q7139832,3,2
Q7139835,3,1
Q7139974,2,3
Q714048,9,3
Q7141895,3,4
Q7141909,4,3
Q7142160,11,4
Q7144407,5,4
Q7144412,5,4
Q7145245,9,0
Q7148151,6,5
Q71546292,1,1
Q71546426,1,1
Q715562,17,0
Q715781,11,5
Q7160049,3,3
Q7160052,5,4
Q716737,27,1
Q717682,14,4
Q718278,10,3
Q718311,12,3
Q7186324,7,2
Q7186450,1,2
Q7190091,6,3
Q719152,9,3
Q7194466,3,3
Q7194527,4,3
Q7196809,5,1
Q720102,44,5
Q7201100,6,2
Q7203674,5,5
Q7203697,3,4
Q7203723,4,4
Q720644,38,5
Q720901,11,3
Q7210212,6,2
Q7210646,11,3
Q721152,33,5
Q721602,5,1
Q7216435,8,5
Q7216452,6,4
Q7219274,6,1
Q721970,14,4
Q7220129,6,3
Q7221132,5,2
Q7222535,5,2
Q7223595,5,2
Q7225470,5,3
Q723118,37,0
Q723245,18,0
Q7233633,4,3
Q7236098,6,5
Q7237614,5,4
Q7238590,5,4
Q7244693,6,3
Q7244906,6,3
Q7247894,3,3
Q725108,39,5
Q7252509,3,4
Q725383,11,2
Q725581,32,1
Q725623,35,3
Q725839,9,2
Q7258515,4,4
Q7259157,5,4
Q7262942,3,3
Q726534,16,0
Q7265722,4,2
Q726781,35,3
Q7269994,4,3
Q727,282,5
Q7270008,4,3
Q7270340,8,3
Q7270459,4,1
Q7270467,1,2
Q727054,31,0
Q727078,41,4
Q7270841,4,1
Q7272365,5,5
Q7272603,3,3
Q7272605,2,3
Q727277,15,4
Q7273080,8,3
Q727749,14,3
Q7278893,4,5
Q727963,13,1
Q7280030,7,2
Q7280898,2,0
Q7283884,4,3
Q728520,10,4
Q7285587,10,5
Q7286004,5,3
Q7286033,5,5
Q7286183,6,5
Q7288522,4,3
Q7288800,5,3
Q7289095,5,1
Q7289659,4,3
Q7289726,9,4
Q729481,35,0
Q7296114,6,3
Q729803,20,1
Q729978,24,0
Q7300523,7,2
Q730706,51,2
Q730768,15,3
Q7307906,4,4
Q7308076,5,2
Q7308108,4,3
Q730948,35,4
Q730981,12,2
Q731222,12,2
Q731479,14,2
Q7315081,4,2
Q7316063,5,3
Q7318,178,1
Q731909,19,0
Q731939,23,4
Q732658,12,3
Q733210,33,0
Q733486,17,1
Q733748,32,5
Q733808,4,2
Q733971,39,2
Q734017,34,3
Q734371,15,3
Q734515,14,2
Q7349899,5,3
Q735014,38,0
Q735042,42,1
Q735384,17,5
Q735559,49,1
Q736408,15,2
Q736425,19,4
Q7366251,13,0
Q7367170,2,3
Q7368119,5,3
Q7368825,8,2
Q7369346,9,3
Q7370553,6,2
Q737095,16,4
Q73716007,7,2
Q7373829,2,3
Q7373916,6,1
Q7374052,5,4
Q7374418,7,4
Q7374468,7,2
Q7374813,5,3
Q737484,33,4
Q738113,13,4
Q738143,14,0
Q738848,6,3
Q7389732,3,3
Q7391459,1,4
Q739341,42,4
Q739364,46,3
Q7393687,4,1
Q7396095,5,2
Q739700,41,3
Q739723,26,1
Q73974,25,0
Q7397568,7,5
Q7398430,6,4
Q7400018,3,3
Q7401375,5,3
Q740149,33,5
Q7402043,5,3
Q7402232,6,4
Q740243,7,3
Q740261,21,0
Q7403531,8,2
Q740564,33,4
Q7405673,5,1
Q7406479,6,3
Q7408347,5,2
Q7413590,3,3
Q7413912,5,3
Q7413920,8,2
Q7413975,7,4
Q7414007,8,2
Q7414129,5,2
Q741614,16,4
Q7417938,11,5
Q7419607,3,2
Q7419618,3,3
Q7419649,2,4
Q7420251,5,2
Q7420511,6,3
Q742117,33,0
Q7424449,4,5
Q7425788,3,4
Q742670,21,3
Q7427216,4,3
Q7431696,6,2
Q743206,38,4
Q7433590,6,4
Q743535,50,5
Q743773,12,2
Q7437874,5,2
Q744021,15,4
Q7440342,5,3
Q7440659,5,0
Q74430855,4,1
Q7443295,12,0
Q7445815,5,4
Q744615,18,2
Q744682,14,3
Q7454179,3,3
Q745797,15,2
Q745942,47,5
Q746032,44,1
Q746052,44,5
Q746216,36,5
Q746333,33,3
Q7464,8,4
Q746443,22,0
Q746573,41,5
Q7466,12,5
Q746647,42,3
Q7469,14,5
Q747162,14,4
Q7473516,42,4
Q747506,36,5
Q747541,40,5
Q747555,18,3
Q748443,12,5
Q748485,22,3
Q748608,30,1
Q748635,29,0
Q748692,32,0
Q748729,36,0
Q748752,27,1
Q74940,24,4
Q749573,38,5
Q7495962,5,2
Q749808,37,3
Q750165,6,1
Q750182,5,1
Q750196,8,0
Q75028784,3,4
Q7503898,4,2
Q750403,64,4
Q750444,44,5
Q75051099,3,3
Q75053182,3,1
Q7507431,4,4
Q7507438,4,5
Q7508100,3,2
Q7510186,5,0
Q7510200,10,1
Q7510542,1,0
Q75135772,3,1
Q75161514,3,4
Q752283,37,5
Q7522983,15,4
Q7523022,10,3
Q7523125,9,1
Q752407,36,5
Q752482,12,4
Q7526817,7,4
Q7527351,2,2
Q7527353,2,2
Q7527516,10,3
Q753075,36,0
Q75333943,4,3
Q753437,30,5
Q753646,38,0
Q7536969,25,0
Q7537147,9,2
Q7538872,6,3
Q754357,18,2
Q754397,36,5
Q75443575,8,1
Q755173,28,0
Q755177,29,0
Q755221,27,0
Q755341,25,2
Q7553773,11,4
Q755955,32,0
Q756117,29,1
Q7562862,3,3
Q7566050,12,3
Q756621,29,4
Q756683,8,2
Q7567503,12,4
Q7567812,4,2
Q7568013,12,5
Q756819,36,4
Q756824,38,5
Q756890,29,1
Q7570048,9,1
Q7570434,10,2
Q757178,34,2
Q757180,39,5
Q75733184,3,3
Q757391,67,3
Q7573940,10,0
Q7579691,8,0
Q758056,62,1
Q7586295,12,1
Q7586300,7,2
Q7586311,10,4
Q7586715,1,3
Q7587034,5,2
Q7587664,6,1
Q7590915,5,3
Q7591739,4,3
Q7591927,6,3
Q7592174,9,4
Q7592184,1,2
Q7592399,9,3
Q7592419,7,5
Q7593225,2,3
Q7595183,4,3
Q7595476,4,3
Q7596777,5,1
Q7598197,10,4
Q760023,16,0
Q7611381,2,3
Q7617942,11,4
Q7619083,3,1
Q762266,29,1
Q76318,36,5
Q763189,22,0
Q763808,20,0
Q7640412,3,2
Q76421,58,0
Q7643454,1,1
Q7646188,5,3
Q764685,23,5
Q7653753,4,2
Q765483,31,1
Q765515,19,3
Q7659771,3,3
Q766014,41,4
Q766357,29,1
Q766729,14,0
Q767163,13,5
Q7679039,4,2
Q7679719,4,3
Q7685715,5,4
Q768669,18,3
Q7687836,2,3
Q76898,14,5
Q76899,13,4
Q7691977,9,3
Q7695551,8,4
Q7695553,5,3
Q7695556,6,1
Q7697794,12,5
Q7697795,15,5
Q7697798,12,4
Q770328,25,0
Q77078712,1,3
Q7708469,6,2
Q7710367,1,3
Q771404,37,5
Q771894,14,2
Q771976,33,0
Q772914,13,2
Q7730592,4,4
Q7732911,3,2
Q7733,76,0
Q773538,13,4
Q773752,10,5
Q7737522,4,3
Q7737529,5,3
Q774021,31,5
Q774178,10,2
Q774437,7,1
Q774677,14,2
Q775045,16,0
Q7750795,8,5
Q775376,21,4
Q7756122,4,3
Q775847,13,4
Q775871,24,0
Q776086,11,3
Q7760943,9,3
Q776249,14,4
Q7762635,6,3
Q776505,4,4
Q776515,10,3
Q776570,19,2
Q776576,11,4
Q776863,23,5
Q7777121,5,2
Q7777269,5,2
Q7777426,5,3
Q778112,23,1
Q7785,156,0
Q778565,12,4
Q778686,19,3
Q778784,41,5
Q778997,30,1
Q779210,14,4
Q77925551,4,0
Q779963,15,2
Q7800337,5,2
Q780392,8,2
Q7805648,2,0
Q780572,17,0
Q7806273,1,0
Q780631,25,0
Q780735,23,0
Q780785,17,2
Q7809,218,3
Q7814360,4,3
Q781491,23,4
Q781541,10,3
Q781659,24,4
Q781955,5,2
Q781961,19,2
Q782113,14,3
Q7824887,2,3
Q7826348,6,4
Q7826439,11,1
Q7826494,6,4
Q782876,18,5
Q7833421,3,4
Q783367,26,0
Q7833806,7,4
Q7836167,5,3
Q783684,43,0
Q783754,8,3
Q783848,14,2
Q784174,11,4
Q7842,84,4
Q7842528,4,3
Q7842704,4,0
Q7842854,5,2
Q7845243,6,0
Q784852,9,3
Q784989,15,3
Q785318,16,5
Q785788,25,4
Q7858314,6,3
Q785837,24,0
Q786163,6,3
Q786334,14,1
Q7865434,2,1
Q786806,36,1
Q7868136,9,4
Q786830,12,5
Q787108,23,4
Q787131,31,0
Q7873106,6,1
Q787360,21,3
Q7875112,49,5
Q7877392,5,4
Q788158,17,0
Q7886117,6,2
Q7888445,4,2
Q788867,10,3
Q7894273,6,4
Q7894292,2,3
Q7894386,8,2
Q7894591,6,5
Q7895000,5,2
Q7895089,4,1
Q7895265,3,1
Q7895616,4,3
Q7896686,4,2
Q789966,35,4
Q790341,18,0
Q790480,7,4
Q790492,17,5
Q7909440,3,2
Q791045,20,5
Q7913863,8,2
Q791408,15,4
Q7915558,4,2
Q791762,14,2
Q7918698,3,4
Q7923521,8,2
Q7925035,5,1
Q792586,11,3
Q7926982,4,3
Q7928484,8,3
Q7928490,2,1
Q7928518,2,1
Q7928527,2,3
Q7928536,4,3
Q7928553,2,1
Q7928570,2,2
Q7929025,9,3
Q7937930,9,5
Q794210,24,0
Q794838,23,1
Q794865,22,1
Q794891,23,0
Q794927,39,5
Q794954,21,3
Q795322,30,4
Q795691,39,5
Q7962400,6,3
Q7962402,10,3
Q796351,46,4
Q7963861,1,1
Q796764,30,3
Q796925,15,3
Q797078,24,2
Q7970837,5,2
Q7973360,5,3
Q7974245,4,2
Q7974274,7,4
Q7974782,6,3
Q7979626,9,4
Q798416,21,5
Q7984736,3,5
Q7985658,7,4
Q7985661,7,4
Q7987437,7,3
Q7987890,4,3
Q798854,13,1
Q7990601,11,5
Q799592,17,0
Q799840,13,3
Q800374,24,5
Q800380,15,4
Q800382,17,3
Q800402,13,3
Q800404,14,3
Q800405,21,5
Q800445,16,4
Q800447,19,5
Q800449,19,4
Q800453,27,5
Q800463,17,3
Q8006299,24,3
Q800650,17,4
Q800664,9,4
Q800709,13,5
Q800715,19,5
Q800716,27,5
Q800748,15,2
Q800749,17,3
Q800751,31,4
Q800764,17,4
Q800765,18,3
Q800788,17,4
Q800894,21,5
Q800921,14,3
Q800947,15,5
Q800953,17,4
Q800961,17,4
Q800966,13,5
Q800972,13,4
Q800989,18,4
Q800998,13,4
Q801017,13,4
Q801026,16,5
Q801029,18,5
Q801032,14,3
Q801056,13,4
Q801094,16,3
Q801103,17,3
Q801106,9,3
Q801108,8,2
Q801109,8,4
Q801111,10,3
Q801112,10,4
Q801124,33,5
Q801128,32,4
Q801180,11,2
Q801185,18,5
Q801187,18,5
Q801193,39,5
Q801234,16,5
Q801262,16,4
Q801282,18,5
Q801289,14,4
Q801296,16,4
Q801389,14,5
Q801428,14,4
Q801436,19,5
Q801442,22,5
Q801447,38,5
Q801496,13,4
Q801498,17,3
Q801500,14,3
Q801503,14,3
Q801506,16,3
Q801546,15,3
Q801551,25,5
Q801554,16,4
Q8015602,7,5
Q801654,16,5
Q801655,15,4
Q801686,15,3
Q801689,13,3
Q801696,15,3
Q8022,55,0
Q8023015,4,3
Q8031113,12,0
Q8031972,12,5
Q8032008,8,2
Q8033549,5,0
Q8035350,8,0
Q8036349,9,4
Q8038444,7,2
Q803979,26,1
Q804032,28,4
Q80427700,3,5
Q80429,10,5
Q804402,38,4
Q8046237,9,1
Q804713,6,1
Q8047851,3,2
Q80495,29,4
Q8050594,3,4
Q8050647,10,1
Q80511166,4,3
Q805446,18,4
Q80545,14,5
Q80551,12,3
Q80566,13,3
Q80570,12,4
Q80579,11,3
Q80630061,3,3
Q806303,14,4
Q8065104,8,2
Q806700,27,2
Q806704,33,5
Q806950,40,2
Q80702,105,0
Q80730,18,0
Q8073829,2,3
Q80774,14,3
Q8077993,3,3
Q807915,30,2
Q8079948,3,1
Q809600,13,3
Q810080,20,4
Q810125,8,3
Q810316,26,0
Q810322,26,0
Q810323,27,0
Q81043002,3,3
Q81043227,3,3
Q810693,16,3
Q810700,43,2
Q810804,9,3
Q810953,28,4
Q810961,28,4
Q811389,20,2
Q81195232,3,3
Q81196210,4,2
Q812059,11,3
Q812062,10,3
Q812087,8,3
Q812088,13,4
Q81241309,3,4
Q812889,10,4
Q81321,9,0
Q815117,11,0
Q815128,25,0
Q815177,31,0
Q815432,46,4
Q815611,40,3
Q815771,16,4
Q815935,17,2
Q816669,27,4
Q818517,48,4
Q819081,23,3
Q819811,14,4
Q82059,92,3
Q820892,47,3
Q8210271,4,5
Q822101,20,3
Q822472,40,1
Q822607,36,5
Q822881,37,5
Q823412,41,1
Q82425,85,5
Q8242928,5,3
Q824451,39,2
Q824489,38,0
Q8247576,5,3
Q8255434,6,5
Q825987,9,2
Q826038,49,0
Q826120,37,5
Q82702,10,0
Q827638,19,1
Q828307,11,2
Q82908,41,0
Q82926,7,2
Q829363,20,1
Q829702,29,0
Q829806,26,3
Q82994,14,3
Q830777,14,3
Q830779,14,3
Q83125,86,5
Q831527,39,5
Q832561,15,0
Q83259,70,4
Q832986,24,0
Q833213,25,2
Q833754,8,1
Q833782,10,3
Q833817,20,2
Q834082,7,4
Q834162,10,0
Q834603,12,4
Q8351404,3,3
Q835402,10,4
Q835531,9,5
Q83584131,4,3
Q836051,9,5
Q83609,35,3
Q836310,13,0
Q836319,12,4
Q836362,10,2
Q837033,8,3
Q837063,8,2
Q837115,11,5
Q837119,9,5
Q837123,10,2
Q837159,46,0
Q837275,11,3
Q837523,11,4
Q837547,10,5
Q837636,8,3
Q837662,11,4
Q837691,12,5
Q83804736,8,1
Q838297,30,5
Q838377,12,5
Q838389,12,5
Q838415,9,2
Q838420,12,5
Q838431,11,5
Q838443,11,4
Q838458,11,3
Q838619,28,0
Q838691,40,3
Q83873387,24,0
Q838774,11,5
Q838777,11,5
Q838792,11,5
Q838827,13,5
Q838842,12,5
Q838845,14,5
Q838864,14,4
Q838876,10,5
Q838926,13,2
Q838937,15,4
Q838986,13,2
Q839012,10,2
Q839050,33,5
Q839142,18,2
Q839168,12,3
Q839379,11,4
Q839495,9,3
Q839600,13,5
Q839606,11,5
Q839614,15,4
Q839655,10,4
Q839665,12,2
Q839682,11,5
Q839690,10,5
Q839709,11,5
Q839724,9,3
Q83979604,3,2
Q839965,11,3
Q839983,10,3
Q84,356,5
Q840133,34,5
Q840288,8,3
Q840573,8,4
Q840577,8,5
Q840618,27,4
Q840868,8,3
Q840886,37,4
Q841167,33,5
Q84146057,23,0
Q841583,9,4
Q841861,12,4
Q841959,13,4
Q841968,8,3
Q842009,11,3
Q842089,39,2
Q8423586,10,4
Q842382,8,2
Q842535,7,5
Q842578,29,3
Q842680,35,0
Q842687,32,0
Q842858,39,5
Q842930,36,3
Q843016,4,0
Q843531,14,5
Q843666,35,0
Q843869,30,5
Q843981,8,5
Q844324,32,3
Q844426,22,5
Q844621,7,3
Q844813,24,4
Q844930,55,0
Q844957,14,3
Q845015,33,3
Q845529,35,4
Q845947,7,1
Q846686,39,4
Q846876,44,0
Q847099,32,4
Q84767060,3,3
Q848633,46,1
Q8488,91,0
Q848912,41,5
Q849086,25,3
Q849232,18,3
Q849373,12,3
Q849711,43,4
Q849957,38,5
Q850593,39,5
Q850778,9,0
Q850811,9,5
Q850990,14,0
Q851023,22,1
Q851164,25,5
Q851167,16,1
Q851175,10,2
Q851200,12,3
Q851274,9,0
Q8522896,13,3
Q852326,12,4
Q852697,36,3
Q852742,36,1
Q852869,11,3
Q852908,24,5
Q853325,42,0
Q85355,22,0
Q854280,36,5
Q854317,21,5
Q855003,39,1
Q855106,23,0
Q855110,29,4
Q855337,24,1
Q855343,40,3
Q855416,28,0
Q855497,10,3
Q855957,7,2
Q856430,9,4
Q85726847,0,2
Q857276,40,4
Q857399,14,4
Q85756958,2,2
Q8577,132,0
Q85774841,1,1
Q85788921,5,5
Q857933,16,3
Q85864921,4,2
Q858689,29,5
Q858778,32,0
Q858785,16,1
Q85880151,2,4
Q858831,11,1
Q859363,68,3
Q859404,13,5
Q859427,38,0
Q859452,28,3
Q859471,33,4
Q86012394,2,2
Q860129,26,5
Q860172,38,4
Q860569,14,3
Q860675,12,1
Q860681,11,5
Q860935,31,1
Q860994,35,3
Q861252,31,3
Q861363,22,4
Q861670,43,0
Q861866,4,3
Q862034,39,1
Q862144,15,0
Q862586,35,0
Q862618,16,0
Q862884,11,3
Q86347874,19,0
Q863824,8,3
Q864369,24,0
Q864536,11,3
Q8646,301,1
Q864747,10,1
Q864752,12,4
Q864758,21,5
Q864770,13,5
Q864779,10,1
Q864802,9,1
Q864849,29,5
Q864862,44,5
Q864957,18,3
Q865607,16,3
Q865655,24,4
Q865913,39,3
Q866332,38,5
Q866615,8,3
Q866896,31,4
Q867072,30,3
Q86724246,1,0
Q86724614,3,3
Q867316,29,0
Q867717,14,0
Q867846,10,1
Q867885,42,5
Q867977,13,0
Q8680,169,0
Q868368,11,4
Q868772,47,5
Q869506,20,0
Q870844,49,5
Q871374,25,0
Q871508,29,1
Q871525,33,0
Q872769,13,2
Q872947,8,3
Q873079,14,5
Q873256,13,4
Q873332,15,2
Q873397,16,2
Q873868,18,1
Q874234,35,5
Q874557,13,2
Q874615,20,2
Q875078,29,1
Q875751,14,5
Q875773,31,0
Q876286,33,1
Q876383,16,3
Q876472,15,1
Q876520,13,3
Q876775,13,0
Q876808,24,1
Q876973,14,1
Q8772688,6,3
Q877322,15,0
Q877570,16,3
Q877579,25,2
Q877686,24,2
Q877699,15,0
Q877711,11,5
Q878276,4,0
Q878503,26,1
Q879509,13,3
Q880843,30,3
Q883126,15,3
Q8842833,3,4
Q8843219,8,3
Q8843624,10,2
Q885413,12,5
Q885416,12,5
Q886485,17,0
Q887053,13,3
Q887869,11,1
Q88801355,6,2
Q888058,11,3
Q888068,13,3
Q88965328,12,0
Q890194,19,0
Q890364,17,4
Q890391,14,3
Q891827,31,0
Q891830,3,2
Q891865,21,0
Q891873,22,0
Q891882,23,0
Q892187,26,4
Q892189,29,4
Q892231,14,2
Q892711,19,4
Q892827,4,3
Q893046,16,4
Q894343,9,3
Q89456247,6,2
Q894567,20,0
Q894570,6,0
Q894573,11,3
Q894579,12,5
Q894583,29,5
Q894874,39,1
Q8960735,4,3
Q8965,53,0
Q896993,11,4
Q897366,25,3
Q897556,18,3
Q897604,10,3
Q897768,14,0
Q897802,13,2
Q897824,15,4
Q898629,40,5
Q899299,27,0
Q90,366,5
Q900171,24,0
Q9003960,5,3
Q9005094,5,4
Q9008715,2,2
Q9010921,5,3
Q901259,13,5
Q901361,15,2
Q901371,40,5
Q901461,15,5
Q901463,9,4
Q901469,12,1
Q901479,15,5
Q901491,13,2
Q901885,7,5
Q9019049,6,3
Q9020369,3,5
Q902210,12,3
Q902329,19,1
Q902346,7,0
Q9027098,9,2
Q9031616,4,5
Q9034955,6,3
Q9035123,6,3
Q9035498,4,0
Q904462,22,4
Q9046766,2,3
Q904825,18,5
Q9049542,7,3
Q9054546,6,3
Q9054619,15,3
Q9055773,5,3
Q9056564,3,4
Q905830,15,1
Q905881,33,0
Q9060973,5,4
Q906170,10,5
Q9067431,6,3
Q906793,11,4
Q9068313,3,3
Q906889,32,0
Q907059,13,3
Q907097,34,0
Q907105,33,0
Q907152,33,0
Q907194,33,0
Q907210,32,0
Q9073628,6,3
Q9076451,4,1
Q9079137,9,4
Q908077,11,1
Q908216,25,5
Q908224,14,1
Q908481,33,2
Q9086044,3,4
Q908723,22,0
Q908728,29,0
Q908802,30,4
Q9089106,3,1
Q9089120,4,4
Q909062,20,1
Q9091550,2,3
Q909236,23,0
Q9092402,6,3
Q909448,23,0
Q9095390,68,0
Q909592,28,5
Q909737,29,0
Q9097479,6,3
Q909777,39,3
Q909817,10,3
Q910014,24,0
Q910101,28,2
Q91060422,2,2
Q911204,14,2
Q912192,33,2
Q912423,13,0
Q91246939,3,3
Q913024,26,1
Q913314,40,0
Q913434,33,5
Q913672,33,5
Q9137,47,0
Q913808,17,2
Q913830,6,2
Q914141,33,5
Q914284,22,0
Q914820,30,0
Q915195,34,5
Q915451,32,4
Q91588975,3,2
Q916039,23,3
Q916120,27,5
Q91648292,3,1
Q91655945,3,4
Q91659212,3,1
Q9169094,21,3
Q916990,8,3
Q917121,8,2
Q91765289,8,3
Q917820,36,2
Q918264,31,1
Q9184754,5,3
Q918580,30,0
Q9188,124,5
Q91901809,1,3
Q91901826,1,5
Q91901847,1,3
Q91901862,1,3
Q91901868,1,4
Q919169,11,1
Q919959,9,3
Q920064,13,2
Q920505,10,4
Q920545,9,4
Q92061407,8,3
Q920809,26,4
Q920826,16,5
Q920889,10,2
Q92176353,4,4
Q92177506,3,1
Q922178,22,4
Q922186,9,2
Q922693,28,1
Q922768,9,3
Q923130,22,4
Q923292,15,1
Q923494,25,0
Q923883,20,0
Q924335,38,4
Q924723,17,3
Q924856,14,3
Q924917,7,1
Q925349,30,2
Q925737,22,0
Q926316,21,5
Q927016,34,4
Q927198,48,1
Q927258,9,5
Q927806,30,3
Q928541,25,5
Q929051,17,3
Q929845,19,1
Q929968,11,3
Q930276,29,5
Q930349,9,3
Q930433,15,3
Q930832,26,2
Q930891,11,1
Q93119027,3,2
Q932389,13,0
Q932570,10,4
Q932606,13,4
Q932739,41,2
Q933182,26,5
Q933185,23,0
Q933336,11,4
Q933560,19,1
Q933566,26,3
Q933993,19,1
Q934011,15,5
Q934219,22,0
Q934422,11,4
Q93477608,3,4
Q935388,8,4
Q935425,8,2
Q9357917,9,4
Q935853,16,2
Q936234,23,2
Q936354,12,2
Q936357,12,4
Q936467,18,1
Q936633,41,3
Q936952,16,1
Q936958,13,5
Q939883,33,3
Q940733,40,4
Q940741,34,0
Q940770,14,1
Q940896,10,2
Q940907,16,3
Q941385,39,0
Q941908,35,3
Q942052,13,3
Q942713,38,5
Q94287573,3,1
Q943407,9,4
Q943856,15,5
Q943946,30,5
Q944021,7,3
Q944436,36,5
Q944453,12,4
Q944559,13,4
Q94514935,3,2
Q94528738,4,2
Q946028,20,2
Q946647,39,0
Q946924,29,3
Q947082,12,3
Q947259,10,3
Q947870,22,5
Q947930,24,1
Q948178,24,3
Q948393,14,3
Q948531,39,1
Q94893,42,1
Q948933,8,4
Q94959528,3,3
Q950205,46,1
Q950534,26,5
Q950609,19,3
Q950701,17,1
Q950917,14,1
Q95149901,10,2
Q952412,19,0
Q952778,15,3
Q952817,18,5
Q953058,45,4
Q9531,149,0
Q953368,22,2
Q953421,22,3
Q953535,15,0
Q95368670,3,5
Q954207,23,4
Q954870,14,3
Q95504014,10,1
Q95517,18,4
Q955226,8,1
Q955459,25,3
Q95569,52,5
Q955699,14,4
Q956169,25,5
Q95692097,3,3
Q957317,37,0
Q959356,27,1
Q959524,42,3
Q959567,15,5
Q95963182,8,2
Q959944,29,3
Q960058,14,2
Q960098,18,4
Q960647,23,4
Q961004,4,1
Q961384,19,1
Q9616,126,1
Q962117,14,1
Q962135,41,1
Q962370,12,2
Q962631,15,3
Q962642,14,1
Q963111,22,3
Q963152,28,2
Q963403,14,4
Q963514,29,1
Q963573,16,4
Q963709,20,2
Q96376591,3,2
Q96380192,1,3
Q96382116,1,2
Q96394004,8,2
Q96395325,14,3
Q9640593,10,4
Q96406324,1,1
Q964426,22,0
Q965439,16,3
Q965731,25,4
Q965932,7,4
Q966028,6,4
Q966263,15,5
Q966533,17,2
Q966680,14,3
Q966780,13,4
Q966862,25,4
Q9668845,4,1
Q96738688,3,4
Q96755059,3,3
Q967832,13,1
Q968131,3,3
Q968458,13,3
Q9686,38,4
Q96904740,3,3
Q969311,14,1
Q969395,14,2
Q969519,3,3
Q969924,3,0
Q97040246,3,2
Q970525,20,4
Q970576,14,0
Q970751,18,3
Q97149899,3,3
Q97155800,14,0
Q97159628,2,4
Q97163720,6,3
Q97168192,3,2
Q97175288,4,3
Q97184925,2,1
Q97185135,3,2
Q97185795,3,3
Q97187269,3,2
Q97188912,2,1
Q97188937,3,2
Q97189306,4,1
Q97193533,1,3
Q97193605,2,1
Q97193718,1,2
Q97206990,4,3
Q97225700,7,2
Q972582,26,0
Q97279135,3,0
Q97353871,1,2
Q97354968,2,0
Q97356749,2,0
Q97356996,2,0
Q974038,28,1
Q974300,16,0
Q97499592,3,2
Q97578035,13,5
Q97585918,7,2
Q976035,27,4
Q976143,7,3
Q976850,10,2
Q977868,9,1
Q978161,11,4
Q978464,10,4
Q978535,15,0
Q978671,11,0
Q979398,17,4
Q980270,9,4
Q980646,15,5
Q98071460,3,2
Q98071461,3,3
Q98071462,3,1
Q980769,12,0
Q981372,27,5
Q98167162,1,1
Q983806,30,3
Q98429957,4,2
Q984797,11,3
Q985210,37,5
Q985359,8,2
Q985455,27,3
Q985517,34,5
Q985660,10,5
Q985666,11,5
Q985828,18,5
Q986020,6,3
Q986377,10,3
Q986415,31,0
Q986431,31,1
Q986434,26,1
Q986895,12,5
Q987,221,5
Q988087,12,3
Q989316,18,1
Q98949092,3,3
Q9899,11,1
Q990076,26,3
Q9907170,5,5
Q9913,53,3
Q992697,23,5
Q993120,23,1
Q9942,47,3
Q994285,12,3
Q995174,22,5
Q995653,118,0
Q99630,14,5
Q99636,24,4
Q99642,13,3
Q996447,10,4
Q996472,10,5
Q996499,10,3
Q99654,40,1
Q99658573,1,3
Q996591,17,5
Q996696,13,5
Q996744,12,5
Q99762318,3,2
Q998229,10,0
Q999002,32,5
Q999637,13,2
Q999763,54,3
