image_id,site,path,img_lat,img_lon,cand,cand_lat,cand_lon,fam,d_km,band,truth,arm,cont
1036250735319845,amsterdam_church,streetview\amsterdam_church\1036250735319845.jpg,52.37737484654,4.9025725497574,"Basilica of Saint Nicholas, Amsterdam",52.376528,4.901111,4.0,0.1368,signal,yes,main,EU
1036250735319845,amsterdam_church,streetview\amsterdam_church\1036250735319845.jpg,52.37737484654,4.9025725497574,Schreierstoren,52.376388888,4.902222222,3.0,0.1122,signal,yes,main,EU
1036250735319845,amsterdam_church,streetview\amsterdam_church\1036250735319845.jpg,52.37737484654,4.9025725497574,Amsterdam Centraal station,52.37895,4.90016,5.0,0.2398,0.15-0.3km,no,main,EU
1036250735319845,amsterdam_church,streetview\amsterdam_church\1036250735319845.jpg,52.37737484654,4.9025725497574,Conservatorium van Amsterdam,52.375833,4.908056,3.0,0.4098,0.3-0.7km,no,main,EU
1036250735319845,amsterdam_church,streetview\amsterdam_church\1036250735319845.jpg,52.37737484654,4.9025725497574,"Oude Kerk, Amsterdam",52.374167,4.898056,4.0,0.4704,0.3-0.7km,no,main,EU
1036250735319845,amsterdam_church,streetview\amsterdam_church\1036250735319845.jpg,52.37737484654,4.9025725497574,De Krijtberg,52.367778,4.888056,4.0,1.4526,0.7-1.5km,no,main,EU
1036250735319845,amsterdam_church,streetview\amsterdam_church\1036250735319845.jpg,52.37737484654,4.9025725497574,Museum of Bags and Purses,52.3652,4.8969,2.0,1.4075,0.7-1.5km,no,main,EU
1036250735319845,amsterdam_church,streetview\amsterdam_church\1036250735319845.jpg,52.37737484654,4.9025725497574,Amsterdam Muiderpoort railway station,52.360833333,4.931111111,3.0,2.6716,1.5-3.0km,no,main,EU
1036250735319845,amsterdam_church,streetview\amsterdam_church\1036250735319845.jpg,52.37737484654,4.9025725497574,De Pijp,52.3531,4.8961,3.0,2.7348,1.5-3.0km,no,main,EU
1036250735319845,amsterdam_church,streetview\amsterdam_church\1036250735319845.jpg,52.37737484654,4.9025725497574,Noord metro station,52.401667,4.932222,3.0,3.3682,3.0-6.0km,no,main,EU
1036250735319845,amsterdam_church,streetview\amsterdam_church\1036250735319845.jpg,52.37737484654,4.9025725497574,Amsterdam Lelylaan station,52.357222222,4.833888888,3.0,5.1738,3.0-6.0km,no,main,EU
516373416038884,amsterdam_natura,streetview\amsterdam_natura\516373416038884.jpg,52.366830443151,4.9197136389989,Artis Zoo,52.366111111,4.916666666,5.0,0.2218,0.15-0.3km,no,main,EU
516373416038884,amsterdam_natura,streetview\amsterdam_natura\516373416038884.jpg,52.366830443151,4.9197136389989,Het Scheepvaartmuseum,52.371388888,4.914719444,4.0,0.6098,0.3-0.7km,no,main,EU
516373416038884,amsterdam_natura,streetview\amsterdam_natura\516373416038884.jpg,52.366830443151,4.9197136389989,Micropia,52.366861111,4.912583333,2.0,0.4841,0.3-0.7km,no,main,EU
516373416038884,amsterdam_natura,streetview\amsterdam_natura\516373416038884.jpg,52.366830443151,4.9197136389989,Conservatorium van Amsterdam,52.375833,4.908056,3.0,1.2761,0.7-1.5km,no,main,EU
516373416038884,amsterdam_natura,streetview\amsterdam_natura\516373416038884.jpg,52.366830443151,4.9197136389989,Rembrandt House Museum,52.369444,4.901389,4.0,1.2776,0.7-1.5km,no,main,EU
516373416038884,amsterdam_natura,streetview\amsterdam_natura\516373416038884.jpg,52.366830443151,4.9197136389989,Tuschinski Theatre,52.366111,4.894444,4.0,1.7176,1.5-3.0km,no,main,EU
516373416038884,amsterdam_natura,streetview\amsterdam_natura\516373416038884.jpg,52.366830443151,4.9197136389989,Allard Pierson Museum,52.368825906,4.893061712,2.0,1.8231,1.5-3.0km,no,main,EU
516373416038884,amsterdam_natura,streetview\amsterdam_natura\516373416038884.jpg,52.366830443151,4.9197136389989,Ignatius Gymnasium,52.3496,4.8738,2.0,3.6596,3.0-6.0km,no,main,EU
516373416038884,amsterdam_natura,streetview\amsterdam_natura\516373416038884.jpg,52.366830443151,4.9197136389989,Amsterdam Zuid station,52.338888888,4.873055555,4.0,4.4379,3.0-6.0km,no,main,EU
2912452038996684,amsterdam_vondelpark,streetview\amsterdam_vondelpark\2912452038996684.jpg,52.359569633411,4.8625730997483,Vondelpark,52.356944444,4.866388888,5.0,0.3903,0.3-0.7km,no,main,EU
2912452038996684,amsterdam_vondelpark,streetview\amsterdam_vondelpark\2912452038996684.jpg,52.359569633411,4.8625730997483,"American Hotel, Amsterdam",52.363611,4.881111,4.0,1.3366,0.7-1.5km,no,main,EU
2912452038996684,amsterdam_vondelpark,streetview\amsterdam_vondelpark\2912452038996684.jpg,52.359569633411,4.8625730997483,Ignatius Gymnasium,52.3496,4.8738,2.0,1.3455,0.7-1.5km,no,main,EU
2912452038996684,amsterdam_vondelpark,streetview\amsterdam_vondelpark\2912452038996684.jpg,52.359569633411,4.8625730997483,Amsterdam Lelylaan station,52.357222222,4.833888888,3.0,1.9653,1.5-3.0km,no,main,EU
2912452038996684,amsterdam_vondelpark,streetview\amsterdam_vondelpark\2912452038996684.jpg,52.359569633411,4.8625730997483,"Hash, Marihuana & Hemp Museum",52.371752777,4.896911111,3.0,2.6965,1.5-3.0km,no,main,EU
2912452038996684,amsterdam_vondelpark,streetview\amsterdam_vondelpark\2912452038996684.jpg,52.359569633411,4.8625730997483,Sexmuseum Amsterdam,52.376583333,4.897277777,4.0,3.0217,3.0-6.0km,no,main,EU
2912452038996684,amsterdam_vondelpark,streetview\amsterdam_vondelpark\2912452038996684.jpg,52.359569633411,4.8625730997483,Schreierstoren,52.376388888,4.902222222,3.0,3.2778,3.0-6.0km,no,main,EU
190729989566458,athens_kotzia,streetview\athens_kotzia\190729989566458.jpg,37.979482420607,23.729902128807,Agii Theodori,37.979384,23.73008,2.0,0.019,signal,yes,main,EU
190729989566458,athens_kotzia,streetview\athens_kotzia\190729989566458.jpg,37.979482420607,23.729902128807,National Bank of Greece,37.9815112,23.728974076,2.0,0.2398,0.15-0.3km,no,main,EU
190729989566458,athens_kotzia,streetview\athens_kotzia\190729989566458.jpg,37.979482420607,23.729902128807,Panepistimiou Street,37.980267,23.732883,4.0,0.2754,0.15-0.3km,no,main,EU
190729989566458,athens_kotzia,streetview\athens_kotzia\190729989566458.jpg,37.979482420607,23.729902128807,"National Historical Museum, Athens",37.9775,23.73277778,3.0,0.3348,0.3-0.7km,no,main,EU
190729989566458,athens_kotzia,streetview\athens_kotzia\190729989566458.jpg,37.979482420607,23.729902128807,Bank of Greece,37.978611111,23.733333333,2.0,0.316,0.3-0.7km,no,main,EU
190729989566458,athens_kotzia,streetview\athens_kotzia\190729989566458.jpg,37.979482420607,23.729902128807,National Theatre of Greece,37.984722,23.725278,3.0,0.7097,0.7-1.5km,no,main,EU
190729989566458,athens_kotzia,streetview\athens_kotzia\190729989566458.jpg,37.979482420607,23.729902128807,Byzantine and Christian Museum,37.97507,23.74452,3.0,1.372,0.7-1.5km,no,main,EU
190729989566458,athens_kotzia,streetview\athens_kotzia\190729989566458.jpg,37.979482420607,23.729902128807,Kypseli,38.00023611,23.73905556,3.0,2.4431,1.5-3.0km,no,main,EU
190729989566458,athens_kotzia,streetview\athens_kotzia\190729989566458.jpg,37.979482420607,23.729902128807,Kerameikos Archaeological Museum,37.967,23.717,3.0,1.7904,1.5-3.0km,no,main,EU
190729989566458,athens_kotzia,streetview\athens_kotzia\190729989566458.jpg,37.979482420607,23.729902128807,Ano Patisia metro station,38.023735,23.73599,3.0,4.9495,3.0-6.0km,no,main,EU
190729989566458,athens_kotzia,streetview\athens_kotzia\190729989566458.jpg,37.979482420607,23.729902128807,Kolokynthou,38.001854497,23.709014951,2.0,3.0885,3.0-6.0km,no,main,EU
828209511434939,athens_monastiraki,streetview\athens_monastiraki\828209511434939.jpg,37.978462560492,23.722922571785,Psyri,37.97777778,23.725,4.0,0.1974,0.15-0.3km,no,main,EU
828209511434939,athens_monastiraki,streetview\athens_monastiraki\828209511434939.jpg,37.978462560492,23.722922571785,Altar of the Twelve Gods,37.9758,23.7228,2.0,0.2963,0.15-0.3km,no,main,EU
828209511434939,athens_monastiraki,streetview\athens_monastiraki\828209511434939.jpg,37.978462560492,23.722922571785,Museum of the Ancient Agora,37.975,23.724166666,4.0,0.4002,0.3-0.7km,no,main,EU
828209511434939,athens_monastiraki,streetview\athens_monastiraki\828209511434939.jpg,37.978462560492,23.722922571785,Kerameikos,37.978333333,23.718611111,3.0,0.3782,0.3-0.7km,no,main,EU
828209511434939,athens_monastiraki,streetview\athens_monastiraki\828209511434939.jpg,37.978462560492,23.722922571785,Old Royal Palace,37.97527778,23.73694444,3.0,1.279,0.7-1.5km,no,main,EU
828209511434939,athens_monastiraki,streetview\athens_monastiraki\828209511434939.jpg,37.978462560492,23.722922571785,Arch of Hadrian (Athens),37.970167,23.732,4.0,1.2182,0.7-1.5km,no,main,EU
828209511434939,athens_monastiraki,streetview\athens_monastiraki\828209511434939.jpg,37.978462560492,23.722922571785,Evangelismos metro station,37.9759,23.74656,4.0,2.0913,1.5-3.0km,no,main,EU
828209511434939,athens_monastiraki,streetview\athens_monastiraki\828209511434939.jpg,37.978462560492,23.722922571785,First Cemetery of Athens,37.963161111,23.737875,3.0,2.1478,1.5-3.0km,no,main,EU
828209511434939,athens_monastiraki,streetview\athens_monastiraki\828209511434939.jpg,37.978462560492,23.722922571785,Agioi Anargyroi,38.0275,23.71833333,3.0,5.4675,3.0-6.0km,no,main,EU
828209511434939,athens_monastiraki,streetview\athens_monastiraki\828209511434939.jpg,37.978462560492,23.722922571785,Aigaleo,37.9902,23.68,3.0,3.9818,3.0-6.0km,no,main,EU
1143667572727383,athens_national,streetview\athens_national\1143667572727383.jpg,37.973387542653,23.735143372028,Old Royal Palace,37.97527778,23.73694444,3.0,0.2629,0.15-0.3km,no,main,EU
1143667572727383,athens_national,streetview\athens_national\1143667572727383.jpg,37.973387542653,23.735143372028,Zappeion,37.971389,23.736389,3.0,0.2476,0.15-0.3km,no,main,EU
1143667572727383,athens_national,streetview\athens_national\1143667572727383.jpg,37.973387542653,23.735143372028,"Presidential Mansion, Athens",37.97261944,23.74083333,3.0,0.506,0.3-0.7km,no,main,EU
1143667572727383,athens_national,streetview\athens_national\1143667572727383.jpg,37.973387542653,23.735143372028,Museum of Cycladic Art,37.9757,23.74227,3.0,0.6755,0.3-0.7km,no,main,EU
1143667572727383,athens_national,streetview\athens_national\1143667572727383.jpg,37.973387542653,23.735143372028,Psyri,37.97777778,23.725,4.0,1.0143,0.7-1.5km,no,main,EU
1143667572727383,athens_national,streetview\athens_national\1143667572727383.jpg,37.973387542653,23.735143372028,Koukaki,37.964,23.723,3.0,1.4909,0.7-1.5km,no,main,EU
1143667572727383,athens_national,streetview\athens_national\1143667572727383.jpg,37.973387542653,23.735143372028,Akadimia Platonos,37.98999,23.711667,2.0,2.7644,1.5-3.0km,no,main,EU
1143667572727383,athens_national,streetview\athens_national\1143667572727383.jpg,37.973387542653,23.735143372028,Leoforos Alexandras Stadium,37.987169444,23.754194444,3.0,2.2664,1.5-3.0km,no,main,EU
1143667572727383,athens_national,streetview\athens_national\1143667572727383.jpg,37.973387542653,23.735143372028,Tourkovounia,38.0078,23.7621,3.0,4.497,3.0-6.0km,no,main,EU
1143667572727383,athens_national,streetview\athens_national\1143667572727383.jpg,37.973387542653,23.735143372028,Moschato metro station,37.95525,23.680465,3.0,5.2004,3.0-6.0km,no,main,EU
903410113723266,barcelona_fontana,streetview\barcelona_fontana\903410113723266.jpg,41.401283498537,2.1538055344176,Gràcia station,41.39972,2.15209,4.0,0.2252,0.15-0.3km,no,main,EU
903410113723266,barcelona_fontana,streetview\barcelona_fontana\903410113723266.jpg,41.401283498537,2.1538055344176,Fontana metro station,41.40263,2.15275,4.0,0.1737,0.15-0.3km,no,main,EU
903410113723266,barcelona_fontana,streetview\barcelona_fontana\903410113723266.jpg,41.401283498537,2.1538055344176,Sant Gervasi station,41.400833,2.146944,3.0,0.5745,0.3-0.7km,no,main,EU
903410113723266,barcelona_fontana,streetview\barcelona_fontana\903410113723266.jpg,41.401283498537,2.1538055344176,Casa Vicens,41.403486545,2.150643258,3.0,0.36,0.3-0.7km,no,main,EU
903410113723266,barcelona_fontana,streetview\barcelona_fontana\903410113723266.jpg,41.401283498537,2.1538055344176,Casa de les Punxes,41.39798,2.163783,3.0,0.9097,0.7-1.5km,no,main,EU
903410113723266,barcelona_fontana,streetview\barcelona_fontana\903410113723266.jpg,41.401283498537,2.1538055344176,Vallcarca metro station,41.41175,2.144944444,3.0,1.3786,0.7-1.5km,no,main,EU
903410113723266,barcelona_fontana,streetview\barcelona_fontana\903410113723266.jpg,41.401283498537,2.1538055344176,CosmoCaixa Barcelona,41.413055555,2.131111111,3.0,2.3013,1.5-3.0km,no,main,EU
903410113723266,barcelona_fontana,streetview\barcelona_fontana\903410113723266.jpg,41.401283498537,2.1538055344176,Museu de la Xocolata,41.387056,2.181818,3.0,2.8219,1.5-3.0km,no,main,EU
903410113723266,barcelona_fontana,streetview\barcelona_fontana\903410113723266.jpg,41.401283498537,2.1538055344176,Montbau station,41.43,2.14472222,3.0,3.2817,3.0-6.0km,no,main,EU
903410113723266,barcelona_fontana,streetview\barcelona_fontana\903410113723266.jpg,41.401283498537,2.1538055344176,Palau Sant Jordi,41.363389,2.152556,4.0,4.215,3.0-6.0km,no,main,EU
385781315930165,barcelona_lesseps,streetview\barcelona_lesseps\385781315930165.jpg,41.403853286398,2.1499568242563,Casa Vicens,41.403486545,2.150643258,3.0,0.0703,signal,yes,main,EU
385781315930165,barcelona_lesseps,streetview\barcelona_lesseps\385781315930165.jpg,41.403853286398,2.1499568242563,Lesseps station,41.40611111,2.14944444,4.0,0.2547,0.15-0.3km,no,main,EU
385781315930165,barcelona_lesseps,streetview\barcelona_lesseps\385781315930165.jpg,41.403853286398,2.1499568242563,Fontana metro station,41.40263,2.15275,4.0,0.2698,0.15-0.3km,no,main,EU
385781315930165,barcelona_lesseps,streetview\barcelona_lesseps\385781315930165.jpg,41.403853286398,2.1499568242563,Sant Gervasi station,41.400833,2.146944,3.0,0.4194,0.3-0.7km,no,main,EU
385781315930165,barcelona_lesseps,streetview\barcelona_lesseps\385781315930165.jpg,41.403853286398,2.1499568242563,Gràcia station,41.39972,2.15209,4.0,0.4928,0.3-0.7km,no,main,EU
385781315930165,barcelona_lesseps,streetview\barcelona_lesseps\385781315930165.jpg,41.403853286398,2.1499568242563,Avinguda Tibidabo station,41.410024,2.137091,2.0,1.2736,0.7-1.5km,no,main,EU
385781315930165,barcelona_lesseps,streetview\barcelona_lesseps\385781315930165.jpg,41.403853286398,2.1499568242563,Institut Ramon Llull,41.396703888,2.161283055,2.0,1.2347,0.7-1.5km,no,main,EU
385781315930165,barcelona_lesseps,streetview\barcelona_lesseps\385781315930165.jpg,41.403853286398,2.1499568242563,Hospital de Sant Pau,41.412777777,2.174444444,4.0,2.2706,1.5-3.0km,no,main,EU
385781315930165,barcelona_lesseps,streetview\barcelona_lesseps\385781315930165.jpg,41.403853286398,2.1499568242563,Maria Cristina station,41.388083333,2.126372222,3.0,2.6354,1.5-3.0km,no,main,EU
385781315930165,barcelona_lesseps,streetview\barcelona_lesseps\385781315930165.jpg,41.403853286398,2.1499568242563,Plaça d'Espanya station,41.375036111,2.149163888,4.0,3.205,3.0-6.0km,no,main,EU
385781315930165,barcelona_lesseps,streetview\barcelona_lesseps\385781315930165.jpg,41.403853286398,2.1499568242563,Paral·lel station,41.376144,2.168781,3.0,3.4582,3.0-6.0km,no,main,EU
822762453806968,barcelona_sants,streetview\barcelona_sants\822762453806968.jpg,41.376232230453,2.1366906218166,Plaça de Sants station,41.375416666,2.135652777,3.0,0.1254,signal,yes,main,EU
822762453806968,barcelona_sants,streetview\barcelona_sants\822762453806968.jpg,41.376232230453,2.1366906218166,Hostafrancs station,41.375363888,2.14355,2.0,0.5804,0.3-0.7km,no,main,EU
822762453806968,barcelona_sants,streetview\barcelona_sants\822762453806968.jpg,41.376232230453,2.1366906218166,Sants Estació station,41.379166666,2.140277777,4.0,0.4428,0.3-0.7km,no,main,EU
822762453806968,barcelona_sants,streetview\barcelona_sants\822762453806968.jpg,41.376232230453,2.1366906218166,Magic Fountain of Montjuïc,41.371139,2.151727,4.0,1.3766,0.7-1.5km,no,main,EU
822762453806968,barcelona_sants,streetview\barcelona_sants\822762453806968.jpg,41.376232230453,2.1366906218166,Plaça d'Espanya station,41.375036111,2.149163888,4.0,1.0492,0.7-1.5km,no,main,EU
822762453806968,barcelona_sants,streetview\barcelona_sants\822762453806968.jpg,41.376232230453,2.1366906218166,Monastery of Pedralbes,41.39555556,2.11222222,3.0,2.9637,1.5-3.0km,no,main,EU
822762453806968,barcelona_sants,streetview\barcelona_sants\822762453806968.jpg,41.376232230453,2.1366906218166,Sant Gervasi station,41.400833,2.146944,3.0,2.8661,1.5-3.0km,no,main,EU
822762453806968,barcelona_sants,streetview\barcelona_sants\822762453806968.jpg,41.376232230453,2.1366906218166,Arc de Triomf station,41.392444444,2.180611111,4.0,4.0837,3.0-6.0km,no,main,EU
822762453806968,barcelona_sants,streetview\barcelona_sants\822762453806968.jpg,41.376232230453,2.1366906218166,Sant Just Desvern,41.383333,2.075,3.0,5.2073,3.0-6.0km,no,main,EU
1348620445524301,berlin_alte,streetview\berlin_alte\1348620445524301.jpg,52.520542612056,13.398049355114,Alte Nationalgalerie,52.52081,13.398353,4.0,0.0361,signal,yes,main,EU
1348620445524301,berlin_alte,streetview\berlin_alte\1348620445524301.jpg,52.520542612056,13.398049355114,Neues Museum,52.5202,13.3976,5.0,0.0487,signal,yes,main,EU
1348620445524301,berlin_alte,streetview\berlin_alte\1348620445524301.jpg,52.520542612056,13.398049355114,Altes Museum,52.519444444,13.398888888,5.0,0.1347,signal,yes,main,EU
1348620445524301,berlin_alte,streetview\berlin_alte\1348620445524301.jpg,52.520542612056,13.398049355114,Pergamon Museum,52.521,13.396,5.0,0.1477,signal,yes,main,EU
1348620445524301,berlin_alte,streetview\berlin_alte\1348620445524301.jpg,52.520542612056,13.398049355114,German Historical Museum,52.518055555,13.396944444,4.0,0.2865,0.15-0.3km,no,main,EU
1348620445524301,berlin_alte,streetview\berlin_alte\1348620445524301.jpg,52.520542612056,13.398049355114,Lustgarten,52.518611111,13.399722222,5.0,0.2428,0.15-0.3km,no,main,EU
1348620445524301,berlin_alte,streetview\berlin_alte\1348620445524301.jpg,52.520542612056,13.398049355114,Berlin State Opera,52.516666666,13.394722222,4.0,0.4862,0.3-0.7km,no,main,EU
1348620445524301,berlin_alte,streetview\berlin_alte\1348620445524301.jpg,52.520542612056,13.398049355114,St. Hedwig's Cathedral,52.515833333,13.394722222,3.0,0.57,0.3-0.7km,no,main,EU
1348620445524301,berlin_alte,streetview\berlin_alte\1348620445524301.jpg,52.520542612056,13.398049355114,Hotel Adlon,52.5160431,13.3799442,4.0,1.3233,0.7-1.5km,no,main,EU
1348620445524301,berlin_alte,streetview\berlin_alte\1348620445524301.jpg,52.520542612056,13.398049355114,Brandenburg Gate,52.516272222,13.377722222,5.0,1.4551,0.7-1.5km,no,main,EU
1348620445524301,berlin_alte,streetview\berlin_alte\1348620445524301.jpg,52.520542612056,13.398049355114,Charité,52.526944,13.377222,4.0,1.5786,1.5-3.0km,no,main,EU
1348620445524301,berlin_alte,streetview\berlin_alte\1348620445524301.jpg,52.520542612056,13.398049355114,Neue Nationalgalerie,52.506944444,13.367777777,3.0,2.5461,1.5-3.0km,no,main,EU
1348620445524301,berlin_alte,streetview\berlin_alte\1348620445524301.jpg,52.520542612056,13.398049355114,Straße des 17. Juni,52.514416666,13.348583333,3.0,3.4157,3.0-6.0km,no,main,EU
1348620445524301,berlin_alte,streetview\berlin_alte\1348620445524301.jpg,52.520542612056,13.398049355114,Berlin Zoo,52.508333333,13.3375,5.0,4.3164,3.0-6.0km,no,main,EU
314484880385575,berlin_jewish,streetview\berlin_jewish\314484880385575.jpg,52.503676726361,13.398877296046,Berlinische Galerie,52.5039,13.3981,2.0,0.0582,signal,yes,main,EU
314484880385575,berlin_jewish,streetview\berlin_jewish\314484880385575.jpg,52.503676726361,13.398877296046,Jewish Museum Berlin,52.502312,13.395447,3.0,0.2774,0.15-0.3km,no,main,EU
314484880385575,berlin_jewish,streetview\berlin_jewish\314484880385575.jpg,52.503676726361,13.398877296046,Berlin Observatory,52.50388889,13.39416667,1.0,0.3197,0.3-0.7km,no,main,EU
314484880385575,berlin_jewish,streetview\berlin_jewish\314484880385575.jpg,52.503676726361,13.398877296046,German Bundesrat,52.50916667,13.38138889,3.0,1.3318,0.7-1.5km,no,main,EU
314484880385575,berlin_jewish,streetview\berlin_jewish\314484880385575.jpg,52.503676726361,13.398877296046,Federal Ministry of Finance (Germany),52.50861111,13.38416667,2.0,1.1368,0.7-1.5km,no,main,EU
314484880385575,berlin_jewish,streetview\berlin_jewish\314484880385575.jpg,52.503676726361,13.398877296046,Bahntower,52.509722,13.375,1.0,1.7503,1.5-3.0km,no,main,EU
314484880385575,berlin_jewish,streetview\berlin_jewish\314484880385575.jpg,52.503676726361,13.398877296046,"Federal Chancellery, Berlin",52.52,13.3694,3.0,2.697,1.5-3.0km,no,main,EU
314484880385575,berlin_jewish,streetview\berlin_jewish\314484880385575.jpg,52.503676726361,13.398877296046,Hamburger Bahnhof,52.528333333,13.372222222,3.0,3.2818,3.0-6.0km,no,main,EU
314484880385575,berlin_jewish,streetview\berlin_jewish\314484880385575.jpg,52.503676726361,13.398877296046,Bellevue Palace,52.5175,13.353333333,3.0,3.4442,3.0-6.0km,no,main,EU
477577623572574,berlin_st,streetview\berlin_st\477577623572574.jpg,52.514197514108,13.394258841589,Berlin-Brandenburg Academy of Sciences and Humanities,52.5139,13.3942,1.0,0.0333,signal,yes,main,EU
477577623572574,berlin_st,streetview\berlin_st\477577623572574.jpg,52.514197514108,13.394258841589,"French Cathedral, Berlin",52.514444,13.392222,3.0,0.1405,signal,yes,main,EU
477577623572574,berlin_st,streetview\berlin_st\477577623572574.jpg,52.514197514108,13.394258841589,Gendarmenmarkt,52.513611111,13.392777777,5.0,0.1196,signal,yes,main,EU
477577623572574,berlin_st,streetview\berlin_st\477577623572574.jpg,52.514197514108,13.394258841589,Friedrichswerder Church,52.515833,13.397222,2.0,0.2707,0.15-0.3km,no,main,EU
477577623572574,berlin_st,streetview\berlin_st\477577623572574.jpg,52.514197514108,13.394258841589,Federal Ministry of Justice and Consumer Protection,52.512018656,13.395872218,2.0,0.2657,0.15-0.3km,no,main,EU
477577623572574,berlin_st,streetview\berlin_st\477577623572574.jpg,52.514197514108,13.394258841589,Altes Museum,52.519444444,13.398888888,5.0,0.6622,0.3-0.7km,no,main,EU
477577623572574,berlin_st,streetview\berlin_st\477577623572574.jpg,52.514197514108,13.394258841589,Komische Oper Berlin,52.515833333,13.386944444,3.0,0.5273,0.3-0.7km,no,main,EU
477577623572574,berlin_st,streetview\berlin_st\477577623572574.jpg,52.514197514108,13.394258841589,Berlin House of Representatives,52.508055555,13.381944444,2.0,1.0775,0.7-1.5km,no,main,EU
477577623572574,berlin_st,streetview\berlin_st\477577623572574.jpg,52.514197514108,13.394258841589,Memorial to Homosexuals Persecuted Under Nazism,52.5133,13.37608,2.0,1.2342,0.7-1.5km,no,main,EU
477577623572574,berlin_st,streetview\berlin_st\477577623572574.jpg,52.514197514108,13.394258841589,Schwules Museum,52.5043,13.3579,2.0,2.6956,1.5-3.0km,no,main,EU
477577623572574,berlin_st,streetview\berlin_st\477577623572574.jpg,52.514197514108,13.394258841589,Invalids' Cemetery,52.531944444,13.371111111,2.0,2.5193,1.5-3.0km,no,main,EU
477577623572574,berlin_st,streetview\berlin_st\477577623572574.jpg,52.514197514108,13.394258841589,Robert Koch Institute,52.539194444,13.347194444,2.0,4.2265,3.0-6.0km,no,main,EU
477577623572574,berlin_st,streetview\berlin_st\477577623572574.jpg,52.514197514108,13.394258841589,Ibn Rushd-Goethe Mosque,52.525,13.34944444,1.0,3.2614,3.0-6.0km,no,main,EU
2911654482489566,bogota_general,streetview\bogota_general\2911654482489566.jpg,4.5913040140529,-74.079182198972,Iglesia de Santa Bárbara,4.59222222,-74.07861111,3.0,0.1201,signal,yes,main,SA
2911654482489566,bogota_general,streetview\bogota_general\2911654482489566.jpg,4.5913040140529,-74.079182198972,Fragmentos,4.5925,-74.0791,3.0,0.1333,signal,yes,main,SA
2911654482489566,bogota_general,streetview\bogota_general\2911654482489566.jpg,4.5913040140529,-74.079182198972,Archivo Distrital de Bogotá,4.59138889,-74.07722222,2.0,0.2174,0.15-0.3km,no,main,SA
2911654482489566,bogota_general,streetview\bogota_general\2911654482489566.jpg,4.5913040140529,-74.079182198972,Monumento a la Batalla de Ayacucho,4.594845997,-74.076721042,2.0,0.4791,0.3-0.7km,no,main,SA
2911654482489566,bogota_general,streetview\bogota_general\2911654482489566.jpg,4.5913040140529,-74.079182198972,Claustro de San Agustín,4.595266666,-74.07855,2.0,0.4462,0.3-0.7km,no,main,SA
2911654482489566,bogota_general,streetview\bogota_general\2911654482489566.jpg,4.5913040140529,-74.079182198972,Instituto Técnico Central,4.6,-74.083333333,2.0,1.0708,0.7-1.5km,no,main,SA
2911654482489566,bogota_general,streetview\bogota_general\2911654482489566.jpg,4.5913040140529,-74.079182198972,Policarpa,4.586857,-74.088562,3.0,1.1512,0.7-1.5km,no,main,SA
2911654482489566,bogota_general,streetview\bogota_general\2911654482489566.jpg,4.5913040140529,-74.079182198972,Las Nieves,4.606005007,-74.074342207,4.0,1.7204,1.5-3.0km,no,main,SA
2911654482489566,bogota_general,streetview\bogota_general\2911654482489566.jpg,4.5913040140529,-74.079182198972,Cerro Guadalupe,4.569722222,-74.072222222,4.0,2.5207,1.5-3.0km,no,main,SA
2911654482489566,bogota_general,streetview\bogota_general\2911654482489566.jpg,4.5913040140529,-74.079182198972,Catholic University of Colombia,4.63416667,-74.06694444,3.0,4.9554,3.0-6.0km,no,main,SA
2911654482489566,bogota_general,streetview\bogota_general\2911654482489566.jpg,4.5913040140529,-74.079182198972,Saint Thomas Aquinas University,4.63805556,-74.06444444,4.0,5.4491,3.0-6.0km,no,main,SA
3211043612444726,bogota_national,streetview\bogota_national\3211043612444726.jpg,4.6093897499731,-74.067270590458,Park of the Independence,4.611046,-74.068828,4.0,0.2524,0.15-0.3km,no,main,SA
3211043612444726,bogota_national,streetview\bogota_national\3211043612444726.jpg,4.6093897499731,-74.067270590458,Museum of the Sea,4.606878,-74.067711,2.0,0.2835,0.15-0.3km,no,main,SA
3211043612444726,bogota_national,streetview\bogota_national\3211043612444726.jpg,4.6093897499731,-74.067270590458,Museo Nacional (TransMilenio),4.615095915,-74.069264197,3.0,0.6719,0.3-0.7km,no,main,SA
3211043612444726,bogota_national,streetview\bogota_national\3211043612444726.jpg,4.6093897499731,-74.067270590458,Teatro Jorge Eliécer Gaitán,4.60872,-74.07077,3.0,0.3949,0.3-0.7km,no,main,SA
3211043612444726,bogota_national,streetview\bogota_national\3211043612444726.jpg,4.6093897499731,-74.067270590458,La Gran Colombia University,4.601175,-74.06566111,4.0,0.9307,0.7-1.5km,no,main,SA
3211043612444726,bogota_national,streetview\bogota_national\3211043612444726.jpg,4.6093897499731,-74.067270590458,Central Cemetery of Bogotá,4.616388888,-74.075277777,3.0,1.1804,0.7-1.5km,no,main,SA
3211043612444726,bogota_national,streetview\bogota_national\3211043612444726.jpg,4.6093897499731,-74.067270590458,National Institute of Legal Medicine and Forensic Sciences,4.598326,-74.082886,2.0,2.1234,1.5-3.0km,no,main,SA
3211043612444726,bogota_national,streetview\bogota_national\3211043612444726.jpg,4.6093897499731,-74.067270590458,Centro Memoria (TransMilenio),4.621874479,-74.077427555,3.0,1.7873,1.5-3.0km,no,main,SA
3211043612444726,bogota_national,streetview\bogota_national\3211043612444726.jpg,4.6093897499731,-74.067270590458,Avenida Primero de Mayo station,4.576954092,-74.093638068,3.0,4.6421,3.0-6.0km,no,main,SA
3211043612444726,bogota_national,streetview\bogota_national\3211043612444726.jpg,4.6093897499731,-74.067270590458,Teatro Libre de Bogotá,4.64834,-74.06265,3.0,4.3612,3.0-6.0km,no,main,SA
3821181418008164,bogota_planetarium,streetview\bogota_planetarium\3821181418008164.jpg,4.6100882707189,-74.071091269566,Torre Colpatria,4.610833333,-74.070277777,5.0,0.1224,signal,yes,main,SA
3821181418008164,bogota_planetarium,streetview\bogota_planetarium\3821181418008164.jpg,4.6100882707189,-74.071091269566,Bogotá Museum of Modern Art,4.610222222,-74.069333333,4.0,0.1954,0.15-0.3km,no,main,SA
3821181418008164,bogota_planetarium,streetview\bogota_planetarium\3821181418008164.jpg,4.6100882707189,-74.071091269566,Park of the Independence,4.611046,-74.068828,4.0,0.2725,0.15-0.3km,no,main,SA
3821181418008164,bogota_planetarium,streetview\bogota_planetarium\3821181418008164.jpg,4.6100882707189,-74.071091269566,Hotel Tequendama,4.61277778,-74.07277778,4.0,0.3527,0.3-0.7km,no,main,SA
3821181418008164,bogota_planetarium,streetview\bogota_planetarium\3821181418008164.jpg,4.6100882707189,-74.071091269566,BD Bacatá,4.604888888,-74.070138888,5.0,0.5877,0.3-0.7km,no,main,SA
3821181418008164,bogota_planetarium,streetview\bogota_planetarium\3821181418008164.jpg,4.6100882707189,-74.071091269566,Parque Santander,4.6021,-74.0726,5.0,0.9039,0.7-1.5km,no,main,SA
3821181418008164,bogota_planetarium,streetview\bogota_planetarium\3821181418008164.jpg,4.6100882707189,-74.071091269566,Museo del Oro station,4.601125624,-74.072981277,5.0,1.0184,0.7-1.5km,no,main,SA
3821181418008164,bogota_planetarium,streetview\bogota_planetarium\3821181418008164.jpg,4.6100882707189,-74.071091269566,National Capitol of Colombia,4.5975,-74.076388888,4.0,1.5179,1.5-3.0km,no,main,SA
3821181418008164,bogota_planetarium,streetview\bogota_planetarium\3821181418008164.jpg,4.6100882707189,-74.071091269566,Universidad Externado de Colombia,4.5958,-74.0684,4.0,1.6165,1.5-3.0km,no,main,SA
3821181418008164,bogota_planetarium,streetview\bogota_planetarium\3821181418008164.jpg,4.6100882707189,-74.071091269566,Iglesia de Nuestra Señora de Lourdes,4.64944,-74.0625,4.0,4.4781,3.0-6.0km,no,main,SA
3821181418008164,bogota_planetarium,streetview\bogota_planetarium\3821181418008164.jpg,4.6100882707189,-74.071091269566,Corferias,4.629746,-74.090166,4.0,3.041,3.0-6.0km,no,main,SA
1132720907192718,boston_chinatown,streetview\boston_chinatown\1132720907192718.jpg,42.354563254438,-71.06208567936,Park Street Church,42.356944444,-71.062222222,3.0,0.265,0.15-0.3km,no,main,AN
1132720907192718,boston_chinatown,streetview\boston_chinatown\1132720907192718.jpg,42.354563254438,-71.06208567936,Chinatown station (MBTA),42.3524,-71.0626,4.0,0.2442,0.15-0.3km,no,main,AN
1132720907192718,boston_chinatown,streetview\boston_chinatown\1132720907192718.jpg,42.354563254438,-71.06208567936,South Station,42.351944,-71.055278,5.0,0.6307,0.3-0.7km,no,main,AN
1132720907192718,boston_chinatown,streetview\boston_chinatown\1132720907192718.jpg,42.354563254438,-71.06208567936,"Chinatown, Boston",42.35,-71.06,5.0,0.5356,0.3-0.7km,no,main,AN
1132720907192718,boston_chinatown,streetview\boston_chinatown\1132720907192718.jpg,42.354563254438,-71.06208567936,Massachusetts General Hospital,42.362777777,-71.068888888,4.0,1.0709,0.7-1.5km,no,main,AN
1132720907192718,boston_chinatown,streetview\boston_chinatown\1132720907192718.jpg,42.354563254438,-71.06208567936,Quincy Market,42.36,-71.055,5.0,0.8393,0.7-1.5km,no,main,AN
1132720907192718,boston_chinatown,streetview\boston_chinatown\1132720907192718.jpg,42.354563254438,-71.06208567936,Stata Center,42.36154,-71.09056,4.0,2.4649,1.5-3.0km,no,main,AN
1132720907192718,boston_chinatown,streetview\boston_chinatown\1132720907192718.jpg,42.354563254438,-71.06208567936,MIT Media Lab,42.3608,-71.08768,3.0,2.2144,1.5-3.0km,no,main,AN
1132720907192718,boston_chinatown,streetview\boston_chinatown\1132720907192718.jpg,42.354563254438,-71.06208567936,Jackson Square station,42.3231,-71.0998,3.0,4.6743,3.0-6.0km,no,main,AN
1132720907192718,boston_chinatown,streetview\boston_chinatown\1132720907192718.jpg,42.354563254438,-71.06208567936,Harvard Law School,42.377972222,-71.1185,4.0,5.3157,3.0-6.0km,no,main,AN
1473516979961618,boston_longfellow,streetview\boston_longfellow\1473516979961618.jpg,42.361401609515,-71.073240708062,Charles/MGH station,42.3612,-71.071,4.0,0.1855,0.15-0.3km,no,main,AN
1473516979961618,boston_longfellow,streetview\boston_longfellow\1473516979961618.jpg,42.361401609515,-71.073240708062,Longfellow Bridge,42.361666666,-71.075277777,4.0,0.1699,0.15-0.3km,no,main,AN
1473516979961618,boston_longfellow,streetview\boston_longfellow\1473516979961618.jpg,42.361401609515,-71.073240708062,Massachusetts General Hospital,42.362777777,-71.068888888,4.0,0.3889,0.3-0.7km,no,main,AN
1473516979961618,boston_longfellow,streetview\boston_longfellow\1473516979961618.jpg,42.361401609515,-71.073240708062,Beacon Hill,42.3583,-71.0661,4.0,0.6806,0.3-0.7km,no,main,AN
1473516979961618,boston_longfellow,streetview\boston_longfellow\1473516979961618.jpg,42.361401609515,-71.073240708062,Boston Common,42.355,-71.065555555,5.0,0.9516,0.7-1.5km,no,main,AN
1473516979961618,boston_longfellow,streetview\boston_longfellow\1473516979961618.jpg,42.361401609515,-71.073240708062,North Station,42.3663,-71.06222,5.0,1.0567,0.7-1.5km,no,main,AN
1473516979961618,boston_longfellow,streetview\boston_longfellow\1473516979961618.jpg,42.361401609515,-71.073240708062,Boston Children's Museum,42.3516,-71.0498,4.0,2.2131,1.5-3.0km,no,main,AN
1473516979961618,boston_longfellow,streetview\boston_longfellow\1473516979961618.jpg,42.361401609515,-71.073240708062,Quincy Market,42.36,-71.055,5.0,1.5068,1.5-3.0km,no,main,AN
1473516979961618,boston_longfellow,streetview\boston_longfellow\1473516979961618.jpg,42.361401609515,-71.073240708062,Dorchester,42.316666666,-71.05,4.0,5.3285,3.0-6.0km,no,main,AN
1473516979961618,boston_longfellow,streetview\boston_longfellow\1473516979961618.jpg,42.361401609515,-71.073240708062,Fenway–Kenmore,42.342052777,-71.100252777,4.0,3.0913,3.0-6.0km,no,main,AN
1328088438137398,boston_park,streetview\boston_park\1328088438137398.jpg,42.355308610938,-71.065309310291,Boston Common,42.355,-71.065555555,5.0,0.0398,signal,yes,main,AN
1328088438137398,boston_park,streetview\boston_park\1328088438137398.jpg,42.355308610938,-71.065309310291,Park Street station,42.356388888,-71.0625,5.0,0.2602,0.15-0.3km,no,main,AN
1328088438137398,boston_park,streetview\boston_park\1328088438137398.jpg,42.355308610938,-71.065309310291,King's Chapel,42.358055555,-71.06,5.0,0.5326,0.3-0.7km,no,main,AN
1328088438137398,boston_park,streetview\boston_park\1328088438137398.jpg,42.355308610938,-71.065309310291,Tufts Medical Center station,42.34934,-71.06433,4.0,0.6685,0.3-0.7km,no,main,AN
1328088438137398,boston_park,streetview\boston_park\1328088438137398.jpg,42.355308610938,-71.065309310291,Custom House Tower,42.359069444,-71.053369444,4.0,1.0665,0.7-1.5km,no,main,AN
1328088438137398,boston_park,streetview\boston_park\1328088438137398.jpg,42.355308610938,-71.065309310291,Aquarium station (MBTA),42.3596,-71.0523,4.0,1.1706,0.7-1.5km,no,main,AN
1328088438137398,boston_park,streetview\boston_park\1328088438137398.jpg,42.355308610938,-71.065309310291,Prudential Tower,42.3472,-71.0825,5.0,1.6759,1.5-3.0km,no,main,AN
1328088438137398,boston_park,streetview\boston_park\1328088438137398.jpg,42.355308610938,-71.065309310291,Berklee College of Music,42.346388888,-71.086944444,4.0,2.0358,1.5-3.0km,no,main,AN
1328088438137398,boston_park,streetview\boston_park\1328088438137398.jpg,42.355308610938,-71.065309310291,Airport station,42.3744,-71.0302,4.0,3.5815,3.0-6.0km,no,main,AN
1328088438137398,boston_park,streetview\boston_park\1328088438137398.jpg,42.355308610938,-71.065309310291,Fenway–Kenmore,42.342052777,-71.100252777,4.0,3.2278,3.0-6.0km,no,main,AN
1024515582643671,budapest_batthyny,streetview\budapest_batthyny\1024515582643671.jpg,47.507931803429,19.037049498363,Batthyány tér metro station,47.506388888,19.038611111,4.0,0.2078,0.15-0.3km,no,main,EU
1024515582643671,budapest_batthyny,streetview\budapest_batthyny\1024515582643671.jpg,47.507931803429,19.037049498363,Batthyány Square,47.506222,19.038611,4.0,0.2234,0.15-0.3km,no,main,EU
1024515582643671,budapest_batthyny,streetview\budapest_batthyny\1024515582643671.jpg,47.507931803429,19.037049498363,Lutheran Church of Budavár,47.504649,19.030742,3.0,0.5981,0.3-0.7km,no,main,EU
1024515582643671,budapest_batthyny,streetview\budapest_batthyny\1024515582643671.jpg,47.507931803429,19.037049498363,Castle Hill,47.5028,19.0317,5.0,0.6979,0.3-0.7km,no,main,EU
1024515582643671,budapest_batthyny,streetview\budapest_batthyny\1024515582643671.jpg,47.507931803429,19.037049498363,Kossuth Square,47.50694444,19.04722222,5.0,0.7719,0.7-1.5km,no,main,EU
1024515582643671,budapest_batthyny,streetview\budapest_batthyny\1024515582643671.jpg,47.507931803429,19.037049498363,Liberty Square,47.50472222,19.05027778,4.0,1.0558,0.7-1.5km,no,main,EU
1024515582643671,budapest_batthyny,streetview\budapest_batthyny\1024515582643671.jpg,47.507931803429,19.037049498363,Café Gerbeaud,47.4969481,19.0502242,5.0,1.572,1.5-3.0km,no,main,EU
1024515582643671,budapest_batthyny,streetview\budapest_batthyny\1024515582643671.jpg,47.507931803429,19.037049498363,Bajcsy-Zsilinszky út metro station,47.499444444,19.055,4.0,1.6458,1.5-3.0km,no,main,EU
1024515582643671,budapest_batthyny,streetview\budapest_batthyny\1024515582643671.jpg,47.507931803429,19.037049498363,II. János Pál pápa tér metro station,47.4958,19.0775,3.0,3.3246,3.0-6.0km,no,main,EU
1024515582643671,budapest_batthyny,streetview\budapest_batthyny\1024515582643671.jpg,47.507931803429,19.037049498363,Rákóczi Bridge,47.468611111,19.0675,4.0,4.9347,3.0-6.0km,no,main,EU
1062260027616833,budapest_museum,streetview\budapest_museum\1062260027616833.jpg,47.486423370775,19.070100133743,Museum of Applied Arts (Budapest),47.48611111,19.06833333,3.0,0.1372,signal,yes,main,EU
1062260027616833,budapest_museum,streetview\budapest_museum\1062260027616833.jpg,47.486423370775,19.070100133743,Corvin-negyed metro station,47.485833333,19.07,5.0,0.066,signal,yes,main,EU
1062260027616833,budapest_museum,streetview\budapest_museum\1062260027616833.jpg,47.486423370775,19.070100133743,Semmelweis University,47.487222222,19.067222222,3.0,0.2338,0.15-0.3km,no,main,EU
1062260027616833,budapest_museum,streetview\budapest_museum\1062260027616833.jpg,47.486423370775,19.070100133743,Holocaust Memorial Center (Budapest),47.48374,19.07378,3.0,0.4068,0.3-0.7km,no,main,EU
1062260027616833,budapest_museum,streetview\budapest_museum\1062260027616833.jpg,47.486423370775,19.070100133743,Magyar Rádió,47.491075,19.064363888,3.0,0.6733,0.3-0.7km,no,main,EU
1062260027616833,budapest_museum,streetview\budapest_museum\1062260027616833.jpg,47.486423370775,19.070100133743,Grand Boulevard (Budapest),47.49969,19.06943,4.0,1.476,0.7-1.5km,no,main,EU
1062260027616833,budapest_museum,streetview\budapest_museum\1062260027616833.jpg,47.486423370775,19.070100133743,Fővám tér metro station,47.4871,19.0575,4.0,0.9498,0.7-1.5km,no,main,EU
1062260027616833,budapest_museum,streetview\budapest_museum\1062260027616833.jpg,47.486423370775,19.070100133743,Gresham Palace,47.49974722,19.04798056,5.0,2.2264,1.5-3.0km,no,main,EU
1062260027616833,budapest_museum,streetview\budapest_museum\1062260027616833.jpg,47.486423370775,19.070100133743,National Theatre (Budapest),47.47083333,19.07083333,4.0,1.7344,1.5-3.0km,no,main,EU
1062260027616833,budapest_museum,streetview\budapest_museum\1062260027616833.jpg,47.486423370775,19.070100133743,Margaret Bridge,47.514722222,19.043611111,5.0,3.7231,3.0-6.0km,no,main,EU
1062260027616833,budapest_museum,streetview\budapest_museum\1062260027616833.jpg,47.486423370775,19.070100133743,Széll Kálmán tér,47.507083,19.024194,5.0,4.1438,3.0-6.0km,no,main,EU
1035925578399762,budapest_university,streetview\budapest_university\1035925578399762.jpg,47.481993384326,19.052807412637,Hotel Gellért,47.483867,19.052214,4.0,0.2131,0.15-0.3km,no,main,EU
1035925578399762,budapest_university,streetview\budapest_university\1035925578399762.jpg,47.481993384326,19.052807412637,Gellért Baths,47.48370833,19.05097222,5.0,0.2353,0.15-0.3km,no,main,EU
1035925578399762,budapest_university,streetview\budapest_university\1035925578399762.jpg,47.481993384326,19.052807412637,Great Market Hall,47.48669,19.0588,5.0,0.6896,0.3-0.7km,no,main,EU
1035925578399762,budapest_university,streetview\budapest_university\1035925578399762.jpg,47.481993384326,19.052807412637,Móricz Zsigmond körtér metro station,47.477222222,19.0475,3.0,0.6637,0.3-0.7km,no,main,EU
1035925578399762,budapest_university,streetview\budapest_university\1035925578399762.jpg,47.481993384326,19.052807412637,Magyar Rádió,47.491075,19.064363888,3.0,1.3318,0.7-1.5km,no,main,EU
1035925578399762,budapest_university,streetview\budapest_university\1035925578399762.jpg,47.481993384326,19.052807412637,Small Boulevard (Budapest),47.491111,19.062778,3.0,1.2606,0.7-1.5km,no,main,EU
1035925578399762,budapest_university,streetview\budapest_university\1035925578399762.jpg,47.481993384326,19.052807412637,Müpa Budapest,47.46944444,19.07166667,3.0,1.989,1.5-3.0km,no,main,EU
1035925578399762,budapest_university,streetview\budapest_university\1035925578399762.jpg,47.481993384326,19.052807412637,Blaha Lujza tér metro station,47.497222222,19.070555555,5.0,2.1554,1.5-3.0km,no,main,EU
1035925578399762,budapest_university,streetview\budapest_university\1035925578399762.jpg,47.481993384326,19.052807412637,Lutheran Church of Budavár,47.504649,19.030742,3.0,3.0157,3.0-6.0km,no,main,EU
1035925578399762,budapest_university,streetview\budapest_university\1035925578399762.jpg,47.481993384326,19.052807412637,Rózsadomb,47.515861,19.017306,4.0,4.6146,3.0-6.0km,no,main,EU
1140069433587404,copenhagen_castle,streetview\copenhagen_castle\1140069433587404.jpg,55.676902949934,12.577301316785,Gammel Strand station,55.6776,12.5791,4.0,0.1368,signal,yes,main,EU
1140069433587404,copenhagen_castle,streetview\copenhagen_castle\1140069433587404.jpg,55.676902949934,12.577301316785,Thorvaldsen Museum,55.67669,12.57827,4.0,0.0652,signal,yes,main,EU
1140069433587404,copenhagen_castle,streetview\copenhagen_castle\1140069433587404.jpg,55.676902949934,12.577301316785,Copenhagen Court House,55.67718,12.57274,3.0,0.2876,0.15-0.3km,no,main,EU
1140069433587404,copenhagen_castle,streetview\copenhagen_castle\1140069433587404.jpg,55.676902949934,12.577301316785,Nytorv,55.6776,12.573,4.0,0.2806,0.15-0.3km,no,main,EU
1140069433587404,copenhagen_castle,streetview\copenhagen_castle\1140069433587404.jpg,55.676902949934,12.577301316785,"Folketeatret, Copenhagen",55.68138889,12.57111111,3.0,0.632,0.3-0.7km,no,main,EU
1140069433587404,copenhagen_castle,streetview\copenhagen_castle\1140069433587404.jpg,55.676902949934,12.577301316785,Magasin du Nord,55.6793,12.5847,5.0,0.535,0.3-0.7km,no,main,EU
1140069433587404,copenhagen_castle,streetview\copenhagen_castle\1140069433587404.jpg,55.676902949934,12.577301316785,"Radisson Collection Royal Hotel, Copenhagen",55.67506,12.56338,3.0,0.8966,0.7-1.5km,no,main,EU
1140069433587404,copenhagen_castle,streetview\copenhagen_castle\1140069433587404.jpg,55.676902949934,12.577301316785,Østervold Observatory,55.68688333,12.57591944,3.0,1.1131,0.7-1.5km,no,main,EU
1140069433587404,copenhagen_castle,streetview\copenhagen_castle\1140069433587404.jpg,55.676902949934,12.577301316785,"St. Alban's Church, Copenhagen",55.68917,12.59696,4.0,1.8383,1.5-3.0km,no,main,EU
1140069433587404,copenhagen_castle,streetview\copenhagen_castle\1140069433587404.jpg,55.676902949934,12.577301316785,Østre Anlæg,55.69083,12.58194,3.0,1.5757,1.5-3.0km,no,main,EU
1140069433587404,copenhagen_castle,streetview\copenhagen_castle\1140069433587404.jpg,55.676902949934,12.577301316785,Vanløse railway station,55.687,12.4925,4.0,5.4335,3.0-6.0km,no,main,EU
1140069433587404,copenhagen_castle,streetview\copenhagen_castle\1140069433587404.jpg,55.676902949934,12.577301316785,Tårnby railway station,55.6298,12.6022,3.0,5.4656,3.0-6.0km,no,main,EU
4029585117102461,copenhagen_det,streetview\copenhagen_det\4029585117102461.jpg,55.674525934401,12.554843352917,Det Ny Teater,55.673333333,12.555277777,4.0,0.1354,signal,yes,main,EU
4029585117102461,copenhagen_det,streetview\copenhagen_det\4029585117102461.jpg,55.674525934401,12.554843352917,Liberty Column,55.67419,12.56329,3.0,0.5309,0.3-0.7km,no,main,EU
4029585117102461,copenhagen_det,streetview\copenhagen_det\4029585117102461.jpg,55.674525934401,12.554843352917,Vesterport railway station,55.6759,12.5625,3.0,0.5038,0.3-0.7km,no,main,EU
4029585117102461,copenhagen_det,streetview\copenhagen_det\4029585117102461.jpg,55.674525934401,12.554843352917,Frederiksberg,55.6779,12.5327,5.0,1.4382,0.7-1.5km,no,main,EU
4029585117102461,copenhagen_det,streetview\copenhagen_det\4029585117102461.jpg,55.674525934401,12.554843352917,"City Hall Square, Copenhagen",55.67606,12.568826,5.0,0.8932,0.7-1.5km,no,main,EU
4029585117102461,copenhagen_det,streetview\copenhagen_det\4029585117102461.jpg,55.674525934401,12.554843352917,Amalienborg,55.684027777,12.593333333,5.0,2.6343,1.5-3.0km,no,main,EU
4029585117102461,copenhagen_det,streetview\copenhagen_det\4029585117102461.jpg,55.674525934401,12.554843352917,Enghave Brygge station,55.653888888,12.556388888,3.0,2.2968,1.5-3.0km,no,main,EU
4029585117102461,copenhagen_det,streetview\copenhagen_det\4029585117102461.jpg,55.674525934401,12.554843352917,Svanemøllen railway station,55.715556,12.578056,3.0,4.7886,3.0-6.0km,no,main,EU
4029585117102461,copenhagen_det,streetview\copenhagen_det\4029585117102461.jpg,55.674525934401,12.554843352917,The Little Mermaid,55.69286,12.59926,5.0,3.4509,3.0-6.0km,no,main,EU
1103000450178625,copenhagen_museum,streetview\copenhagen_museum\1103000450178625.jpg,55.674855676986,12.57144321202,Museum of Copenhagen,55.674333333,12.572611111,3.0,0.0935,signal,yes,main,EU
1103000450178625,copenhagen_museum,streetview\copenhagen_museum\1103000450178625.jpg,55.674855676986,12.57144321202,H. C. Andersens Boulevard,55.67463,12.57003,4.0,0.0921,signal,yes,main,EU
1103000450178625,copenhagen_museum,streetview\copenhagen_museum\1103000450178625.jpg,55.674855676986,12.57144321202,Copenhagen City Hall,55.675278,12.570278,4.0,0.0869,signal,yes,main,EU
1103000450178625,copenhagen_museum,streetview\copenhagen_museum\1103000450178625.jpg,55.674855676986,12.57144321202,Jens Olsen's World Clock,55.67555556,12.56944444,2.0,0.1475,signal,yes,main,EU
1103000450178625,copenhagen_museum,streetview\copenhagen_museum\1103000450178625.jpg,55.674855676986,12.57144321202,"City Hall Square, Copenhagen",55.67606,12.568826,5.0,0.2118,0.15-0.3km,no,main,EU
1103000450178625,copenhagen_museum,streetview\copenhagen_museum\1103000450178625.jpg,55.674855676986,12.57144321202,Tivoli Gardens,55.673611111,12.568333333,5.0,0.2391,0.15-0.3km,no,main,EU
1103000450178625,copenhagen_museum,streetview\copenhagen_museum\1103000450178625.jpg,55.674855676986,12.57144321202,Frederiksholms Kanal,55.673611111,12.577777777,3.0,0.4206,0.3-0.7km,no,main,EU
1103000450178625,copenhagen_museum,streetview\copenhagen_museum\1103000450178625.jpg,55.674855676986,12.57144321202,Thorvaldsen Museum,55.67669,12.57827,4.0,0.4742,0.3-0.7km,no,main,EU
1103000450178625,copenhagen_museum,streetview\copenhagen_museum\1103000450178625.jpg,55.674855676986,12.57144321202,Knippelsbro,55.674722222,12.587222222,3.0,0.9895,0.7-1.5km,no,main,EU
1103000450178625,copenhagen_museum,streetview\copenhagen_museum\1103000450178625.jpg,55.674855676986,12.57144321202,Circle Bridge,55.67243,12.5838,4.0,0.8204,0.7-1.5km,no,main,EU
1103000450178625,copenhagen_museum,streetview\copenhagen_museum\1103000450178625.jpg,55.674855676986,12.57144321202,Frederik's Church,55.685,12.589444444,5.0,1.5956,1.5-3.0km,no,main,EU
1103000450178625,copenhagen_museum,streetview\copenhagen_museum\1103000450178625.jpg,55.674855676986,12.57144321202,Aksel Møllers Have station,55.6858,12.5328,3.0,2.7111,1.5-3.0km,no,main,EU
1103000450178625,copenhagen_museum,streetview\copenhagen_museum\1103000450178625.jpg,55.674855676986,12.57144321202,Grundtvig's Church,55.71658333,12.53361111,4.0,5.2105,3.0-6.0km,no,main,EU
1103000450178625,copenhagen_museum,streetview\copenhagen_museum\1103000450178625.jpg,55.674855676986,12.57144321202,Grand Mosque of Copenhagen,55.70833,12.54879,3.0,3.9838,3.0-6.0km,no,main,EU
880384989205695,delhi_holy,streetview\delhi_holy\880384989205695.jpg,28.642405330321,77.232203525526,Delhi Stock Exchange,28.64208333,77.23288889,2.0,0.0759,signal,yes,main,SA
880384989205695,delhi_holy,streetview\delhi_holy\880384989205695.jpg,28.642405330321,77.232203525526,Ramlila,28.641892,77.230698,3.0,0.1576,0.15-0.3km,no,main,SA
880384989205695,delhi_holy,streetview\delhi_holy\880384989205695.jpg,28.642405330321,77.232203525526,Ramlila Maidan,28.641892,77.230698,4.0,0.1576,0.15-0.3km,no,main,SA
880384989205695,delhi_holy,streetview\delhi_holy\880384989205695.jpg,28.642405330321,77.232203525526,Zakir Husain Delhi College,28.6397,77.2302,2.0,0.3588,0.3-0.7km,no,main,SA
880384989205695,delhi_holy,streetview\delhi_holy\880384989205695.jpg,28.642405330321,77.232203525526,Kalan Masjid,28.645119698,77.230929846,2.0,0.3264,0.3-0.7km,no,main,SA
880384989205695,delhi_holy,streetview\delhi_holy\880384989205695.jpg,28.642405330321,77.232203525526,"Gandharva Mahavidyalaya, New Delhi",28.6296403,77.2352191,1.0,1.4496,0.7-1.5km,no,main,SA
880384989205695,delhi_holy,streetview\delhi_holy\880384989205695.jpg,28.642405330321,77.232203525526,Madrasa Ghaziuddin Khan,28.645910571,77.222065979,1.0,1.0633,0.7-1.5km,no,main,SA
880384989205695,delhi_holy,streetview\delhi_holy\880384989205695.jpg,28.642405330321,77.232203525526,Indian National Science Academy,28.628833333,77.24075,2.0,1.7243,1.5-3.0km,no,main,SA
880384989205695,delhi_holy,streetview\delhi_holy\880384989205695.jpg,28.642405330321,77.232203525526,Cochin House,28.6234,77.2165,1.0,2.6105,1.5-3.0km,no,main,SA
880384989205695,delhi_holy,streetview\delhi_holy\880384989205695.jpg,28.642405330321,77.232203525526,National Defence College (India),28.6044,77.2167,2.0,4.4888,3.0-6.0km,no,main,SA
880384989205695,delhi_holy,streetview\delhi_holy\880384989205695.jpg,28.642405330321,77.232203525526,"Kamla Nagar, New Delhi",28.68,77.2,3.0,5.2295,3.0-6.0km,no,main,SA
172129334780144,delhi_national,streetview\delhi_national\172129334780144.jpg,28.612544764569,77.234500084315,National War Memorial (India),28.612772222,77.233052777,3.0,0.1435,signal,yes,main,SA
172129334780144,delhi_national,streetview\delhi_national\172129334780144.jpg,28.612544764569,77.234500084315,Major Dhyan Chand National Stadium,28.6125,77.237222,4.0,0.2657,0.15-0.3km,no,main,SA
172129334780144,delhi_national,streetview\delhi_national\172129334780144.jpg,28.612544764569,77.234500084315,National Gallery of Modern Art,28.610182,77.234401,3.0,0.2629,0.15-0.3km,no,main,SA
172129334780144,delhi_national,streetview\delhi_national\172129334780144.jpg,28.612544764569,77.234500084315,Delhi High Court,28.608953,77.236199,3.0,0.4325,0.3-0.7km,no,main,SA
172129334780144,delhi_national,streetview\delhi_national\172129334780144.jpg,28.612544764569,77.234500084315,Research Design and Standards Organisation,28.616831,77.23048,2.0,0.6174,0.3-0.7km,no,main,SA
172129334780144,delhi_national,streetview\delhi_national\172129334780144.jpg,28.612544764569,77.234500084315,Dholpur House,28.6082,77.2267,2.0,0.9018,0.7-1.5km,no,main,SA
172129334780144,delhi_national,streetview\delhi_national\172129334780144.jpg,28.612544764569,77.234500084315,National Zoological Park Delhi,28.6044359,77.2461981,4.0,1.455,0.7-1.5km,no,main,SA
172129334780144,delhi_national,streetview\delhi_national\172129334780144.jpg,28.612544764569,77.234500084315,Shivaji Bridge railway station,28.634101,77.226612,4.0,2.5176,1.5-3.0km,no,main,SA
172129334780144,delhi_national,streetview\delhi_national\172129334780144.jpg,28.612544764569,77.234500084315,"Modern School, New Delhi",28.6283,77.2295,2.0,1.8186,1.5-3.0km,no,main,SA
172129334780144,delhi_national,streetview\delhi_national\172129334780144.jpg,28.612544764569,77.234500084315,Talkatora Gardens,28.624166666,77.193333333,3.0,4.221,3.0-6.0km,no,main,SA
172129334780144,delhi_national,streetview\delhi_national\172129334780144.jpg,28.612544764569,77.234500084315,"German School, New Delhi",28.5991998,77.18723774,3.0,4.8466,3.0-6.0km,no,main,SA
1485255096489604,delhi_vijay,streetview\delhi_vijay\1485255096489604.jpg,28.615233455611,77.218623369034,Ministry of Youth Affairs and Sports,28.6159,77.2157,1.0,0.2948,0.15-0.3km,no,main,SA
1485255096489604,delhi_vijay,streetview\delhi_vijay\1485255096489604.jpg,28.615233455611,77.218623369034,Rajpath,28.613388,77.218397,4.0,0.2064,0.15-0.3km,no,main,SA
1485255096489604,delhi_vijay,streetview\delhi_vijay\1485255096489604.jpg,28.615233455611,77.218623369034,Vigyan Bhawan,28.61041389,77.22081389,3.0,0.577,0.3-0.7km,no,main,SA
1485255096489604,delhi_vijay,streetview\delhi_vijay\1485255096489604.jpg,28.615233455611,77.218623369034,National Museum of India,28.611811,77.219262,4.0,0.3856,0.3-0.7km,no,main,SA
1485255096489604,delhi_vijay,streetview\delhi_vijay\1485255096489604.jpg,28.615233455611,77.218623369034,Election Commission of India,28.623888888,77.211111111,2.0,1.2099,0.7-1.5km,no,main,SA
1485255096489604,delhi_vijay,streetview\delhi_vijay\1485255096489604.jpg,28.615233455611,77.218623369034,Hyderabad House,28.616025,77.227801,3.0,0.9002,0.7-1.5km,no,main,SA
1485255096489604,delhi_vijay,streetview\delhi_vijay\1485255096489604.jpg,28.615233455611,77.218623369034,Khairul Manazil,28.6075,77.239444444,2.0,2.2069,1.5-3.0km,no,main,SA
1485255096489604,delhi_vijay,streetview\delhi_vijay\1485255096489604.jpg,28.615233455611,77.218623369034,Talkatora Indoor Stadium,28.622456,77.192925,3.0,2.6338,1.5-3.0km,no,main,SA
1485255096489604,delhi_vijay,streetview\delhi_vijay\1485255096489604.jpg,28.615233455611,77.218623369034,Thyagaraj Sports Complex,28.576944,77.216667,3.0,4.2619,3.0-6.0km,no,main,SA
1485255096489604,delhi_vijay,streetview\delhi_vijay\1485255096489604.jpg,28.615233455611,77.218623369034,Delhi Stock Exchange,28.64208333,77.23288889,2.0,3.2943,3.0-6.0km,no,main,SA
1246019787240480,edinburgh_dugald,streetview\edinburgh_dugald\1246019787240480.jpg,55.952964542348,-3.1890105723928,Regent Bridge,55.9537,-3.18723,2.0,0.1378,signal,yes,main,EU
1246019787240480,edinburgh_dugald,streetview\edinburgh_dugald\1246019787240480.jpg,55.952964542348,-3.1890105723928,National Archives of Scotland,55.953751,-3.189296,2.0,0.0892,signal,yes,main,EU
1246019787240480,edinburgh_dugald,streetview\edinburgh_dugald\1246019787240480.jpg,55.952964542348,-3.1890105723928,Edinburgh,55.953333333,-3.189166666,5.0,0.0421,signal,yes,main,EU
1246019787240480,edinburgh_dugald,streetview\edinburgh_dugald\1246019787240480.jpg,55.952964542348,-3.1890105723928,Court of the Lord Lyon,55.954,-3.19,2.0,0.1306,signal,yes,main,EU
1246019787240480,edinburgh_dugald,streetview\edinburgh_dugald\1246019787240480.jpg,55.952964542348,-3.1890105723928,Balmoral Hotel,55.9527,-3.18961,5.0,0.0475,signal,yes,main,EU
1246019787240480,edinburgh_dugald,streetview\edinburgh_dugald\1246019787240480.jpg,55.952964542348,-3.1890105723928,"North Bridge, Edinburgh",55.9519,-3.1884,5.0,0.1243,signal,yes,main,EU
1246019787240480,edinburgh_dugald,streetview\edinburgh_dugald\1246019787240480.jpg,55.952964542348,-3.1890105723928,"Theatre Royal, Edinburgh",55.953,-3.19,3.0,0.0617,signal,yes,main,EU
1246019787240480,edinburgh_dugald,streetview\edinburgh_dugald\1246019787240480.jpg,55.952964542348,-3.1890105723928,Edinburgh Waverley railway station,55.952,-3.189,5.0,0.1073,signal,yes,main,EU
1246019787240480,edinburgh_dugald,streetview\edinburgh_dugald\1246019787240480.jpg,55.952964542348,-3.1890105723928,St Andrew Square,55.9542,-3.19306,5.0,0.2871,0.15-0.3km,no,main,EU
1246019787240480,edinburgh_dugald,streetview\edinburgh_dugald\1246019787240480.jpg,55.952964542348,-3.1890105723928,Scott Monument,55.952416666,-3.193277777,5.0,0.2726,0.15-0.3km,no,main,EU
1246019787240480,edinburgh_dugald,streetview\edinburgh_dugald\1246019787240480.jpg,55.952964542348,-3.1890105723928,Tron Kirk,55.95,-3.187777777,4.0,0.3385,0.3-0.7km,no,main,EU
1246019787240480,edinburgh_dugald,streetview\edinburgh_dugald\1246019787240480.jpg,55.952964542348,-3.1890105723928,The Mound,55.950078,-3.195592,5.0,0.5205,0.3-0.7km,no,main,EU
1246019787240480,edinburgh_dugald,streetview\edinburgh_dugald\1246019787240480.jpg,55.952964542348,-3.1890105723928,Charlotte Square,55.951765,-3.207686,5.0,1.1703,0.7-1.5km,no,main,EU
1246019787240480,edinburgh_dugald,streetview\edinburgh_dugald\1246019787240480.jpg,55.952964542348,-3.1890105723928,Usher Hall,55.94727,-3.20502,5.0,1.1809,0.7-1.5km,no,main,EU
1246019787240480,edinburgh_dugald,streetview\edinburgh_dugald\1246019787240480.jpg,55.952964542348,-3.1890105723928,Bruntsfield,55.9368,-3.20735,4.0,2.1295,1.5-3.0km,no,main,EU
1246019787240480,edinburgh_dugald,streetview\edinburgh_dugald\1246019787240480.jpg,55.952964542348,-3.1890105723928,National Galleries of Scotland,55.951944444,-3.223888888,5.0,2.1743,1.5-3.0km,no,main,EU
1246019787240480,edinburgh_dugald,streetview\edinburgh_dugald\1246019787240480.jpg,55.952964542348,-3.1890105723928,Murrayfield Stadium,55.942231,-3.240921,5.0,3.4455,3.0-6.0km,no,main,EU
1246019787240480,edinburgh_dugald,streetview\edinburgh_dugald\1246019787240480.jpg,55.952964542348,-3.1890105723928,Royal Infirmary of Edinburgh,55.922777777,-3.136666666,4.0,4.6791,3.0-6.0km,no,main,EU
2026854387467094,edinburgh_greyfriars,streetview\edinburgh_greyfriars\2026854387467094.jpg,55.945147596676,-3.1927957332816,George Heriot's School,55.94591338,-3.194674301,3.0,0.1447,signal,yes,main,EU
2026854387467094,edinburgh_greyfriars,streetview\edinburgh_greyfriars\2026854387467094.jpg,55.945147596676,-3.1927957332816,Greyfriars Kirk,55.9466,-3.1922,4.0,0.1657,0.15-0.3km,no,main,EU
2026854387467094,edinburgh_greyfriars,streetview\edinburgh_greyfriars\2026854387467094.jpg,55.945147596676,-3.1927957332816,Greyfriars Bobby Fountain,55.9469,-3.19133,4.0,0.2152,0.15-0.3km,no,main,EU
2026854387467094,edinburgh_greyfriars,streetview\edinburgh_greyfriars\2026854387467094.jpg,55.945147596676,-3.1927957332816,Edinburgh University Library,55.9428,-3.189,4.0,0.3521,0.3-0.7km,no,main,EU
2026854387467094,edinburgh_greyfriars,streetview\edinburgh_greyfriars\2026854387467094.jpg,55.945147596676,-3.1927957332816,Royal College of Surgeons of Edinburgh,55.946666666,-3.185277777,2.0,0.4977,0.3-0.7km,no,main,EU
2026854387467094,edinburgh_greyfriars,streetview\edinburgh_greyfriars\2026854387467094.jpg,55.945147596676,-3.1927957332816,Bute House,55.9526,-3.20806,2.0,1.2609,0.7-1.5km,no,main,EU
2026854387467094,edinburgh_greyfriars,streetview\edinburgh_greyfriars\2026854387467094.jpg,55.945147596676,-3.1927957332816,Scottish National Portrait Gallery,55.955511213,-3.193608578,4.0,1.1535,0.7-1.5km,no,main,EU
2026854387467094,edinburgh_greyfriars,streetview\edinburgh_greyfriars\2026854387467094.jpg,55.945147596676,-3.1927957332816,Jock's Lodge,55.9551,-3.15041,2.0,2.8616,1.5-3.0km,no,main,EU
2026854387467094,edinburgh_greyfriars,streetview\edinburgh_greyfriars\2026854387467094.jpg,55.945147596676,-3.1927957332816,Easter Road,55.961666666,-3.165555555,3.0,2.5,1.5-3.0km,no,main,EU
2026854387467094,edinburgh_greyfriars,streetview\edinburgh_greyfriars\2026854387467094.jpg,55.945147596676,-3.1927957332816,Leith Central railway station,55.9703,-3.1716,2.0,3.0924,3.0-6.0km,no,main,EU
2026854387467094,edinburgh_greyfriars,streetview\edinburgh_greyfriars\2026854387467094.jpg,55.945147596676,-3.1927957332816,Brunstane railway station,55.9419,-3.1007,3.0,5.7462,3.0-6.0km,no,main,EU
730005887692629,edinburgh_museum,streetview\edinburgh_museum\730005887692629.jpg,55.951516373152,-3.1841140994019,John Knox House,55.950594444,-3.185072222,2.0,0.1186,signal,yes,main,EU
730005887692629,edinburgh_museum,streetview\edinburgh_museum\730005887692629.jpg,55.951516373152,-3.1841140994019,Royal Mile,55.950555555,-3.185555555,5.0,0.1395,signal,yes,main,EU
730005887692629,edinburgh_museum,streetview\edinburgh_museum\730005887692629.jpg,55.951516373152,-3.1841140994019,Old Calton Burial Ground,55.9535,-3.18599,2.0,0.2496,0.15-0.3km,no,main,EU
730005887692629,edinburgh_museum,streetview\edinburgh_museum\730005887692629.jpg,55.951516373152,-3.1841140994019,St Andrew's House,55.9535,-3.184,3.0,0.2207,0.15-0.3km,no,main,EU
730005887692629,edinburgh_museum,streetview\edinburgh_museum\730005887692629.jpg,55.951516373152,-3.1841140994019,Cowgate,55.9486,-3.18833,3.0,0.4172,0.3-0.7km,no,main,EU
730005887692629,edinburgh_museum,streetview\edinburgh_museum\730005887692629.jpg,55.951516373152,-3.1841140994019,National Archives of Scotland,55.953751,-3.189296,2.0,0.4072,0.3-0.7km,no,main,EU
730005887692629,edinburgh_museum,streetview\edinburgh_museum\730005887692629.jpg,55.951516373152,-3.1841140994019,Greyfriars Kirkyard,55.947,-3.19272,3.0,0.7344,0.7-1.5km,no,main,EU
730005887692629,edinburgh_museum,streetview\edinburgh_museum\730005887692629.jpg,55.951516373152,-3.1841140994019,Bute House,55.9526,-3.20806,2.0,1.4957,0.7-1.5km,no,main,EU
730005887692629,edinburgh_museum,streetview\edinburgh_museum\730005887692629.jpg,55.951516373152,-3.1841140994019,Merchiston,55.9365,-3.2095,3.0,2.2993,1.5-3.0km,no,main,EU
730005887692629,edinburgh_museum,streetview\edinburgh_museum\730005887692629.jpg,55.951516373152,-3.1841140994019,Modern Two,55.9518,-3.2242,3.0,2.4958,1.5-3.0km,no,main,EU
730005887692629,edinburgh_museum,streetview\edinburgh_museum\730005887692629.jpg,55.951516373152,-3.1841140994019,Fairmilehead,55.9012,-3.20335,3.0,5.7218,3.0-6.0km,no,main,EU
730005887692629,edinburgh_museum,streetview\edinburgh_museum\730005887692629.jpg,55.951516373152,-3.1841140994019,Liberton,55.9144,-3.16188,3.0,4.3533,3.0-6.0km,no,main,EU
1034940767034025,hanoi_botanic,streetview\hanoi_botanic\1034940767034025.jpg,21.041815851132,105.83438834616,Chu Văn An High School,21.043251,105.833445,2.0,0.1872,0.15-0.3km,no,main,AS
1034940767034025,hanoi_botanic,streetview\hanoi_botanic\1034940767034025.jpg,21.041815851132,105.83438834616,Quán Thánh Temple,21.043113,105.836508,4.0,0.263,0.15-0.3km,no,main,AS
1034940767034025,hanoi_botanic,streetview\hanoi_botanic\1034940767034025.jpg,21.041815851132,105.83438834616,Hanoi Botanic Garden,21.040556,105.831667,3.0,0.3153,0.3-0.7km,no,main,AS
1034940767034025,hanoi_botanic,streetview\hanoi_botanic\1034940767034025.jpg,21.041815851132,105.83438834616,Cửa Bắc Church,21.041368,105.840708,3.0,0.6577,0.3-0.7km,no,main,AS
1034940767034025,hanoi_botanic,streetview\hanoi_botanic\1034940767034025.jpg,21.041815851132,105.83438834616,Hanoi Ceramic Mosaic Mural,21.045356,105.845973,3.0,1.265,0.7-1.5km,no,main,AS
1034940767034025,hanoi_botanic,streetview\hanoi_botanic\1034940767034025.jpg,21.041815851132,105.83438834616,Hàng Mã Street,21.0366,105.8477,4.0,1.4983,0.7-1.5km,no,main,AS
1034940767034025,hanoi_botanic,streetview\hanoi_botanic\1034940767034025.jpg,21.041815851132,105.83438834616,"Hồng Hà, Hanoi",21.055808,105.843471,2.0,1.8191,1.5-3.0km,no,main,AS
1034940767034025,hanoi_botanic,streetview\hanoi_botanic\1034940767034025.jpg,21.041815851132,105.83438834616,Long Biên station,21.039722,105.850278,4.0,1.6654,1.5-3.0km,no,main,AS
1034940767034025,hanoi_botanic,streetview\hanoi_botanic\1034940767034025.jpg,21.041815851132,105.83438834616,Bạch Mai,21.000833333,105.850555555,4.0,4.8562,3.0-6.0km,no,main,AS
1034940767034025,hanoi_botanic,streetview\hanoi_botanic\1034940767034025.jpg,21.041815851132,105.83438834616,Thong Nhat Park,21.015762,105.844818,4.0,3.0927,3.0-6.0km,no,main,AS
1032004085228168,hanoi_college,streetview\hanoi_college\1032004085228168.jpg,21.022673971713,105.84143871625,Grand Palais (Hanoi),21.02256,105.84418,3.0,0.2848,0.15-0.3km,no,main,AS
1032004085228168,hanoi_college,streetview\hanoi_college\1032004085228168.jpg,21.022673971713,105.84143871625,Hanoi,21.0245,105.84117,4.0,0.205,0.15-0.3km,no,main,AS
1032004085228168,hanoi_college,streetview\hanoi_college\1032004085228168.jpg,21.022673971713,105.84143871625,Văn Miếu station,21.0266566,105.8365412,4.0,0.6742,0.3-0.7km,no,main,AS
1032004085228168,hanoi_college,streetview\hanoi_college\1032004085228168.jpg,21.022673971713,105.84143871625,Thiền Quang Lake,21.018427777,105.845544444,3.0,0.636,0.3-0.7km,no,main,AS
1032004085228168,hanoi_college,streetview\hanoi_college\1032004085228168.jpg,21.022673971713,105.84143871625,Chí Linh Park,21.027476,105.854363,2.0,1.4438,0.7-1.5km,no,main,AS
1032004085228168,hanoi_college,streetview\hanoi_college\1032004085228168.jpg,21.022673971713,105.84143871625,Hàng Bột,21.02333333,105.8286111,3.0,1.3334,0.7-1.5km,no,main,AS
1032004085228168,hanoi_college,streetview\hanoi_college\1032004085228168.jpg,21.022673971713,105.84143871625,Long Biên station,21.039722,105.850278,4.0,2.106,1.5-3.0km,no,main,AS
1032004085228168,hanoi_college,streetview\hanoi_college\1032004085228168.jpg,21.022673971713,105.84143871625,National Assembly Building of Vietnam,21.037222222,105.8375,3.0,1.6685,1.5-3.0km,no,main,AS
1032004085228168,hanoi_college,streetview\hanoi_college\1032004085228168.jpg,21.022673971713,105.84143871625,VNU University of Science,20.9959,105.808,3.0,4.5729,3.0-6.0km,no,main,AS
1032004085228168,hanoi_college,streetview\hanoi_college\1032004085228168.jpg,21.022673971713,105.84143871625,Thuong Dinh station,20.9975,105.812222222,4.0,4.1271,3.0-6.0km,no,main,AS
1390432642176100,hanoi_well,streetview\hanoi_well\1390432642176100.jpg,21.0304293,105.8374228,Vietnam National Museum of Fine Arts,21.030556,105.836944,4.0,0.0517,signal,yes,main,AS
1390432642176100,hanoi_well,streetview\hanoi_well\1390432642176100.jpg,21.0304293,105.8374228,Lenin Park (Hanoi),21.031685,105.839415,4.0,0.2495,0.15-0.3km,no,main,AS
1390432642176100,hanoi_well,streetview\hanoi_well\1390432642176100.jpg,21.0304293,105.8374228,Saint Paul Hospital,21.031603,105.835127,3.0,0.2717,0.15-0.3km,no,main,AS
1390432642176100,hanoi_well,streetview\hanoi_well\1390432642176100.jpg,21.0304293,105.8374228,Hanoi Train Street,21.029478,105.843149,5.0,0.6037,0.3-0.7km,no,main,AS
1390432642176100,hanoi_well,streetview\hanoi_well\1390432642176100.jpg,21.0304293,105.8374228,Cửa Nam,21.02611111,105.8408333,3.0,0.5965,0.3-0.7km,no,main,AS
1390432642176100,hanoi_well,streetview\hanoi_well\1390432642176100.jpg,21.0304293,105.8374228,Quán Thánh Temple,21.043113,105.836508,4.0,1.4136,0.7-1.5km,no,main,AS
1390432642176100,hanoi_well,streetview\hanoi_well\1390432642176100.jpg,21.0304293,105.8374228,"Presidential Palace, Hanoi",21.039444444,105.834444444,5.0,1.049,0.7-1.5km,no,main,AS
1390432642176100,hanoi_well,streetview\hanoi_well\1390432642176100.jpg,21.0304293,105.8374228,Vietnam National Museum of History,21.024722222,105.859722222,4.0,2.3999,1.5-3.0km,no,main,AS
1390432642176100,hanoi_well,streetview\hanoi_well\1390432642176100.jpg,21.0304293,105.8374228,Trấn Quốc Pagoda,21.0479,105.837,5.0,1.9431,1.5-3.0km,no,main,AS
1390432642176100,hanoi_well,streetview\hanoi_well\1390432642176100.jpg,21.0304293,105.8374228,Vĩnh Tuy Bridge,21.0044,105.876,4.0,4.9407,3.0-6.0km,no,main,AS
1390432642176100,hanoi_well,streetview\hanoi_well\1390432642176100.jpg,21.0304293,105.8374228,West Lake,21.055,105.82,4.0,3.2763,3.0-6.0km,no,main,AS
484105032839269,hongkong_fortress,streetview\hongkong_fortress\484105032839269.jpg,22.290655675314,114.19441047292,Fortress Hill station,22.2881,114.1936,5.0,0.2962,0.15-0.3km,no,main,AS
484105032839269,hongkong_fortress,streetview\hongkong_fortress\484105032839269.jpg,22.290655675314,114.19441047292,North Point,22.287111111,114.191666666,5.0,0.4848,0.3-0.7km,no,main,AS
484105032839269,hongkong_fortress,streetview\hongkong_fortress\484105032839269.jpg,22.290655675314,114.19441047292,North Point station,22.2909,114.2007,4.0,0.6477,0.3-0.7km,no,main,AS
484105032839269,hongkong_fortress,streetview\hongkong_fortress\484105032839269.jpg,22.290655675314,114.19441047292,ICAC Headquarters,22.292972,114.205583,3.0,1.178,0.7-1.5km,no,main,AS
484105032839269,hongkong_fortress,streetview\hongkong_fortress\484105032839269.jpg,22.290655675314,114.19441047292,Tin Hau station,22.2827,114.1917,5.0,0.9275,0.7-1.5km,no,main,AS
484105032839269,hongkong_fortress,streetview\hongkong_fortress\484105032839269.jpg,22.290655675314,114.19441047292,The Peninsula Hong Kong,22.295291666,114.171530555,5.0,2.4098,1.5-3.0km,no,main,AS
484105032839269,hongkong_fortress,streetview\hongkong_fortress\484105032839269.jpg,22.290655675314,114.19441047292,Hong Kong Museum of Art,22.293547222,114.172025,5.0,2.3255,1.5-3.0km,no,main,AS
484105032839269,hongkong_fortress,streetview\hongkong_fortress\484105032839269.jpg,22.290655675314,114.19441047292,Dr Sun Yat-sen Museum,22.282,114.151,4.0,4.569,3.0-6.0km,no,main,AS
484105032839269,hongkong_fortress,streetview\hongkong_fortress\484105032839269.jpg,22.290655675314,114.19441047292,Ocean Park station,22.2486,114.174,5.0,5.1264,3.0-6.0km,no,main,AS
3051252728424529,hongkong_sai,streetview\hongkong_sai\3051252728424529.jpg,22.28438193735,114.14425215812,Tung Wah Hospital,22.2852,114.147,3.0,0.297,0.15-0.3km,no,main,AS
3051252728424529,hongkong_sai,streetview\hongkong_sai\3051252728424529.jpg,22.28438193735,114.14425215812,Sai Ying Pun station,22.2856,114.143,5.0,0.1869,0.15-0.3km,no,main,AS
3051252728424529,hongkong_sai,streetview\hongkong_sai\3051252728424529.jpg,22.28438193735,114.14425215812,University of Hong Kong,22.284166666,114.137777777,5.0,0.6666,0.3-0.7km,no,main,AS
3051252728424529,hongkong_sai,streetview\hongkong_sai\3051252728424529.jpg,22.28438193735,114.14425215812,Ohel Leah Synagogue,22.281861111,114.148833333,3.0,0.5484,0.3-0.7km,no,main,AS
3051252728424529,hongkong_sai,streetview\hongkong_sai\3051252728424529.jpg,22.28438193735,114.14425215812,Central station,22.282171252,114.157825305,5.0,1.418,0.7-1.5km,no,main,AS
3051252728424529,hongkong_sai,streetview\hongkong_sai\3051252728424529.jpg,22.28438193735,114.14425215812,Hong Kong station,22.2848,114.158,5.0,1.4153,0.7-1.5km,no,main,AS
3051252728424529,hongkong_sai,streetview\hongkong_sai\3051252728424529.jpg,22.28438193735,114.14425215812,Peak Tower,22.2715,114.15,5.0,1.5497,1.5-3.0km,no,main,AS
3051252728424529,hongkong_sai,streetview\hongkong_sai\3051252728424529.jpg,22.28438193735,114.14425215812,West Kowloon Cultural District,22.3051,114.162,4.0,2.9396,1.5-3.0km,no,main,AS
3051252728424529,hongkong_sai,streetview\hongkong_sai\3051252728424529.jpg,22.28438193735,114.14425215812,Wong Chuk Hang,22.2482,114.168,3.0,4.7073,3.0-6.0km,no,main,AS
3051252728424529,hongkong_sai,streetview\hongkong_sai\3051252728424529.jpg,22.28438193735,114.14425215812,Braemar Hill,22.2843,114.2,3.0,5.7359,3.0-6.0km,no,main,AS
478301073396612,hongkong_statue,streetview\hongkong_statue\478301073396612.jpg,22.28263952232,114.15977643699,Statue Square,22.28165,114.16004,5.0,0.1133,signal,yes,main,AS
478301073396612,hongkong_statue,streetview\hongkong_statue\478301073396612.jpg,22.28263952232,114.15977643699,"The Cenotaph, Hong Kong",22.28163185,114.1605753,3.0,0.139,signal,yes,main,AS
478301073396612,hongkong_statue,streetview\hongkong_statue\478301073396612.jpg,22.28263952232,114.15977643699,"Mandarin Oriental, Hong Kong",22.2821,114.159,4.0,0.0999,signal,yes,main,AS
478301073396612,hongkong_statue,streetview\hongkong_statue\478301073396612.jpg,22.28263952232,114.15977643699,Edinburgh Place,22.283142127,114.160547554,3.0,0.097,signal,yes,main,AS
478301073396612,hongkong_statue,streetview\hongkong_statue\478301073396612.jpg,22.28263952232,114.15977643699,Jardine House,22.283055555,114.158888888,4.0,0.1024,signal,yes,main,AS
478301073396612,hongkong_statue,streetview\hongkong_statue\478301073396612.jpg,22.28263952232,114.15977643699,"General Post Office, Hong Kong",22.28341667,114.15958611,3.0,0.0886,signal,yes,main,AS
478301073396612,hongkong_statue,streetview\hongkong_statue\478301073396612.jpg,22.28263952232,114.15977643699,Court of Final Appeal Building,22.28082,114.16034,3.0,0.2105,0.15-0.3km,no,main,AS
478301073396612,hongkong_statue,streetview\hongkong_statue\478301073396612.jpg,22.28263952232,114.15977643699,Bank of China Building,22.2802,114.16013,2.0,0.2737,0.15-0.3km,no,main,AS
478301073396612,hongkong_statue,streetview\hongkong_statue\478301073396612.jpg,22.28263952232,114.15977643699,Hong Kong Maritime Museum,22.286388888,114.161944444,3.0,0.4728,0.3-0.7km,no,main,AS
478301073396612,hongkong_statue,streetview\hongkong_statue\478301073396612.jpg,22.28263952232,114.15977643699,The Center,22.284722222,114.154444444,4.0,0.5955,0.3-0.7km,no,main,AS
478301073396612,hongkong_statue,streetview\hongkong_statue\478301073396612.jpg,22.28263952232,114.15977643699,Jamia Mosque,22.2802,114.152,2.0,0.8449,0.7-1.5km,no,main,AS
478301073396612,hongkong_statue,streetview\hongkong_statue\478301073396612.jpg,22.28263952232,114.15977643699,Ohel Leah Synagogue,22.281861111,114.148833333,3.0,1.1293,0.7-1.5km,no,main,AS
478301073396612,hongkong_statue,streetview\hongkong_statue\478301073396612.jpg,22.28263952232,114.15977643699,Mid-Levels,22.28262,114.14261,4.0,1.7663,1.5-3.0km,no,main,AS
478301073396612,hongkong_statue,streetview\hongkong_statue\478301073396612.jpg,22.28263952232,114.15977643699,Hopewell Centre (Hong Kong),22.2745,114.172,3.0,1.5495,1.5-3.0km,no,main,AS
478301073396612,hongkong_statue,streetview\hongkong_statue\478301073396612.jpg,22.28263952232,114.15977643699,Kai Tak Airport,22.317883333,114.202108333,3.0,5.8587,3.0-6.0km,no,main,AS
478301073396612,hongkong_statue,streetview\hongkong_statue\478301073396612.jpg,22.28263952232,114.15977643699,Quarry Bay,22.2831,114.213,4.0,5.4765,3.0-6.0km,no,main,AS
473324287286295,lima_alejandro,streetview\lima_alejandro\473324287286295.jpg,-12.068210178345,-77.025573854627,Alejandro Villanueva Stadium,-12.068542,-77.022886,4.0,0.2946,0.15-0.3km,no,main,SA
473324287286295,lima_alejandro,streetview\lima_alejandro\473324287286295.jpg,-12.068210178345,-77.025573854627,Plaza Manco Cápac,-12.0639183,-77.0300234,3.0,0.6796,0.3-0.7km,no,main,SA
473324287286295,lima_alejandro,streetview\lima_alejandro\473324287286295.jpg,-12.068210178345,-77.025573854627,Technological University of Peru,-12.064799,-77.036626,4.0,1.2602,0.7-1.5km,no,main,SA
473324287286295,lima_alejandro,streetview\lima_alejandro\473324287286295.jpg,-12.068210178345,-77.025573854627,Church of Saint Catherine of Siena,-12.055555555,-77.026111111,3.0,1.4083,0.7-1.5km,no,main,SA
473324287286295,lima_alejandro,streetview\lima_alejandro\473324287286295.jpg,-12.068210178345,-77.025573854627,The Westin Lima Hotel & Convention Center,-12.09158783,-77.02456483,4.0,2.6018,1.5-3.0km,no,main,SA
473324287286295,lima_alejandro,streetview\lima_alejandro\473324287286295.jpg,-12.068210178345,-77.025573854627,Plazuela del Teatro,-12.04703,-77.03419,3.0,2.5347,1.5-3.0km,no,main,SA
473324287286295,lima_alejandro,streetview\lima_alejandro\473324287286295.jpg,-12.068210178345,-77.025573854627,Plaza Ramón Castilla,-12.043361111,-77.043027777,3.0,3.3522,3.0-6.0km,no,main,SA
473324287286295,lima_alejandro,streetview\lima_alejandro\473324287286295.jpg,-12.068210178345,-77.025573854627,Sharon Synagogue,-12.093467017,-77.050086398,2.0,3.8718,3.0-6.0km,no,main,SA
842041836690620,lima_equestrian,streetview\lima_equestrian\842041836690620.jpg,-12.049777700835,-77.027808493754,National Library of Peru,-12.0502,-77.0281,4.0,0.0567,signal,yes,main,SA
842041836690620,lima_equestrian,streetview\lima_equestrian\842041836690620.jpg,-12.049777700835,-77.027808493754,"Basilica and Convent of San Pedro, Lima",-12.049155,-77.029008,4.0,0.1477,signal,yes,main,SA
842041836690620,lima_equestrian,streetview\lima_equestrian\842041836690620.jpg,-12.049777700835,-77.027808493754,"Chinese Arch, Lima",-12.05093,-77.02582,5.0,0.2513,0.15-0.3km,no,main,SA
842041836690620,lima_equestrian,streetview\lima_equestrian\842041836690620.jpg,-12.049777700835,-77.027808493754,Jirón Azángaro,-12.0474958,-77.0280784,3.0,0.2554,0.15-0.3km,no,main,SA
842041836690620,lima_equestrian,streetview\lima_equestrian\842041836690620.jpg,-12.049777700835,-77.027808493754,Church of Saint Catherine of Siena,-12.055555555,-77.026111111,3.0,0.6685,0.3-0.7km,no,main,SA
842041836690620,lima_equestrian,streetview\lima_equestrian\842041836690620.jpg,-12.049777700835,-77.027808493754,Jirón Huancavelica,-12.0476875,-77.033236,3.0,0.6343,0.3-0.7km,no,main,SA
842041836690620,lima_equestrian,streetview\lima_equestrian\842041836690620.jpg,-12.049777700835,-77.027808493754,Sheraton Lima Historic Center,-12.0574,-77.037,5.0,1.3105,0.7-1.5km,no,main,SA
842041836690620,lima_equestrian,streetview\lima_equestrian\842041836690620.jpg,-12.049777700835,-77.027808493754,Gran Hotel Bolívar,-12.0508,-77.0354,4.0,0.8333,0.7-1.5km,no,main,SA
842041836690620,lima_equestrian,streetview\lima_equestrian\842041836690620.jpg,-12.049777700835,-77.027808493754,National Institute of Child Health,-12.064718,-77.046181,3.0,2.5983,1.5-3.0km,no,main,SA
842041836690620,lima_equestrian,streetview\lima_equestrian\842041836690620.jpg,-12.049777700835,-77.027808493754,Park of the Reserve,-12.07083333,-77.03333333,5.0,2.4171,1.5-3.0km,no,main,SA
842041836690620,lima_equestrian,streetview\lima_equestrian\842041836690620.jpg,-12.049777700835,-77.027808493754,Plaza de la Bandera,-12.06747,-77.06121,4.0,4.1307,3.0-6.0km,no,main,SA
842041836690620,lima_equestrian,streetview\lima_equestrian\842041836690620.jpg,-12.049777700835,-77.027808493754,"Museum of Natural History, Lima",-12.077436,-77.037334,4.0,3.2452,3.0-6.0km,no,main,SA
127288426707682,lima_estadio,streetview\lima_estadio\127288426707682.jpg,-12.064595214443,-77.036225532378,Metropolitan Museum of Lima,-12.063583333,-77.036916666,5.0,0.1353,signal,yes,main,SA
127288426707682,lima_estadio,streetview\lima_estadio\127288426707682.jpg,-12.064595214443,-77.036225532378,Great Clock of Lima,-12.06407,-77.0383,3.0,0.233,0.15-0.3km,no,main,SA
127288426707682,lima_estadio,streetview\lima_estadio\127288426707682.jpg,-12.064595214443,-77.036225532378,Plaza Grau,-12.059722222,-77.035555555,5.0,0.5467,0.3-0.7km,no,main,SA
127288426707682,lima_estadio,streetview\lima_estadio\127288426707682.jpg,-12.064595214443,-77.036225532378,Lima Art Museum,-12.060445694,-77.036969611,5.0,0.4684,0.3-0.7km,no,main,SA
127288426707682,lima_estadio,streetview\lima_estadio\127288426707682.jpg,-12.064595214443,-77.036225532378,Las llamas,-12.056694444,-77.035916666,4.0,0.8792,0.7-1.5km,no,main,SA
127288426707682,lima_estadio,streetview\lima_estadio\127288426707682.jpg,-12.064595214443,-77.036225532378,Plaza Bolognesi,-12.06027778,-77.04138889,5.0,0.7387,0.7-1.5km,no,main,SA
127288426707682,lima_estadio,streetview\lima_estadio\127288426707682.jpg,-12.064595214443,-77.036225532378,"Basilica and Convent of San Francisco, Lima",-12.045497222,-77.027394444,4.0,2.3306,1.5-3.0km,no,main,SA
127288426707682,lima_estadio,streetview\lima_estadio\127288426707682.jpg,-12.064595214443,-77.036225532378,Desamparados station,-12.04435833,-77.02860833,4.0,2.3979,1.5-3.0km,no,main,SA
127288426707682,lima_estadio,streetview\lima_estadio\127288426707682.jpg,-12.064595214443,-77.036225532378,The Westin Lima Hotel & Convention Center,-12.09158783,-77.02456483,4.0,3.2583,3.0-6.0km,no,main,SA
127288426707682,lima_estadio,streetview\lima_estadio\127288426707682.jpg,-12.064595214443,-77.036225532378,Parque El Olivar,-12.10085,-77.0348,5.0,4.0343,3.0-6.0km,no,main,SA
1791686157672160,lisbon_cais,streetview\lisbon_cais\1791686157672160.jpg,38.706394880236,-9.1460180511052,Cais do Sodré Station,38.70613,-9.14508,5.0,0.0866,signal,yes,main,EU
1791686157672160,lisbon_cais,streetview\lisbon_cais\1791686157672160.jpg,38.706394880236,-9.1460180511052,Ascensor da Bica,38.708704,-9.146783,5.0,0.2652,0.15-0.3km,no,main,EU
1791686157672160,lisbon_cais,streetview\lisbon_cais\1791686157672160.jpg,38.706394880236,-9.1460180511052,Cais do Sodré railway station,38.70596,-9.14431,5.0,0.1559,0.15-0.3km,no,main,EU
1791686157672160,lisbon_cais,streetview\lisbon_cais\1791686157672160.jpg,38.706394880236,-9.1460180511052,Café A Brasileira,38.710692,-9.142047,4.0,0.5891,0.3-0.7km,no,main,EU
1791686157672160,lisbon_cais,streetview\lisbon_cais\1791686157672160.jpg,38.706394880236,-9.1460180511052,Lisbon,38.708042,-9.139016,5.0,0.6346,0.3-0.7km,no,main,EU
1791686157672160,lisbon_cais,streetview\lisbon_cais\1791686157672160.jpg,38.706394880236,-9.1460180511052,Bairro Alto,38.713746,-9.145193,5.0,0.8205,0.7-1.5km,no,main,EU
1791686157672160,lisbon_cais,streetview\lisbon_cais\1791686157672160.jpg,38.706394880236,-9.1460180511052,Rossio Square,38.713888888,-9.139444444,5.0,1.0098,0.7-1.5km,no,main,EU
1791686157672160,lisbon_cais,streetview\lisbon_cais\1791686157672160.jpg,38.706394880236,-9.1460180511052,Santa Engrácia Church,38.719166666,-9.119722222,4.0,2.6874,1.5-3.0km,no,main,EU
1791686157672160,lisbon_cais,streetview\lisbon_cais\1791686157672160.jpg,38.706394880236,-9.1460180511052,Picoas Station,38.73102,-9.14653,4.0,2.7385,1.5-3.0km,no,main,EU
1791686157672160,lisbon_cais,streetview\lisbon_cais\1791686157672160.jpg,38.706394880236,-9.1460180511052,Sete Rios railway station,38.740252,-9.166675,4.0,4.1695,3.0-6.0km,no,main,EU
1791686157672160,lisbon_cais,streetview\lisbon_cais\1791686157672160.jpg,38.706394880236,-9.1460180511052,NOVA University of Lisbon,38.7336,-9.16028,4.0,3.2683,3.0-6.0km,no,main,EU
806328096958216,lisbon_edward,streetview\lisbon_edward\806328096958216.jpg,38.73015913259,-9.1553444375198,Estufa Fria,38.7293,-9.1555,2.0,0.0965,signal,yes,main,EU
806328096958216,lisbon_edward,streetview\lisbon_edward\806328096958216.jpg,38.73015913259,-9.1553444375198,São Sebastião Station,38.73439,-9.15386,4.0,0.4878,0.3-0.7km,no,main,EU
806328096958216,lisbon_edward,streetview\lisbon_edward\806328096958216.jpg,38.73015913259,-9.1553444375198,Parque Station,38.72944,-9.15,4.0,0.4704,0.3-0.7km,no,main,EU
806328096958216,lisbon_edward,streetview\lisbon_edward\806328096958216.jpg,38.73015913259,-9.1553444375198,Águas Livres Aqueduct,38.72666667,-9.16666667,3.0,1.0561,0.7-1.5km,no,main,EU
806328096958216,lisbon_edward,streetview\lisbon_edward\806328096958216.jpg,38.73015913259,-9.1553444375198,Lisbon Synagogue,38.7203,-9.1532,2.0,1.112,0.7-1.5km,no,main,EU
806328096958216,lisbon_edward,streetview\lisbon_edward\806328096958216.jpg,38.73015913259,-9.1553444375198,Palace of the Marquises of Fronteira,38.74005833,-9.18023611,2.0,2.4234,1.5-3.0km,no,main,EU
806328096958216,lisbon_edward,streetview\lisbon_edward\806328096958216.jpg,38.73015913259,-9.1553444375198,Lisbon Academy of Sciences,38.713152,-9.149664,3.0,1.9543,1.5-3.0km,no,main,EU
806328096958216,lisbon_edward,streetview\lisbon_edward\806328096958216.jpg,38.73015913259,-9.1553444375198,Lumiar Station,38.772822,-9.159701,3.0,4.7589,3.0-6.0km,no,main,EU
806328096958216,lisbon_edward,streetview\lisbon_edward\806328096958216.jpg,38.73015913259,-9.1553444375198,Carnide,38.760833333,-9.183611111,3.0,4.2004,3.0-6.0km,no,main,EU
2856142347994065,lisbon_martim,streetview\lisbon_martim\2856142347994065.jpg,38.715554781296,-9.1358873724005,Martim Moniz Station,38.716812,-9.135749,4.0,0.1403,signal,yes,main,EU
2856142347994065,lisbon_martim,streetview\lisbon_martim\2856142347994065.jpg,38.715554781296,-9.1358873724005,Santa Justa Lift,38.715555555,-9.136388888,5.0,0.0435,signal,yes,main,EU
2856142347994065,lisbon_martim,streetview\lisbon_martim\2856142347994065.jpg,38.715554781296,-9.1358873724005,Rossio Station,38.71401,-9.13799,5.0,0.2506,0.15-0.3km,no,main,EU
2856142347994065,lisbon_martim,streetview\lisbon_martim\2856142347994065.jpg,38.715554781296,-9.1358873724005,São Jorge Castle,38.71389,-9.13333,5.0,0.289,0.15-0.3km,no,main,EU
2856142347994065,lisbon_martim,streetview\lisbon_martim\2856142347994065.jpg,38.715554781296,-9.1358873724005,Rossio railway station,38.714722,-9.142222,5.0,0.5573,0.3-0.7km,no,main,EU
2856142347994065,lisbon_martim,streetview\lisbon_martim\2856142347994065.jpg,38.715554781296,-9.1358873724005,Lisbon Cathedral,38.70985,-9.132983333,5.0,0.6826,0.3-0.7km,no,main,EU
2856142347994065,lisbon_martim,streetview\lisbon_martim\2856142347994065.jpg,38.715554781296,-9.1358873724005,Anjos Station,38.7264341,-9.13500309,4.0,1.2122,0.7-1.5km,no,main,EU
2856142347994065,lisbon_martim,streetview\lisbon_martim\2856142347994065.jpg,38.715554781296,-9.1358873724005,Ascensor da Bica,38.708704,-9.146783,5.0,1.2141,0.7-1.5km,no,main,EU
2856142347994065,lisbon_martim,streetview\lisbon_martim\2856142347994065.jpg,38.715554781296,-9.1358873724005,National Museum of Ancient Art,38.7053,-9.16072,4.0,2.4378,1.5-3.0km,no,main,EU
2856142347994065,lisbon_martim,streetview\lisbon_martim\2856142347994065.jpg,38.715554781296,-9.1358873724005,Alameda Station,38.73639,-9.13389,4.0,2.3232,1.5-3.0km,no,main,EU
2856142347994065,lisbon_martim,streetview\lisbon_martim\2856142347994065.jpg,38.715554781296,-9.1358873724005,25 de Abril Bridge,38.694183,-9.178146,5.0,4.3697,3.0-6.0km,no,main,EU
2856142347994065,lisbon_martim,streetview\lisbon_martim\2856142347994065.jpg,38.715554781296,-9.1358873724005,"Alcântara, Lisbon",38.706388888,-9.174166666,4.0,3.4742,3.0-6.0km,no,main,EU
239277707973166,london_barbican,streetview\london_barbican\239277707973166.jpg,51.521754188356,-0.095510556653824,Barbican Centre,51.5202,-0.095,3.0,0.1764,0.15-0.3km,no,main,EU
239277707973166,london_barbican,streetview\london_barbican\239277707973166.jpg,51.521754188356,-0.095510556653824,London Wall,51.5175,-0.09694444,3.0,0.4833,0.3-0.7km,no,main,EU
239277707973166,london_barbican,streetview\london_barbican\239277707973166.jpg,51.521754188356,-0.095510556653824,Shoreditch,51.526,-0.078,4.0,1.3002,0.7-1.5km,no,main,EU
239277707973166,london_barbican,streetview\london_barbican\239277707973166.jpg,51.521754188356,-0.095510556653824,Liverpool Street station,51.5186,-0.0813,5.0,1.0439,0.7-1.5km,no,main,EU
239277707973166,london_barbican,streetview\london_barbican\239277707973166.jpg,51.521754188356,-0.095510556653824,King's College London,51.511944444,-0.116111111,4.0,1.7949,1.5-3.0km,no,main,EU
239277707973166,london_barbican,streetview\london_barbican\239277707973166.jpg,51.521754188356,-0.095510556653824,Piccadilly Circus,51.51,-0.134444444,5.0,2.9944,1.5-3.0km,no,main,EU
239277707973166,london_barbican,streetview\london_barbican\239277707973166.jpg,51.521754188356,-0.095510556653824,Camden Town,51.541,-0.1433,4.0,3.938,3.0-6.0km,no,main,EU
239277707973166,london_barbican,streetview\london_barbican\239277707973166.jpg,51.521754188356,-0.095510556653824,Paddington,51.5172,-0.173,4.0,5.3854,3.0-6.0km,no,main,EU
142530148444305,london_lambeth,streetview\london_lambeth\142530148444305.jpg,51.496168791066,-0.12089622192531,Lambeth Palace,51.49556,-0.11972,2.0,0.1059,signal,yes,main,EU
142530148444305,london_lambeth,streetview\london_lambeth\142530148444305.jpg,51.496168791066,-0.12089622192531,Scotland Yard,51.50183,-0.12446,2.0,0.6761,0.3-0.7km,no,main,EU
142530148444305,london_lambeth,streetview\london_lambeth\142530148444305.jpg,51.496168791066,-0.12089622192531,Supreme Court of the United Kingdom,51.500277777,-0.128055555,2.0,0.6741,0.3-0.7km,no,main,EU
142530148444305,london_lambeth,streetview\london_lambeth\142530148444305.jpg,51.496168791066,-0.12089622192531,British Film Institute,51.503564,-0.116821,2.0,0.8693,0.7-1.5km,no,main,EU
142530148444305,london_lambeth,streetview\london_lambeth\142530148444305.jpg,51.496168791066,-0.12089622192531,Clarence House,51.504,-0.1385,2.0,1.4977,0.7-1.5km,no,main,EU
142530148444305,london_lambeth,streetview\london_lambeth\142530148444305.jpg,51.496168791066,-0.12089622192531,Southwark,51.4988,-0.0901,3.0,2.1518,1.5-3.0km,no,main,EU
142530148444305,london_lambeth,streetview\london_lambeth\142530148444305.jpg,51.496168791066,-0.12089622192531,London Museum,51.5179,-0.1048,2.0,2.6608,1.5-3.0km,no,main,EU
142530148444305,london_lambeth,streetview\london_lambeth\142530148444305.jpg,51.496168791066,-0.12089622192531,Barbican Centre,51.5202,-0.095,3.0,3.2175,3.0-6.0km,no,main,EU
142530148444305,london_lambeth,streetview\london_lambeth\142530148444305.jpg,51.496168791066,-0.12089622192531,"City, University of London",51.527263888,-0.102469444,3.0,3.6853,3.0-6.0km,no,main,EU
270516208053057,london_royal,streetview\london_royal\270516208053057.jpg,51.511637038166,-0.13912059984441,Regent Street,51.5108,-0.1387,4.0,0.0975,signal,yes,main,EU
270516208053057,london_royal,streetview\london_royal\270516208053057.jpg,51.511637038166,-0.13912059984441,Royal Academy of Arts,51.509166666,-0.139444444,2.0,0.2756,0.15-0.3km,no,main,EU
270516208053057,london_royal,streetview\london_royal\270516208053057.jpg,51.511637038166,-0.13912059984441,Soho,51.513,-0.131,5.0,0.582,0.3-0.7km,no,main,EU
270516208053057,london_royal,streetview\london_royal\270516208053057.jpg,51.511637038166,-0.13912059984441,Piccadilly,51.50698,-0.14235,4.0,0.564,0.3-0.7km,no,main,EU
270516208053057,london_royal,streetview\london_royal\270516208053057.jpg,51.511637038166,-0.13912059984441,Downing Street,51.503333333,-0.1275,4.0,1.2245,0.7-1.5km,no,main,EU
270516208053057,london_royal,streetview\london_royal\270516208053057.jpg,51.511637038166,-0.13912059984441,National Gallery,51.508888888,-0.128333333,4.0,0.8067,0.7-1.5km,no,main,EU
270516208053057,london_royal,streetview\london_royal\270516208053057.jpg,51.511637038166,-0.13912059984441,Royal National Theatre,51.5071,-0.1141,4.0,1.8036,1.5-3.0km,no,main,EU
270516208053057,london_royal,streetview\london_royal\270516208053057.jpg,51.511637038166,-0.13912059984441,"Millennium Bridge, London",51.510173,-0.098438,4.0,2.8201,1.5-3.0km,no,main,EU
270516208053057,london_royal,streetview\london_royal\270516208053057.jpg,51.511637038166,-0.13912059984441,The Gherkin,51.514444444,-0.080277777,4.0,4.0839,3.0-6.0km,no,main,EU
270516208053057,london_royal,streetview\london_royal\270516208053057.jpg,51.511637038166,-0.13912059984441,Kensington,51.5004,-0.1909,5.0,3.7953,3.0-6.0km,no,main,EU
2684562815277719,madrid_pacfico,streetview\madrid_pacfico\2684562815277719.jpg,40.403553011955,-3.6716601136727,Menéndez Pelayo (Madrid Metro),40.4045,-3.68061,3.0,0.7651,0.7-1.5km,no,main,EU
2684562815277719,madrid_pacfico,streetview\madrid_pacfico\2684562815277719.jpg,40.403553011955,-3.6716601136727,Palacio de Cristal del Retiro,40.413556,-3.682056,4.0,1.4184,0.7-1.5km,no,main,EU
2684562815277719,madrid_pacfico,streetview\madrid_pacfico\2684562815277719.jpg,40.403553011955,-3.6716601136727,Delicias (Madrid Metro),40.3984,-3.69422,3.0,1.9944,1.5-3.0km,no,main,EU
2684562815277719,madrid_pacfico,streetview\madrid_pacfico\2684562815277719.jpg,40.403553011955,-3.6716601136727,Ibiza (Madrid Metro),40.418561,-3.678553,3.0,1.7679,1.5-3.0km,no,main,EU
2684562815277719,madrid_pacfico,streetview\madrid_pacfico\2684562815277719.jpg,40.403553011955,-3.6716601136727,Torre de Madrid,40.424444444,-3.712222222,4.0,4.146,3.0-6.0km,no,main,EU
2684562815277719,madrid_pacfico,streetview\madrid_pacfico\2684562815277719.jpg,40.403553011955,-3.6716601136727,Senate of Spain,40.42055556,-3.71277778,3.0,3.9614,3.0-6.0km,no,main,EU
1564752414619982,madrid_pera,streetview\madrid_pera\1564752414619982.jpg,40.418017554099,-3.7109231248337,Ópera,40.4181,-3.70934,4.0,0.1343,signal,yes,main,EU
1564752414619982,madrid_pera,streetview\madrid_pera\1564752414619982.jpg,40.418017554099,-3.7109231248337,Teatro Real,40.41824,-3.71037,4.0,0.053,signal,yes,main,EU
1564752414619982,madrid_pera,streetview\madrid_pera\1564752414619982.jpg,40.418017554099,-3.7109231248337,Plaza de Oriente,40.41806,-3.71222,4.0,0.1099,signal,yes,main,EU
1564752414619982,madrid_pera,streetview\madrid_pera\1564752414619982.jpg,40.418017554099,-3.7109231248337,Royal Palace of Madrid,40.417955,-3.714312,5.0,0.287,0.15-0.3km,no,main,EU
1564752414619982,madrid_pera,streetview\madrid_pera\1564752414619982.jpg,40.418017554099,-3.7109231248337,Almudena Cathedral,40.415556,-3.714444,4.0,0.4047,0.3-0.7km,no,main,EU
1564752414619982,madrid_pera,streetview\madrid_pera\1564752414619982.jpg,40.418017554099,-3.7109231248337,Edificio España,40.424191666,-3.710944444,4.0,0.6865,0.3-0.7km,no,main,EU
1564752414619982,madrid_pera,streetview\madrid_pera\1564752414619982.jpg,40.418017554099,-3.7109231248337,Palacio de las Cortes,40.4164,-3.696542,3.0,1.2307,0.7-1.5km,no,main,EU
1564752414619982,madrid_pera,streetview\madrid_pera\1564752414619982.jpg,40.418017554099,-3.7109231248337,Torre de Madrid,40.424444444,-3.712222222,4.0,0.723,0.7-1.5km,no,main,EU
1564752414619982,madrid_pera,streetview\madrid_pera\1564752414619982.jpg,40.418017554099,-3.7109231248337,Serrano (Madrid Metro),40.4254,-3.68662,3.0,2.215,1.5-3.0km,no,main,EU
1564752414619982,madrid_pera,streetview\madrid_pera\1564752414619982.jpg,40.418017554099,-3.7109231248337,National Museum of Anthropology (Madrid),40.407694,-3.688975,3.0,2.1842,1.5-3.0km,no,main,EU
1564752414619982,madrid_pera,streetview\madrid_pera\1564752414619982.jpg,40.418017554099,-3.7109231248337,Cuatro Caminos (Madrid Metro),40.446955555,-3.703975,4.0,3.2711,3.0-6.0km,no,main,EU
1564752414619982,madrid_pera,streetview\madrid_pera\1564752414619982.jpg,40.418017554099,-3.7109231248337,Valdezarza,40.4648,-3.71602,3.0,5.2198,3.0-6.0km,no,main,EU
472763443829899,madrid_royal,streetview\madrid_royal\472763443829899.jpg,40.414863682647,-3.6882587367107,Royal Spanish Academy,40.41502,-3.69091,2.0,0.2251,0.15-0.3km,no,main,EU
472763443829899,madrid_royal,streetview\madrid_royal\472763443829899.jpg,40.414863682647,-3.6882587367107,Forest of Remembrance,40.411944,-3.686944,2.0,0.3432,0.3-0.7km,no,main,EU
472763443829899,madrid_royal,streetview\madrid_royal\472763443829899.jpg,40.414863682647,-3.6882587367107,Palacio de Cristal del Retiro,40.413556,-3.682056,4.0,0.5449,0.3-0.7km,no,main,EU
472763443829899,madrid_royal,streetview\madrid_royal\472763443829899.jpg,40.414863682647,-3.6882587367107,Banco de España (Madrid Metro),40.4192,-3.69501,4.0,0.7478,0.7-1.5km,no,main,EU
472763443829899,madrid_royal,streetview\madrid_royal\472763443829899.jpg,40.414863682647,-3.6882587367107,Supreme Court of Spain,40.424328,-3.693371,2.0,1.1379,0.7-1.5km,no,main,EU
472763443829899,madrid_royal,streetview\madrid_royal\472763443829899.jpg,40.414863682647,-3.6882587367107,Charles III University of Madrid,40.407027777,-3.710166666,2.0,2.0493,1.5-3.0km,no,main,EU
472763443829899,madrid_royal,streetview\madrid_royal\472763443829899.jpg,40.414863682647,-3.6882587367107,Puerta de Toledo (Madrid Metro),40.4066,-3.7113,3.0,2.1564,1.5-3.0km,no,main,EU
472763443829899,madrid_royal,streetview\madrid_royal\472763443829899.jpg,40.414863682647,-3.6882587367107,Palace of Moncloa,40.44361111,-3.73694444,3.0,5.2153,3.0-6.0km,no,main,EU
472763443829899,madrid_royal,streetview\madrid_royal\472763443829899.jpg,40.414863682647,-3.6882587367107,Ministry of Defence (Spain),40.455555555,-3.690944444,2.0,4.5304,3.0-6.0km,no,main,EU
3985648311511085,marrakech_cervantes,streetview\marrakech_cervantes\3985648311511085.jpg,31.638429608371,-8.0152148522792,Amal Women's Training Center and Moroccan Restaurant,31.63895,-8.01376,4.0,0.1494,signal,yes,main,AF
3985648311511085,marrakech_cervantes,streetview\marrakech_cervantes\3985648311511085.jpg,31.638429608371,-8.0152148522792,"Cervantes Institute Library, Marrakech",31.637215,-8.016661,2.0,0.1923,0.15-0.3km,no,main,AF
3985648311511085,marrakech_cervantes,streetview\marrakech_cervantes\3985648311511085.jpg,31.638429608371,-8.0152148522792,Avicenne Military Hospital,31.634795,-8.021206,3.0,0.6964,0.3-0.7km,no,main,AF
3985648311511085,marrakech_cervantes,streetview\marrakech_cervantes\3985648311511085.jpg,31.638429608371,-8.0152148522792,Ibn Tofail University Hospital,31.6419,-8.01533,3.0,0.386,0.3-0.7km,no,main,AF
3985648311511085,marrakech_cervantes,streetview\marrakech_cervantes\3985648311511085.jpg,31.638429608371,-8.0152148522792,Yves Saint Laurent Museum in Marrakesh,31.642788,-8.003141,5.0,1.2415,0.7-1.5km,no,main,AF
3985648311511085,marrakech_cervantes,streetview\marrakech_cervantes\3985648311511085.jpg,31.638429608371,-8.0152148522792,El Harti Stadium,31.6277,-8.00956,4.0,1.3077,0.7-1.5km,no,main,AF
3985648311511085,marrakech_cervantes,streetview\marrakech_cervantes\3985648311511085.jpg,31.638429608371,-8.0152148522792,Dar el Bacha,31.631586,-7.992193,4.0,2.3086,1.5-3.0km,no,main,AF
3985648311511085,marrakech_cervantes,streetview\marrakech_cervantes\3985648311511085.jpg,31.638429608371,-8.0152148522792,Arsat Moulay Abdessalam Garden,31.6266,-7.99914,3.0,2.0116,1.5-3.0km,no,main,AF
3985648311511085,marrakech_cervantes,streetview\marrakech_cervantes\3985648311511085.jpg,31.638429608371,-8.0152148522792,Menara,31.628333333,-8.053055555,5.0,3.7543,3.0-6.0km,no,main,AF
3985648311511085,marrakech_cervantes,streetview\marrakech_cervantes\3985648311511085.jpg,31.638429608371,-8.0152148522792,Marrakech Medina,31.60167,-7.99117,5.0,4.6788,3.0-6.0km,no,main,AF
4129797463739521,marrakech_place,streetview\marrakech_place\4129797463739521.jpg,31.620481447607,-7.987001707544,Riad Nesma Suites & Spa,31.6209,-7.98585,1.0,0.1186,signal,yes,main,AF
4129797463739521,marrakech_place,streetview\marrakech_place\4129797463739521.jpg,31.620481447607,-7.987001707544,Riad Jona,31.62113,-7.98567,1.0,0.1453,signal,yes,main,AF
4129797463739521,marrakech_place,streetview\marrakech_place\4129797463739521.jpg,31.620481447607,-7.987001707544,Riad Africa,31.620814,-7.986211,2.0,0.0835,signal,yes,main,AF
4129797463739521,marrakech_place,streetview\marrakech_place\4129797463739521.jpg,31.620481447607,-7.987001707544,Riad Dar El Souk,31.62115,-7.98545,1.0,0.1647,0.15-0.3km,no,main,AF
4129797463739521,marrakech_place,streetview\marrakech_place\4129797463739521.jpg,31.620481447607,-7.987001707544,Riad Kaiss by Anika,31.62163,-7.98569,1.0,0.1781,0.15-0.3km,no,main,AF
4129797463739521,marrakech_place,streetview\marrakech_place\4129797463739521.jpg,31.620481447607,-7.987001707544,Hotel Imouzzer,31.6242373,-7.9883459,2.0,0.4366,0.3-0.7km,no,main,AF
4129797463739521,marrakech_place,streetview\marrakech_place\4129797463739521.jpg,31.620481447607,-7.987001707544,Mechouar Kasba,31.623611111,-7.986944444,3.0,0.348,0.3-0.7km,no,main,AF
4129797463739521,marrakech_place,streetview\marrakech_place\4129797463739521.jpg,31.620481447607,-7.987001707544,Riad Al Rimal,31.62629,-7.99179,2.0,0.7891,0.7-1.5km,no,main,AF
4129797463739521,marrakech_place,streetview\marrakech_place\4129797463739521.jpg,31.620481447607,-7.987001707544,Equity Point Marrakech,31.6293074,-7.9884483,2.0,0.9909,0.7-1.5km,no,main,AF
4129797463739521,marrakech_place,streetview\marrakech_place\4129797463739521.jpg,31.620481447607,-7.987001707544,Bab Doukkala Fountain,31.634106,-7.998932,2.0,1.8897,1.5-3.0km,no,main,AF
4129797463739521,marrakech_place,streetview\marrakech_place\4129797463739521.jpg,31.620481447607,-7.987001707544,Riad dar Mchicha,31.6338761,-7.9894657,1.0,1.5076,1.5-3.0km,no,main,AF
4129797463739521,marrakech_place,streetview\marrakech_place\4129797463739521.jpg,31.620481447607,-7.987001707544,Cesar Resort & Spa,31.58869,-7.98482,3.0,3.5411,3.0-6.0km,no,main,AF
4129797463739521,marrakech_place,streetview\marrakech_place\4129797463739521.jpg,31.620481447607,-7.987001707544,Ibn Al-Nafees Hospital,31.670352535,-7.996794505,3.0,5.6224,3.0-6.0km,no,main,AF
188085409831335,marrakech_royal,streetview\marrakech_royal\188085409831335.jpg,31.627947468347,-8.0145375179559,Royal Theatre,31.629713,-8.0148429,4.0,0.1984,0.15-0.3km,no,main,AF
188085409831335,marrakech_royal,streetview\marrakech_royal\188085409831335.jpg,31.627947468347,-8.0145375179559,El Harti Park,31.62951,-8.009977,3.0,0.4654,0.3-0.7km,no,main,AF
188085409831335,marrakech_royal,streetview\marrakech_royal\188085409831335.jpg,31.627947468347,-8.0145375179559,El Harti Stadium,31.6277,-8.00956,4.0,0.4721,0.3-0.7km,no,main,AF
188085409831335,marrakech_royal,streetview\marrakech_royal\188085409831335.jpg,31.627947468347,-8.0145375179559,"Cervantes Institute Library, Marrakech",31.637215,-8.016661,2.0,1.0499,0.7-1.5km,no,main,AF
188085409831335,marrakech_royal,streetview\marrakech_royal\188085409831335.jpg,31.627947468347,-8.0145375179559,Menara Mall,31.618234,-8.008687,4.0,1.2139,0.7-1.5km,no,main,AF
188085409831335,marrakech_royal,streetview\marrakech_royal\188085409831335.jpg,31.627947468347,-8.0145375179559,Lycée Victor Hugo Marrakech,31.641388888,-8.023333333,2.0,1.7109,1.5-3.0km,no,main,AF
188085409831335,marrakech_royal,streetview\marrakech_royal\188085409831335.jpg,31.627947468347,-8.0145375179559,Dar Si Said Museum,31.623333333,-7.983611111,3.0,2.9728,1.5-3.0km,no,main,AF
188085409831335,marrakech_royal,streetview\marrakech_royal\188085409831335.jpg,31.627947468347,-8.0145375179559,Cesar Resort & Spa,31.58869,-7.98482,3.0,5.1938,3.0-6.0km,no,main,AF
188085409831335,marrakech_royal,streetview\marrakech_royal\188085409831335.jpg,31.627947468347,-8.0145375179559,Barrima Mosque,31.616416666,-7.982694444,3.0,3.2764,3.0-6.0km,no,main,AF
513623480074986,mexicocity_balderas,streetview\mexicocity_balderas\513623480074986.jpg,19.427544880847,-99.151836437178,Balderas metro station,19.42744,-99.149036,5.0,0.2939,0.15-0.3km,no,main,AN
513623480074986,mexicocity_balderas,streetview\mexicocity_balderas\513623480074986.jpg,19.427544880847,-99.151836437178,Cuauhtémoc metro station (Mexico City),19.425862,-99.154701,3.0,0.3539,0.3-0.7km,no,main,AN
513623480074986,mexicocity_balderas,streetview\mexicocity_balderas\513623480074986.jpg,19.427544880847,-99.151836437178,Monument to Christopher Columbus,19.433083333,-99.15475,4.0,0.6875,0.3-0.7km,no,main,AN
513623480074986,mexicocity_balderas,streetview\mexicocity_balderas\513623480074986.jpg,19.427544880847,-99.151836437178,Doctores metro station,19.421612,-99.143372,3.0,1.1059,0.7-1.5km,no,main,AN
513623480074986,mexicocity_balderas,streetview\mexicocity_balderas\513623480074986.jpg,19.427544880847,-99.151836437178,Isabel la Católica metro station,19.426732,-99.137685,3.0,1.4867,0.7-1.5km,no,main,AN
513623480074986,mexicocity_balderas,streetview\mexicocity_balderas\513623480074986.jpg,19.427544880847,-99.151836437178,Hospital General metro station (Mexico City),19.413578,-99.153886,3.0,1.5678,1.5-3.0km,no,main,AN
513623480074986,mexicocity_balderas,streetview\mexicocity_balderas\513623480074986.jpg,19.427544880847,-99.151836437178,Torre Mayor,19.424166666,-99.175555555,4.0,2.5155,1.5-3.0km,no,main,AN
513623480074986,mexicocity_balderas,streetview\mexicocity_balderas\513623480074986.jpg,19.427544880847,-99.151836437178,Juanacatlán metro station,19.41289,-99.182167,3.0,3.5739,3.0-6.0km,no,main,AN
513623480074986,mexicocity_balderas,streetview\mexicocity_balderas\513623480074986.jpg,19.427544880847,-99.151836437178,Consulado metro station,19.457893,-99.113932,4.0,5.2138,3.0-6.0km,no,main,AN
122138176540482,mexicocity_centro,streetview\mexicocity_centro\122138176540482.jpg,19.404019702795,-99.157309178532,Centro Médico metro station,19.406637,-99.155753,5.0,0.3337,0.3-0.7km,no,main,AN
122138176540482,mexicocity_centro,streetview\mexicocity_centro\122138176540482.jpg,19.404019702795,-99.157309178532,Hospital General metro station (Mexico City),19.413578,-99.153886,3.0,1.1218,0.7-1.5km,no,main,AN
122138176540482,mexicocity_centro,streetview\mexicocity_centro\122138176540482.jpg,19.404019702795,-99.157309178532,Etiopía/Plaza de la Transparencia metro station,19.395586,-99.156268,2.0,0.9441,0.7-1.5km,no,main,AN
122138176540482,mexicocity_centro,streetview\mexicocity_centro\122138176540482.jpg,19.404019702795,-99.157309178532,Eugenia metro station,19.386111111,-99.157222222,3.0,1.9914,1.5-3.0km,no,main,AN
122138176540482,mexicocity_centro,streetview\mexicocity_centro\122138176540482.jpg,19.404019702795,-99.157309178532,Estela de Luz,19.423048,-99.175857,3.0,2.8741,1.5-3.0km,no,main,AN
122138176540482,mexicocity_centro,streetview\mexicocity_centro\122138176540482.jpg,19.404019702795,-99.157309178532,Tlatelolco metro station,19.454979,-99.142814,3.0,5.8667,3.0-6.0km,no,main,AN
122138176540482,mexicocity_centro,streetview\mexicocity_centro\122138176540482.jpg,19.404019702795,-99.157309178532,Juárez metro station,19.433167,-99.147792,4.0,3.3912,3.0-6.0km,no,main,AN
2420909831421445,mexicocity_insurgentes,streetview\mexicocity_insurgentes\2420909831421445.jpg,19.424145570879,-99.162499774031,Insurgentes metro station,19.423292,-99.163177,4.0,0.1185,signal,yes,main,AN
2420909831421445,mexicocity_insurgentes,streetview\mexicocity_insurgentes\2420909831421445.jpg,19.424145570879,-99.162499774031,"Zona Rosa, Mexico City",19.425778,-99.164139,5.0,0.25,0.15-0.3km,no,main,AN
2420909831421445,mexicocity_insurgentes,streetview\mexicocity_insurgentes\2420909831421445.jpg,19.424145570879,-99.162499774031,Angel of Independence,19.427,-99.16771,5.0,0.6319,0.3-0.7km,no,main,AN
2420909831421445,mexicocity_insurgentes,streetview\mexicocity_insurgentes\2420909831421445.jpg,19.424145570879,-99.162499774031,Chapultepec aqueduct,19.42247222,-99.16803611,3.0,0.6097,0.3-0.7km,no,main,AN
2420909831421445,mexicocity_insurgentes,streetview\mexicocity_insurgentes\2420909831421445.jpg,19.424145570879,-99.162499774031,Parque España (Mexico City),19.415,-99.17138889,3.0,1.3795,0.7-1.5km,no,main,AN
2420909831421445,mexicocity_insurgentes,streetview\mexicocity_insurgentes\2420909831421445.jpg,19.424145570879,-99.162499774031,Condesa,19.4125,-99.1694,5.0,1.4834,0.7-1.5km,no,main,AN
2420909831421445,mexicocity_insurgentes,streetview\mexicocity_insurgentes\2420909831421445.jpg,19.424145570879,-99.162499774031,Chapultepec Castle,19.420555555,-99.181666666,5.0,2.0492,1.5-3.0km,no,main,AN
2420909831421445,mexicocity_insurgentes,streetview\mexicocity_insurgentes\2420909831421445.jpg,19.424145570879,-99.162499774031,Colegio Militar metro station,19.449354,-99.172254,3.0,2.9838,1.5-3.0km,no,main,AN
2420909831421445,mexicocity_insurgentes,streetview\mexicocity_insurgentes\2420909831421445.jpg,19.424145570879,-99.162499774031,Constituyentes metro station,19.411858,-99.191265,3.0,3.3116,3.0-6.0km,no,main,AN
2420909831421445,mexicocity_insurgentes,streetview\mexicocity_insurgentes\2420909831421445.jpg,19.424145570879,-99.162499774031,Viaducto metro station,19.400808,-99.136891,3.0,3.7346,3.0-6.0km,no,main,AN
740287243313659,milan_milano,streetview\milan_milano\740287243313659.jpg,45.468592343178,9.1721351665966,Triennale di Milano,45.471813,9.173708,3.0,0.3785,0.3-0.7km,no,main,EU
740287243313659,milan_milano,streetview\milan_milano\740287243313659.jpg,45.468592343178,9.1721351665966,Cadorna (Milan Metro),45.468056,9.176667,4.0,0.3584,0.3-0.7km,no,main,EU
740287243313659,milan_milano,streetview\milan_milano\740287243313659.jpg,45.468592343178,9.1721351665966,Basilica of San Simpliciano,45.473869,9.184669,3.0,1.1399,0.7-1.5km,no,main,EU
740287243313659,milan_milano,streetview\milan_milano\740287243313659.jpg,45.468592343178,9.1721351665966,Gallerie di Piazza Scala,45.46735,9.19004,3.0,1.4031,0.7-1.5km,no,main,EU
740287243313659,milan_milano,streetview\milan_milano\740287243313659.jpg,45.468592343178,9.1721351665966,Casa degli Omenoni,45.46727222,9.19188333,2.0,1.547,1.5-3.0km,no,main,EU
740287243313659,milan_milano,streetview\milan_milano\740287243313659.jpg,45.468592343178,9.1721351665966,Policlinico of Milan,45.458861111,9.195083333,2.0,2.0914,1.5-3.0km,no,main,EU
740287243313659,milan_milano,streetview\milan_milano\740287243313659.jpg,45.468592343178,9.1721351665966,Polytechnic University of Milan,45.478030555,9.227319444,4.0,4.4291,3.0-6.0km,no,main,EU
740287243313659,milan_milano,streetview\milan_milano\740287243313659.jpg,45.468592343178,9.1721351665966,Famagosta,45.437777,9.168708,4.0,3.4369,3.0-6.0km,no,main,EU
111050937715393,milan_museo,streetview\milan_museo\111050937715393.jpg,45.465299279244,9.1870965242723,Palazzo dei Giureconsulti,45.46506944,9.18807222,2.0,0.0803,signal,yes,main,EU
111050937715393,milan_museo,streetview\milan_museo\111050937715393.jpg,45.465299279244,9.1870965242723,Cordusio (Milan Metro),45.465556,9.186389,4.0,0.0621,signal,yes,main,EU
111050937715393,milan_museo,streetview\milan_museo\111050937715393.jpg,45.465299279244,9.1870965242723,"Palazzo della Ragione, Milan",45.46480556,9.18777778,3.0,0.0764,signal,yes,main,EU
111050937715393,milan_museo,streetview\milan_museo\111050937715393.jpg,45.465299279244,9.1870965242723,Piazza Mercanti,45.46463,9.18768,3.0,0.0872,signal,yes,main,EU
111050937715393,milan_museo,streetview\milan_museo\111050937715393.jpg,45.465299279244,9.1870965242723,Loggia degli Osii,45.4645,9.18758,2.0,0.0965,signal,yes,main,EU
111050937715393,milan_museo,streetview\milan_museo\111050937715393.jpg,45.465299279244,9.1870965242723,Museo Teatrale alla Scala,45.467296,9.189339,3.0,0.2826,0.15-0.3km,no,main,EU
111050937715393,milan_museo,streetview\milan_museo\111050937715393.jpg,45.465299279244,9.1870965242723,Galleria Vittorio Emanuele II,45.465638888,9.19,5.0,0.2296,0.15-0.3km,no,main,EU
111050937715393,milan_museo,streetview\milan_museo\111050937715393.jpg,45.465299279244,9.1870965242723,Palazzo Brera,45.463577,9.182081,4.0,0.4355,0.3-0.7km,no,main,EU
111050937715393,milan_museo,streetview\milan_museo\111050937715393.jpg,45.465299279244,9.1870965242723,Museo Poldi Pezzoli,45.468664,9.191583,3.0,0.5122,0.3-0.7km,no,main,EU
111050937715393,milan_museo,streetview\milan_museo\111050937715393.jpg,45.465299279244,9.1870965242723,Basilica di Santo Stefano Maggiore,45.462208,9.195946,3.0,0.771,0.7-1.5km,no,main,EU
111050937715393,milan_museo,streetview\milan_museo\111050937715393.jpg,45.465299279244,9.1870965242723,San Nazaro in Brolo,45.458794,9.192893,4.0,0.853,0.7-1.5km,no,main,EU
111050937715393,milan_museo,streetview\milan_museo\111050937715393.jpg,45.465299279244,9.1870965242723,Bosco Verticale,45.485833333,9.190277777,4.0,2.2967,1.5-3.0km,no,main,EU
111050937715393,milan_museo,streetview\milan_museo\111050937715393.jpg,45.465299279244,9.1870965242723,Milano Porta Garibaldi railway station,45.484597,9.187596,5.0,2.1462,1.5-3.0km,no,main,EU
111050937715393,milan_museo,streetview\milan_museo\111050937715393.jpg,45.465299279244,9.1870965242723,San Siro Stadio (Milan Metro),45.47623,9.11835,4.0,5.4968,3.0-6.0km,no,main,EU
111050937715393,milan_museo,streetview\milan_museo\111050937715393.jpg,45.465299279244,9.1870965242723,Precotto (Milan Metro),45.512222,9.224444,3.0,5.9749,3.0-6.0km,no,main,EU
1090410228149463,milan_santa,streetview\milan_santa\1090410228149463.jpg,45.454774216339,9.1871932789049,Santa Maria presso San Celso,45.454396,9.187669,2.0,0.0561,signal,yes,main,EU
1090410228149463,milan_santa,streetview\milan_santa\1090410228149463.jpg,45.454774216339,9.1871932789049,Teatro Carcano,45.4568,9.19563,2.0,0.6955,0.3-0.7km,no,main,EU
1090410228149463,milan_santa,streetview\milan_santa\1090410228149463.jpg,45.454774216339,9.1871932789049,Bocconi University,45.450277777,9.189722222,3.0,0.5375,0.3-0.7km,no,main,EU
1090410228149463,milan_santa,streetview\milan_santa\1090410228149463.jpg,45.454774216339,9.1871932789049,"Palazzo della Ragione, Milan",45.46480556,9.18777778,3.0,1.1164,0.7-1.5km,no,main,EU
1090410228149463,milan_santa,streetview\milan_santa\1090410228149463.jpg,45.454774216339,9.1871932789049,Palazzo Belgioioso,45.46752,9.192682,2.0,1.4805,0.7-1.5km,no,main,EU
1090410228149463,milan_santa,streetview\milan_santa\1090410228149463.jpg,45.454774216339,9.1871932789049,Orto Botanico di Brera,45.471024283,9.189242925,2.0,1.814,1.5-3.0km,no,main,EU
1090410228149463,milan_santa,streetview\milan_santa\1090410228149463.jpg,45.454774216339,9.1871932789049,Basilica of San Simpliciano,45.473869,9.184669,3.0,2.1323,1.5-3.0km,no,main,EU
1090410228149463,milan_santa,streetview\milan_santa\1090410228149463.jpg,45.454774216339,9.1871932789049,UniCredit Tower,45.483844444,9.189877777,3.0,3.2392,3.0-6.0km,no,main,EU
1090410228149463,milan_santa,streetview\milan_santa\1090410228149463.jpg,45.454774216339,9.1871932789049,Generali Tower,45.47832,9.15521,3.0,3.616,3.0-6.0km,no,main,EU
1126921317814108,mumbai_bowen,streetview\mumbai_bowen\1126921317814108.jpg,18.922542765757,72.834429646449,Bademiya,18.921936,72.834573,4.0,0.0691,signal,yes,main,SA
1126921317814108,mumbai_bowen,streetview\mumbai_bowen\1126921317814108.jpg,18.922542765757,72.834429646449,Gateway of India,18.921836,72.834705,5.0,0.0838,signal,yes,main,SA
1126921317814108,mumbai_bowen,streetview\mumbai_bowen\1126921317814108.jpg,18.922542765757,72.834429646449,Colaba Causeway,18.923542723,72.831783228,5.0,0.2998,0.15-0.3km,no,main,SA
1126921317814108,mumbai_bowen,streetview\mumbai_bowen\1126921317814108.jpg,18.922542765757,72.834429646449,Taj Mahal Palace Hotel,18.92164,72.83317,5.0,0.1662,0.15-0.3km,no,main,SA
1126921317814108,mumbai_bowen,streetview\mumbai_bowen\1126921317814108.jpg,18.922542765757,72.834429646449,Cathedral of the Holy Name,18.9233592,72.8306699,3.0,0.4058,0.3-0.7km,no,main,SA
1126921317814108,mumbai_bowen,streetview\mumbai_bowen\1126921317814108.jpg,18.922542765757,72.834429646449,Knesset Eliyahoo Synagogue,18.928138888,72.832555555,3.0,0.6527,0.3-0.7km,no,main,SA
1126921317814108,mumbai_bowen,streetview\mumbai_bowen\1126921317814108.jpg,18.922542765757,72.834429646449,Dolphin Lighthouse,18.91431,72.835908,4.0,0.9286,0.7-1.5km,no,main,SA
1126921317814108,mumbai_bowen,streetview\mumbai_bowen\1126921317814108.jpg,18.922542765757,72.834429646449,Bombay House,18.9318,72.8317,3.0,1.0686,0.7-1.5km,no,main,SA
1126921317814108,mumbai_bowen,streetview\mumbai_bowen\1126921317814108.jpg,18.922542765757,72.834429646449,Dava Bazaar,18.946882,72.831362,3.0,2.7256,1.5-3.0km,no,main,SA
1126921317814108,mumbai_bowen,streetview\mumbai_bowen\1126921317814108.jpg,18.922542765757,72.834429646449,Ballard Pier Mole railway station,18.93876389,72.84054167,3.0,1.9148,1.5-3.0km,no,main,SA
1126921317814108,mumbai_bowen,streetview\mumbai_bowen\1126921317814108.jpg,18.922542765757,72.834429646449,Saifee Hospital,18.9525,72.8182,3.0,3.743,3.0-6.0km,no,main,SA
1126921317814108,mumbai_bowen,streetview\mumbai_bowen\1126921317814108.jpg,18.922542765757,72.834429646449,Malabar Hill Reservoir,18.95,72.8,3.0,4.7365,3.0-6.0km,no,main,SA
1049868982417886,mumbai_girgaon,streetview\mumbai_girgaon\1049868982417886.jpg,18.95066629543,72.822989421199,Bada Qabrastan Mumbai,18.94821,72.822944,2.0,0.2732,0.15-0.3km,no,main,SA
1049868982417886,mumbai_girgaon,streetview\mumbai_girgaon\1049868982417886.jpg,18.95066629543,72.822989421199,Taraporewala Aquarium,18.9493,72.8201,3.0,0.3397,0.3-0.7km,no,main,SA
1049868982417886,mumbai_girgaon,streetview\mumbai_girgaon\1049868982417886.jpg,18.95066629543,72.822989421199,PJ Hindu Gymkhana Ground,18.9466993,72.820985,2.0,0.4889,0.3-0.7km,no,main,SA
1049868982417886,mumbai_girgaon,streetview\mumbai_girgaon\1049868982417886.jpg,18.95066629543,72.822989421199,Liberty Cinema,18.94149835,72.827259982,3.0,1.114,0.7-1.5km,no,main,SA
1049868982417886,mumbai_girgaon,streetview\mumbai_girgaon\1049868982417886.jpg,18.95066629543,72.822989421199,"Wilson College, Mumbai",18.9563,72.8109,3.0,1.4174,0.7-1.5km,no,main,SA
1049868982417886,mumbai_girgaon,streetview\mumbai_girgaon\1049868982417886.jpg,18.95066629543,72.822989421199,Eros Cinema,18.932130634,72.827869317,4.0,2.124,1.5-3.0km,no,main,SA
1049868982417886,mumbai_girgaon,streetview\mumbai_girgaon\1049868982417886.jpg,18.95066629543,72.822989421199,Ballard Estate,18.9362,72.8383,4.0,2.2761,1.5-3.0km,no,main,SA
1049868982417886,mumbai_girgaon,streetview\mumbai_girgaon\1049868982417886.jpg,18.95066629543,72.822989421199,Byculla railway station,18.97695,72.833211,4.0,3.114,3.0-6.0km,no,main,SA
1049868982417886,mumbai_girgaon,streetview\mumbai_girgaon\1049868982417886.jpg,18.95066629543,72.822989421199,INHS Asvini,18.901343,72.815571,2.0,5.5397,3.0-6.0km,no,main,SA
826852638180821,mumbai_mughal,streetview\mumbai_mughal\826852638180821.jpg,18.925418897409,72.832564317681,Chhatrapati Shivaji Maharaj Vastu Sangrahalaya,18.926667,72.832222,5.0,0.1434,signal,yes,main,SA
826852638180821,mumbai_mughal,streetview\mumbai_mughal\826852638180821.jpg,18.925418897409,72.832564317681,Wellington Fountain,18.925424168,72.832318965,3.0,0.0258,signal,yes,main,SA
826852638180821,mumbai_mughal,streetview\mumbai_mughal\826852638180821.jpg,18.925418897409,72.832564317681,"National Gallery of Modern Art, Mumbai",18.9258,72.8313,3.0,0.1396,signal,yes,main,SA
826852638180821,mumbai_mughal,streetview\mumbai_mughal\826852638180821.jpg,18.925418897409,72.832564317681,Maharashtra Police Headquarters,18.925277777,72.833333333,2.0,0.0824,signal,yes,main,SA
826852638180821,mumbai_mughal,streetview\mumbai_mughal\826852638180821.jpg,18.925418897409,72.832564317681,Regal Cinema,18.924618876,72.832460181,4.0,0.0896,signal,yes,main,SA
826852638180821,mumbai_mughal,streetview\mumbai_mughal\826852638180821.jpg,18.925418897409,72.832564317681,Cafe Mondegar,18.924158,72.832126,4.0,0.1476,signal,yes,main,SA
826852638180821,mumbai_mughal,streetview\mumbai_mughal\826852638180821.jpg,18.925418897409,72.832564317681,Elphinstone College,18.9271,72.8312,3.0,0.2357,0.15-0.3km,no,main,SA
826852638180821,mumbai_mughal,streetview\mumbai_mughal\826852638180821.jpg,18.925418897409,72.832564317681,Dhanraj Mahal,18.924154166,72.833567424,2.0,0.1758,0.15-0.3km,no,main,SA
826852638180821,mumbai_mughal,streetview\mumbai_mughal\826852638180821.jpg,18.925418897409,72.832564317681,"University Library, Mumbai",18.929654677,72.830173932,3.0,0.5339,0.3-0.7km,no,main,SA
826852638180821,mumbai_mughal,streetview\mumbai_mughal\826852638180821.jpg,18.925418897409,72.832564317681,Watson's Hotel,18.9283,72.8311,3.0,0.3555,0.3-0.7km,no,main,SA
826852638180821,mumbai_mughal,streetview\mumbai_mughal\826852638180821.jpg,18.925418897409,72.832564317681,"Government Law College, Mumbai",18.9342,72.827,2.0,1.1384,0.7-1.5km,no,main,SA
826852638180821,mumbai_mughal,streetview\mumbai_mughal\826852638180821.jpg,18.925418897409,72.832564317681,Sterling Cineplex,18.938,72.833,3.0,1.3997,0.7-1.5km,no,main,SA
826852638180821,mumbai_mughal,streetview\mumbai_mughal\826852638180821.jpg,18.925418897409,72.832564317681,"Mandvi, Mumbai",18.95,72.83333333,4.0,2.7345,1.5-3.0km,no,main,SA
826852638180821,mumbai_mughal,streetview\mumbai_mughal\826852638180821.jpg,18.925418897409,72.832564317681,Sir J. J. College of Architecture,18.94473,72.833967,2.0,2.1524,1.5-3.0km,no,main,SA
826852638180821,mumbai_mughal,streetview\mumbai_mughal\826852638180821.jpg,18.925418897409,72.832564317681,Gloria Church,18.975,72.834166666,2.0,5.5157,3.0-6.0km,no,main,SA
826852638180821,mumbai_mughal,streetview\mumbai_mughal\826852638180821.jpg,18.925418897409,72.832564317681,Babulnath Temple,18.966363888,72.809772222,4.0,5.1453,3.0-6.0km,no,main,SA
380111146499276,newyork_amsterdam,streetview\newyork_amsterdam\380111146499276.jpg,40.757087706743,-73.989846469751,The New York Times Building,40.756111111,-73.99,4.0,0.1094,signal,yes,main,AN
380111146499276,newyork_amsterdam,streetview\newyork_amsterdam\380111146499276.jpg,40.757087706743,-73.989846469751,Times Square,40.7575,-73.985833333,5.0,0.3411,0.3-0.7km,no,main,AN
380111146499276,newyork_amsterdam,streetview\newyork_amsterdam\380111146499276.jpg,40.757087706743,-73.989846469751,Nasdaq,40.7565,-73.98576,3.0,0.3503,0.3-0.7km,no,main,AN
380111146499276,newyork_amsterdam,streetview\newyork_amsterdam\380111146499276.jpg,40.757087706743,-73.989846469751,USS Intrepid (CV-11),40.7648,-74.001,5.0,1.272,0.7-1.5km,no,main,AN
380111146499276,newyork_amsterdam,streetview\newyork_amsterdam\380111146499276.jpg,40.757087706743,-73.989846469751,Trump Tower,40.7625,-73.974166666,5.0,1.4513,0.7-1.5km,no,main,AN
380111146499276,newyork_amsterdam,streetview\newyork_amsterdam\380111146499276.jpg,40.757087706743,-73.989846469751,Fifth Avenue,40.774078,-73.965863,5.0,2.7657,1.5-3.0km,no,main,AN
380111146499276,newyork_amsterdam,streetview\newyork_amsterdam\380111146499276.jpg,40.757087706743,-73.989846469751,Metropolitan Opera House,40.772777777,-73.984166666,4.0,1.809,1.5-3.0km,no,main,AN
380111146499276,newyork_amsterdam,streetview\newyork_amsterdam\380111146499276.jpg,40.757087706743,-73.989846469751,"Little Italy, Manhattan",40.719,-73.997,4.0,4.2778,3.0-6.0km,no,main,AN
380111146499276,newyork_amsterdam,streetview\newyork_amsterdam\380111146499276.jpg,40.757087706743,-73.989846469751,Mount Sinai Hospital (Manhattan),40.7901,-73.9532,3.0,4.7956,3.0-6.0km,no,main,AN
239175184633906,newyork_morgan,streetview\newyork_morgan\239175184633906.jpg,40.749530656945,-73.983108192282,Rockefeller Foundation,40.750833333,-73.983333333,1.0,0.1461,signal,yes,main,AN
239175184633906,newyork_morgan,streetview\newyork_morgan\239175184633906.jpg,40.749530656945,-73.983108192282,Morgan Library & Museum,40.748803,-73.981556,3.0,0.1538,0.15-0.3km,no,main,AN
239175184633906,newyork_morgan,streetview\newyork_morgan\239175184633906.jpg,40.749530656945,-73.983108192282,Empire State Building,40.748333333,-73.985555555,5.0,0.2454,0.15-0.3km,no,main,AN
239175184633906,newyork_morgan,streetview\newyork_morgan\239175184633906.jpg,40.749530656945,-73.983108192282,Bryant Park,40.753805555,-73.983611111,5.0,0.4772,0.3-0.7km,no,main,AN
239175184633906,newyork_morgan,streetview\newyork_morgan\239175184633906.jpg,40.749530656945,-73.983108192282,MetLife Building,40.753333333,-73.976666666,4.0,0.6879,0.3-0.7km,no,main,AN
239175184633906,newyork_morgan,streetview\newyork_morgan\239175184633906.jpg,40.749530656945,-73.983108192282,4 Times Square,40.756111111,-73.985833333,2.0,0.7669,0.7-1.5km,no,main,AN
239175184633906,newyork_morgan,streetview\newyork_morgan\239175184633906.jpg,40.749530656945,-73.983108192282,1251 Avenue of the Americas,40.76,-73.9814,1.0,1.173,0.7-1.5km,no,main,AN
239175184633906,newyork_morgan,streetview\newyork_morgan\239175184633906.jpg,40.749530656945,-73.983108192282,Frick Collection,40.771111111,-73.967222222,2.0,2.7474,1.5-3.0km,no,main,AN
239175184633906,newyork_morgan,streetview\newyork_morgan\239175184633906.jpg,40.749530656945,-73.983108192282,Solow Building,40.7639,-73.9748,1.0,1.7443,1.5-3.0km,no,main,AN
239175184633906,newyork_morgan,streetview\newyork_morgan\239175184633906.jpg,40.749530656945,-73.983108192282,5 World Trade Center,40.709691,-74.013388,1.0,5.1122,3.0-6.0km,no,main,AN
239175184633906,newyork_morgan,streetview\newyork_morgan\239175184633906.jpg,40.749530656945,-73.983108192282,"West New York, New Jersey",40.785833333,-74.009444444,1.0,4.6058,3.0-6.0km,no,main,AN
121611859942675,newyork_studio,streetview\newyork_studio\121611859942675.jpg,40.766278593749,-73.981603348978,Central Park Tower,40.766333333,-73.980944444,3.0,0.0558,signal,yes,main,AN
121611859942675,newyork_studio,streetview\newyork_studio\121611859942675.jpg,40.766278593749,-73.981603348978,CitySpire,40.764444444,-73.979722222,2.0,0.2583,0.15-0.3km,no,main,AN
121611859942675,newyork_studio,streetview\newyork_studio\121611859942675.jpg,40.766278593749,-73.981603348978,Hearst Tower,40.766555555,-73.983611111,3.0,0.1719,0.15-0.3km,no,main,AN
121611859942675,newyork_studio,streetview\newyork_studio\121611859942675.jpg,40.766278593749,-73.981603348978,AXA Equitable Center,40.7617,-73.9818,2.0,0.5094,0.3-0.7km,no,main,AN
121611859942675,newyork_studio,streetview\newyork_studio\121611859942675.jpg,40.766278593749,-73.981603348978,111 West 57th Street,40.764888888,-73.9775,2.0,0.3786,0.3-0.7km,no,main,AN
121611859942675,newyork_studio,streetview\newyork_studio\121611859942675.jpg,40.766278593749,-73.981603348978,One Times Square,40.7564,-73.9865,3.0,1.1733,0.7-1.5km,no,main,AN
121611859942675,newyork_studio,streetview\newyork_studio\121611859942675.jpg,40.766278593749,-73.981603348978,One Astor Plaza,40.757777777,-73.986388888,2.0,1.0276,0.7-1.5km,no,main,AN
121611859942675,newyork_studio,streetview\newyork_studio\121611859942675.jpg,40.766278593749,-73.981603348978,Metropolitan Life Insurance Company Tower,40.741111111,-73.9875,4.0,2.8422,1.5-3.0km,no,main,AN
121611859942675,newyork_studio,streetview\newyork_studio\121611859942675.jpg,40.766278593749,-73.981603348978,Ford Foundation,40.749722222,-73.971111111,2.0,2.0421,1.5-3.0km,no,main,AN
121611859942675,newyork_studio,streetview\newyork_studio\121611859942675.jpg,40.766278593749,-73.981603348978,Gramercy Park,40.737778,-73.986111,4.0,3.1918,3.0-6.0km,no,main,AN
121611859942675,newyork_studio,streetview\newyork_studio\121611859942675.jpg,40.766278593749,-73.981603348978,CBGB,40.725277777,-73.991944444,2.0,4.6416,3.0-6.0km,no,main,AN
305970254588710,paris_bataclan,streetview\paris_bataclan\305970254588710.jpg,48.861864560821,2.3675640587028,Bataclan,48.863055555,2.370833333,2.0,0.2734,0.15-0.3km,no,main,EU
305970254588710,paris_bataclan,streetview\paris_bataclan\305970254588710.jpg,48.861864560821,2.3675640587028,Musée Carnavalet,48.857375,2.362745,3.0,0.6111,0.3-0.7km,no,main,EU
305970254588710,paris_bataclan,streetview\paris_bataclan\305970254588710.jpg,48.861864560821,2.3675640587028,Musée Picasso Paris,48.859731,2.362439,4.0,0.4437,0.3-0.7km,no,main,EU
305970254588710,paris_bataclan,streetview\paris_bataclan\305970254588710.jpg,48.861864560821,2.3675640587028,Île Saint-Louis,48.851666666,2.356388888,3.0,1.398,0.7-1.5km,no,main,EU
305970254588710,paris_bataclan,streetview\paris_bataclan\305970254588710.jpg,48.861864560821,2.3675640587028,Place des Vosges,48.855555555,2.365555555,5.0,0.7168,0.7-1.5km,no,main,EU
305970254588710,paris_bataclan,streetview\paris_bataclan\305970254588710.jpg,48.861864560821,2.3675640587028,Institut de France,48.8568375,2.3372581,4.0,2.2865,1.5-3.0km,no,main,EU
305970254588710,paris_bataclan,streetview\paris_bataclan\305970254588710.jpg,48.861864560821,2.3675640587028,Galeries Lafayette Paris Haussmann,48.87363,2.33215,4.0,2.902,1.5-3.0km,no,main,EU
305970254588710,paris_bataclan,streetview\paris_bataclan\305970254588710.jpg,48.861864560821,2.3675640587028,Place Charles de Gaulle,48.873888888,2.294722222,5.0,5.4931,3.0-6.0km,no,main,EU
305970254588710,paris_bataclan,streetview\paris_bataclan\305970254588710.jpg,48.861864560821,2.3675640587028,"Sacré-Cœur, Paris",48.88665,2.34295,5.0,3.2918,3.0-6.0km,no,main,EU
3360767610823943,paris_gare,streetview\paris_gare\3360767610823943.jpg,48.87439081962,2.3553099212006,Gare de l'Est,48.876944444,2.359166666,5.0,0.4002,0.3-0.7km,no,main,EU
3360767610823943,paris_gare,streetview\paris_gare\3360767610823943.jpg,48.87439081962,2.3553099212006,Gare du Nord,48.881111111,2.355277777,5.0,0.7473,0.7-1.5km,no,main,EU
3360767610823943,paris_gare,streetview\paris_gare\3360767610823943.jpg,48.87439081962,2.3553099212006,"Saint-Eustache, Paris",48.863333333,2.345,3.0,1.4424,0.7-1.5km,no,main,EU
3360767610823943,paris_gare,streetview\paris_gare\3360767610823943.jpg,48.87439081962,2.3553099212006,Saint-Sulpice,48.851002,2.334923,5.0,2.998,1.5-3.0km,no,main,EU
3360767610823943,paris_gare,streetview\paris_gare\3360767610823943.jpg,48.87439081962,2.3553099212006,Musée Carnavalet,48.857375,2.362745,3.0,1.9687,1.5-3.0km,no,main,EU
3360767610823943,paris_gare,streetview\paris_gare\3360767610823943.jpg,48.87439081962,2.3553099212006,Les Lilas,48.88,2.416944444,3.0,4.5503,3.0-6.0km,no,main,EU
3360767610823943,paris_gare,streetview\paris_gare\3360767610823943.jpg,48.87439081962,2.3553099212006,Paris 1 Panthéon-Sorbonne University,48.848333,2.343056,3.0,3.033,3.0-6.0km,no,main,EU
1507193596290469,paris_pont,streetview\paris_pont\1507193596290469.jpg,48.858949366062,2.3396675487878,Pont Neuf,48.8575,2.341666666,5.0,0.2176,0.15-0.3km,no,main,EU
1507193596290469,paris_pont,streetview\paris_pont\1507193596290469.jpg,48.858949366062,2.3396675487878,Pont des Arts,48.858333333,2.337777777,5.0,0.1543,0.15-0.3km,no,main,EU
1507193596290469,paris_pont,streetview\paris_pont\1507193596290469.jpg,48.858949366062,2.3396675487878,Louvre,48.861111111,2.335833333,5.0,0.3694,0.3-0.7km,no,main,EU
1507193596290469,paris_pont,streetview\paris_pont\1507193596290469.jpg,48.858949366062,2.3396675487878,Palais-Royal,48.863333333,2.336944444,4.0,0.5266,0.3-0.7km,no,main,EU
1507193596290469,paris_pont,streetview\paris_pont\1507193596290469.jpg,48.858949366062,2.3396675487878,Musée National d'Art Moderne,48.86063847,2.352277186,3.0,0.9414,0.7-1.5km,no,main,EU
1507193596290469,paris_pont,streetview\paris_pont\1507193596290469.jpg,48.858949366062,2.3396675487878,Place Vendôme,48.8675,2.329444444,5.0,1.2096,0.7-1.5km,no,main,EU
1507193596290469,paris_pont,streetview\paris_pont\1507193596290469.jpg,48.858949366062,2.3396675487878,Grand Palais,48.866111,2.3125,5.0,2.141,1.5-3.0km,no,main,EU
1507193596290469,paris_pont,streetview\paris_pont\1507193596290469.jpg,48.858949366062,2.3396675487878,Musée Picasso Paris,48.859731,2.362439,4.0,1.6681,1.5-3.0km,no,main,EU
1507193596290469,paris_pont,streetview\paris_pont\1507193596290469.jpg,48.858949366062,2.3396675487878,Eiffel Tower,48.858296,2.294479,5.0,3.3067,3.0-6.0km,no,main,EU
1507193596290469,paris_pont,streetview\paris_pont\1507193596290469.jpg,48.858949366062,2.3396675487878,Malakoff,48.817222222,2.299166666,3.0,5.5058,3.0-6.0km,no,main,EU
1369582031123941,sanfrancisco_cartoon,streetview\sanfrancisco_cartoon\1369582031123941.jpg,37.784455219878,-122.40012821489,Museum of the African Diaspora,37.7864,-122.402,3.0,0.2717,0.15-0.3km,no,main,AN
1369582031123941,sanfrancisco_cartoon,streetview\sanfrancisco_cartoon\1369582031123941.jpg,37.784455219878,-122.40012821489,Moscone Center,37.7842,-122.402,4.0,0.1669,0.15-0.3km,no,main,AN
1369582031123941,sanfrancisco_cartoon,streetview\sanfrancisco_cartoon\1369582031123941.jpg,37.784455219878,-122.40012821489,McKesson Plaza,37.7887,-122.403,2.0,0.5352,0.3-0.7km,no,main,AN
1369582031123941,sanfrancisco_cartoon,streetview\sanfrancisco_cartoon\1369582031123941.jpg,37.784455219878,-122.40012821489,San Francisco Marriott Marquis,37.78507,-122.40482,4.0,0.4179,0.3-0.7km,no,main,AN
1369582031123941,sanfrancisco_cartoon,streetview\sanfrancisco_cartoon\1369582031123941.jpg,37.784455219878,-122.40012821489,101 California Street,37.792847,-122.397953,2.0,0.9525,0.7-1.5km,no,main,AN
1369582031123941,sanfrancisco_cartoon,streetview\sanfrancisco_cartoon\1369582031123941.jpg,37.784455219878,-122.40012821489,Montgomery Street,37.7953,-122.403,4.0,1.232,0.7-1.5km,no,main,AN
1369582031123941,sanfrancisco_cartoon,streetview\sanfrancisco_cartoon\1369582031123941.jpg,37.784455219878,-122.40012821489,Cathedral Hill,37.7842,-122.425,2.0,2.1859,1.5-3.0km,no,main,AN
1369582031123941,sanfrancisco_cartoon,streetview\sanfrancisco_cartoon\1369582031123941.jpg,37.784455219878,-122.40012821489,San Francisco Public Library,37.779,-122.416,4.0,1.521,1.5-3.0km,no,main,AN
1369582031123941,sanfrancisco_cartoon,streetview\sanfrancisco_cartoon\1369582031123941.jpg,37.784455219878,-122.40012821489,"Treasure Island, San Francisco",37.824166666,-122.371111111,4.0,5.0988,3.0-6.0km,no,main,AN
1369582031123941,sanfrancisco_cartoon,streetview\sanfrancisco_cartoon\1369582031123941.jpg,37.784455219878,-122.40012821489,Bernal Heights Summit,37.743,-122.416,2.0,4.8161,3.0-6.0km,no,main,AN
1017722599492413,sanfrancisco_contemporary,streetview\sanfrancisco_contemporary\1017722599492413.jpg,37.785389280017,-122.40383083789,Contemporary Jewish Museum,37.7858,-122.404,4.0,0.048,signal,yes,main,AN
1017722599492413,sanfrancisco_contemporary,streetview\sanfrancisco_contemporary\1017722599492413.jpg,37.785389280017,-122.40383083789,San Francisco Marriott Marquis,37.78507,-122.40482,4.0,0.0939,signal,yes,main,AN
1017722599492413,sanfrancisco_contemporary,streetview\sanfrancisco_contemporary\1017722599492413.jpg,37.785389280017,-122.40383083789,Lotta's Fountain,37.788056,-122.403611,5.0,0.2972,0.15-0.3km,no,main,AN
1017722599492413,sanfrancisco_contemporary,streetview\sanfrancisco_contemporary\1017722599492413.jpg,37.785389280017,-122.40383083789,San Francisco Museum of Modern Art,37.785718,-122.401051,5.0,0.247,0.15-0.3km,no,main,AN
1017722599492413,sanfrancisco_contemporary,streetview\sanfrancisco_contemporary\1017722599492413.jpg,37.785389280017,-122.40383083789,American Conservatory Theater,37.787,-122.41,3.0,0.571,0.3-0.7km,no,main,AN
1017722599492413,sanfrancisco_contemporary,streetview\sanfrancisco_contemporary\1017722599492413.jpg,37.785389280017,-122.40383083789,Palace Hotel,37.788144,-122.401724,4.0,0.3579,0.3-0.7km,no,main,AN
1017722599492413,sanfrancisco_contemporary,streetview\sanfrancisco_contemporary\1017722599492413.jpg,37.785389280017,-122.40383083789,Civic Center/UN Plaza station,37.779861,-122.413498,4.0,1.0486,0.7-1.5km,no,main,AN
1017722599492413,sanfrancisco_contemporary,streetview\sanfrancisco_contemporary\1017722599492413.jpg,37.785389280017,-122.40383083789,Millennium Tower,37.790278,-122.396111,3.0,0.8693,0.7-1.5km,no,main,AN
1017722599492413,sanfrancisco_contemporary,streetview\sanfrancisco_contemporary\1017722599492413.jpg,37.785389280017,-122.40383083789,Louise M. Davies Symphony Hall,37.778,-122.421,4.0,1.7181,1.5-3.0km,no,main,AN
1017722599492413,sanfrancisco_contemporary,streetview\sanfrancisco_contemporary\1017722599492413.jpg,37.785389280017,-122.40383083789,16th Street Mission station,37.7648,-122.42,4.0,2.6946,1.5-3.0km,no,main,AN
1017722599492413,sanfrancisco_contemporary,streetview\sanfrancisco_contemporary\1017722599492413.jpg,37.785389280017,-122.40383083789,Haight-Ashbury,37.770015,-122.446937,5.0,4.1564,3.0-6.0km,no,main,AN
1017722599492413,sanfrancisco_contemporary,streetview\sanfrancisco_contemporary\1017722599492413.jpg,37.785389280017,-122.40383083789,Buena Vista Park,37.76826,-122.44192,3.0,3.8515,3.0-6.0km,no,main,AN
1239985766605212,sanfrancisco_joseph,streetview\sanfrancisco_joseph\1239985766605212.jpg,37.808419740785,-122.41583785115,Fisherman's Wharf,37.808313,-122.415673,5.0,0.0187,signal,yes,main,AN
1239985766605212,sanfrancisco_joseph,streetview\sanfrancisco_joseph\1239985766605212.jpg,37.808419740785,-122.41583785115,Madame Tussauds San Francisco,37.808186,-122.41481,2.0,0.094,signal,yes,main,AN
1239985766605212,sanfrancisco_joseph,streetview\sanfrancisco_joseph\1239985766605212.jpg,37.808419740785,-122.41583785115,USS Pampanito,37.81,-122.416389,1.0,0.1823,0.15-0.3km,no,main,AN
1239985766605212,sanfrancisco_joseph,streetview\sanfrancisco_joseph\1239985766605212.jpg,37.808419740785,-122.41583785115,Musée Mécanique,37.8104,-122.417,2.0,0.2427,0.15-0.3km,no,main,AN
1239985766605212,sanfrancisco_joseph,streetview\sanfrancisco_joseph\1239985766605212.jpg,37.808419740785,-122.41583785115,Ghirardelli Square,37.805876,-122.42295,4.0,0.6859,0.3-0.7km,no,main,AN
1239985766605212,sanfrancisco_joseph,streetview\sanfrancisco_joseph\1239985766605212.jpg,37.808419740785,-122.41583785115,Pier 39,37.809992,-122.410357,5.0,0.5123,0.3-0.7km,no,main,AN
1239985766605212,sanfrancisco_joseph,streetview\sanfrancisco_joseph\1239985766605212.jpg,37.808419740785,-122.41583785115,City Lights Bookstore,37.797628,-122.406575,4.0,1.4499,0.7-1.5km,no,main,AN
1239985766605212,sanfrancisco_joseph,streetview\sanfrancisco_joseph\1239985766605212.jpg,37.808419740785,-122.41583785115,Fort Mason,37.807778,-122.429722,4.0,1.2218,0.7-1.5km,no,main,AN
1239985766605212,sanfrancisco_joseph,streetview\sanfrancisco_joseph\1239985766605212.jpg,37.808419740785,-122.41583785115,Salesforce Transit Center,37.789682,-122.396618,4.0,2.682,1.5-3.0km,no,main,AN
1239985766605212,sanfrancisco_joseph,streetview\sanfrancisco_joseph\1239985766605212.jpg,37.808419740785,-122.41583785115,Embarcadero station,37.7931,-122.397,5.0,2.3751,1.5-3.0km,no,main,AN
1239985766605212,sanfrancisco_joseph,streetview\sanfrancisco_joseph\1239985766605212.jpg,37.808419740785,-122.41583785115,Mission Bay,37.7668,-122.391,4.0,5.1168,3.0-6.0km,no,main,AN
1239985766605212,sanfrancisco_joseph,streetview\sanfrancisco_joseph\1239985766605212.jpg,37.808419740785,-122.41583785115,Conservatory of Flowers,37.772,-122.46,4.0,5.6089,3.0-6.0km,no,main,AN
1314398186601230,santiago_baslica,streetview\santiago_baslica\1314398186601230.jpg,-33.438730652449,-70.664156355071,Colegio Alonso de Ercilla,-33.43709,-70.66662,1.0,0.2925,0.15-0.3km,no,main,SA
1314398186601230,santiago_baslica,streetview\santiago_baslica\1314398186601230.jpg,-33.438730652449,-70.664156355071,Huérfanos Street,-33.44083801,-70.662993942,3.0,0.258,0.15-0.3km,no,main,SA
1314398186601230,santiago_baslica,streetview\santiago_baslica\1314398186601230.jpg,-33.438730652449,-70.664156355071,Basílica del Salvador,-33.4413,-70.6618,2.0,0.3598,0.3-0.7km,no,main,SA
1314398186601230,santiago_baslica,streetview\santiago_baslica\1314398186601230.jpg,-33.438730652449,-70.664156355071,Cumming metro station,-33.439075,-70.668639,3.0,0.4177,0.3-0.7km,no,main,SA
1314398186601230,santiago_baslica,streetview\santiago_baslica\1314398186601230.jpg,-33.438730652449,-70.664156355071,República metro station (Santiago),-33.447764,-70.667569,3.0,1.0532,0.7-1.5km,no,main,SA
1314398186601230,santiago_baslica,streetview\santiago_baslica\1314398186601230.jpg,-33.438730652449,-70.664156355071,Iglesia de las Agustinas (Santiago de Chile),-33.44225833,-70.65136944,2.0,1.2496,0.7-1.5km,no,main,SA
1314398186601230,santiago_baslica,streetview\santiago_baslica\1314398186601230.jpg,-33.438730652449,-70.664156355071,Iglesia de San Lázaro,-33.45219722,-70.66088056,3.0,1.5279,1.5-3.0km,no,main,SA
1314398186601230,santiago_baslica,streetview\santiago_baslica\1314398186601230.jpg,-33.438730652449,-70.664156355071,Estación Central metro station,-33.450831,-70.679,4.0,1.9254,1.5-3.0km,no,main,SA
1314398186601230,santiago_baslica,streetview\santiago_baslica\1314398186601230.jpg,-33.438730652449,-70.664156355071,Santiago Japanese Garden,-33.413544444,-70.614444444,2.0,5.3969,3.0-6.0km,no,main,SA
1314398186601230,santiago_baslica,streetview\santiago_baslica\1314398186601230.jpg,-33.438730652449,-70.664156355071,Lo Valledor metro station,-33.478389,-70.6808986,3.0,4.6753,3.0-6.0km,no,main,SA
1384754382502755,santiago_moneda,streetview\santiago_moneda\1384754382502755.jpg,-33.446464606197,-70.652444129514,Llama de la Libertad,-33.44544722,-70.65334722,2.0,0.1408,signal,yes,main,SA
1384754382502755,santiago_moneda,streetview\santiago_moneda\1384754382502755.jpg,-33.446464606197,-70.652444129514,Bernardo O'Higgins Monument,-33.445358,-70.653038,2.0,0.1348,signal,yes,main,SA
1384754382502755,santiago_moneda,streetview\santiago_moneda\1384754382502755.jpg,-33.446464606197,-70.652444129514,Paseo Bulnes,-33.446616,-70.653154,3.0,0.068,signal,yes,main,SA
1384754382502755,santiago_moneda,streetview\santiago_moneda\1384754382502755.jpg,-33.446464606197,-70.652444129514,University of Chile,-33.444548888,-70.650953888,4.0,0.254,0.15-0.3km,no,main,SA
1384754382502755,santiago_moneda,streetview\santiago_moneda\1384754382502755.jpg,-33.446464606197,-70.652444129514,Casa Central de la Universidad de Chile,-33.44456111,-70.65095278,2.0,0.2529,0.15-0.3km,no,main,SA
1384754382502755,santiago_moneda,streetview\santiago_moneda\1384754382502755.jpg,-33.446464606197,-70.652444129514,Torre Entel,-33.44466667,-70.656,4.0,0.3858,0.3-0.7km,no,main,SA
1384754382502755,santiago_moneda,streetview\santiago_moneda\1384754382502755.jpg,-33.446464606197,-70.652444129514,Centro Cultural La Moneda,-33.44388889,-70.65361111,4.0,0.3062,0.3-0.7km,no,main,SA
1384754382502755,santiago_moneda,streetview\santiago_moneda\1384754382502755.jpg,-33.446464606197,-70.652444129514,Former National Congress of Chile building,-33.43832,-70.653429,4.0,0.9102,0.7-1.5km,no,main,SA
1384754382502755,santiago_moneda,streetview\santiago_moneda\1384754382502755.jpg,-33.446464606197,-70.652444129514,Casa Colorada,-33.438455,-70.649252,3.0,0.9386,0.7-1.5km,no,main,SA
1384754382502755,santiago_moneda,streetview\santiago_moneda\1384754382502755.jpg,-33.446464606197,-70.652444129514,Rondizzoni metro station,-33.469664,-70.656336,3.0,2.6048,1.5-3.0km,no,main,SA
1384754382502755,santiago_moneda,streetview\santiago_moneda\1384754382502755.jpg,-33.446464606197,-70.652444129514,Basilica of Our Lady of Perpetual Help,-33.4591,-70.6756,2.0,2.5669,1.5-3.0km,no,main,SA
1384754382502755,santiago_moneda,streetview\santiago_moneda\1384754382502755.jpg,-33.446464606197,-70.652444129514,San Alberto Hurtado metro station,-33.454153,-70.692169,3.0,3.7834,3.0-6.0km,no,main,SA
1384754382502755,santiago_moneda,streetview\santiago_moneda\1384754382502755.jpg,-33.446464606197,-70.652444129514,Monseñor Eyzaguirre metro station,-33.453416666,-70.614,3.0,3.6496,3.0-6.0km,no,main,SA
8421271167978129,santiago_plaza,streetview\santiago_plaza\8421271167978129.jpg,-33.43879742834,-70.653568833591,Museo Chileno de Arte Precolombino,-33.43889,-70.65222,3.0,0.1256,signal,yes,main,SA
8421271167978129,santiago_plaza,streetview\santiago_plaza\8421271167978129.jpg,-33.43879742834,-70.653568833591,Supreme Court of Chile,-33.439147222,-70.653094444,3.0,0.0587,signal,yes,main,SA
8421271167978129,santiago_plaza,streetview\santiago_plaza\8421271167978129.jpg,-33.43879742834,-70.653568833591,Former National Congress of Chile building,-33.43832,-70.653429,4.0,0.0547,signal,yes,main,SA
8421271167978129,santiago_plaza,streetview\santiago_plaza\8421271167978129.jpg,-33.43879742834,-70.653568833591,Santiago Metropolitan Cathedral,-33.43765833,-70.65180556,5.0,0.2069,0.15-0.3km,no,main,SA
8421271167978129,santiago_plaza,streetview\santiago_plaza\8421271167978129.jpg,-33.43879742834,-70.653568833591,Central Post Office Building (Santiago),-33.43706944,-70.65108889,3.0,0.2998,0.15-0.3km,no,main,SA
8421271167978129,santiago_plaza,streetview\santiago_plaza\8421271167978129.jpg,-33.43879742834,-70.653568833591,Puente Cal y Canto metro station,-33.433092,-70.651828,5.0,0.6547,0.3-0.7km,no,main,SA
8421271167978129,santiago_plaza,streetview\santiago_plaza\8421271167978129.jpg,-33.43879742834,-70.653568833591,Santiago,-33.4375,-70.65,5.0,0.3612,0.3-0.7km,no,main,SA
8421271167978129,santiago_plaza,streetview\santiago_plaza\8421271167978129.jpg,-33.43879742834,-70.653568833591,La Moneda metro station,-33.445028,-70.655667,5.0,0.7196,0.7-1.5km,no,main,SA
8421271167978129,santiago_plaza,streetview\santiago_plaza\8421271167978129.jpg,-33.43879742834,-70.653568833591,Universidad Católica metro station,-33.440222,-70.640386,5.0,1.2334,0.7-1.5km,no,main,SA
8421271167978129,santiago_plaza,streetview\santiago_plaza\8421271167978129.jpg,-33.43879742834,-70.653568833591,Central Station (Santiago),-33.45194444,-70.67888889,5.0,2.767,1.5-3.0km,no,main,SA
8421271167978129,santiago_plaza,streetview\santiago_plaza\8421271167978129.jpg,-33.43879742834,-70.653568833591,Andrés Bello National University,-33.451563,-70.667915,3.0,1.9459,1.5-3.0km,no,main,SA
8421271167978129,santiago_plaza,streetview\santiago_plaza\8421271167978129.jpg,-33.43879742834,-70.653568833591,Plaza Chacabuco metro station,-33.406361111,-70.661055555,3.0,3.6731,3.0-6.0km,no,main,SA
8421271167978129,santiago_plaza,streetview\santiago_plaza\8421271167978129.jpg,-33.43879742834,-70.653568833591,Zapadores metro station,-33.3909,-70.6425,3.0,5.4241,3.0-6.0km,no,main,SA
483028582815745,singapore_asian,streetview\singapore_asian\483028582815745.jpg,1.2855206765153,103.84901687425,UOB Plaza One,1.28555,103.85,4.0,0.1093,signal,yes,main,AS
483028582815745,singapore_asian,streetview\singapore_asian\483028582815745.jpg,1.2855206765153,103.84901687425,OCBC Centre,1.285,103.8491,3.0,0.0586,signal,yes,main,AS
483028582815745,singapore_asian,streetview\singapore_asian\483028582815745.jpg,1.2855206765153,103.84901687425,UOB Plaza,1.2853,103.8508,3.0,0.1997,0.15-0.3km,no,main,AS
483028582815745,singapore_asian,streetview\singapore_asian\483028582815745.jpg,1.2855206765153,103.84901687425,One Raffles Place,1.284258333,103.851063888,2.0,0.2674,0.15-0.3km,no,main,AS
483028582815745,singapore_asian,streetview\singapore_asian\483028582815745.jpg,1.2855206765153,103.84901687425,Masjid Jamae,1.283194444,103.8455,3.0,0.4688,0.3-0.7km,no,main,AS
483028582815745,singapore_asian,streetview\singapore_asian\483028582815745.jpg,1.2855206765153,103.84901687425,"Former City Hall, Singapore",1.290555555,103.851666666,3.0,0.6326,0.3-0.7km,no,main,AS
483028582815745,singapore_asian,streetview\singapore_asian\483028582815745.jpg,1.2855206765153,103.84901687425,Fort Canning MRT station,1.291937,103.845163,4.0,0.8322,0.7-1.5km,no,main,AS
483028582815745,singapore_asian,streetview\singapore_asian\483028582815745.jpg,1.2855206765153,103.84901687425,Helix Bridge,1.28762,103.861,4.0,1.3524,0.7-1.5km,no,main,AS
483028582815745,singapore_asian,streetview\singapore_asian\483028582815745.jpg,1.2855206765153,103.84901687425,Fountain of Wealth,1.29478,103.859,3.0,1.5138,1.5-3.0km,no,main,AS
483028582815745,singapore_asian,streetview\singapore_asian\483028582815745.jpg,1.2855206765153,103.84901687425,Kallang River,1.3,103.866666666,3.0,2.5381,1.5-3.0km,no,main,AS
483028582815745,singapore_asian,streetview\singapore_asian\483028582815745.jpg,1.2855206765153,103.84901687425,Dakota MRT station,1.308333333,103.888611111,4.0,5.0802,3.0-6.0km,no,main,AS
483028582815745,singapore_asian,streetview\singapore_asian\483028582815745.jpg,1.2855206765153,103.84901687425,Masjid Temenggong Daeng Ibrahim,1.2663521,103.8242979,2.0,3.4777,3.0-6.0km,no,main,AS
1172910350469866,singapore_national,streetview\singapore_national\1172910350469866.jpg,1.2956059498641,103.85523486284,Raffles Hotel,1.294889,103.854483,5.0,0.1155,signal,yes,main,AS
1172910350469866,singapore_national,streetview\singapore_national\1172910350469866.jpg,1.2956059498641,103.85523486284,Esplanade MRT station,1.293333333,103.855555555,5.0,0.2552,0.15-0.3km,no,main,AS
1172910350469866,singapore_national,streetview\singapore_national\1172910350469866.jpg,1.2956059498641,103.85523486284,Suntec Singapore Convention and Exhibition Centre,1.293611111,103.856944444,5.0,0.2921,0.15-0.3km,no,main,AS
1172910350469866,singapore_national,streetview\singapore_national\1172910350469866.jpg,1.2956059498641,103.85523486284,City Hall MRT station,1.293238888,103.852219444,5.0,0.4262,0.3-0.7km,no,main,AS
1172910350469866,singapore_national,streetview\singapore_national\1172910350469866.jpg,1.2956059498641,103.85523486284,Parkview Square,1.30014,103.858,4.0,0.5905,0.3-0.7km,no,main,AS
1172910350469866,singapore_national,streetview\singapore_national\1172910350469866.jpg,1.2956059498641,103.85523486284,National Museum of Singapore,1.29672,103.84864,5.0,0.7435,0.7-1.5km,no,main,AS
1172910350469866,singapore_national,streetview\singapore_national\1172910350469866.jpg,1.2956059498641,103.85523486284,Raffles Place MRT station,1.283888888,103.851388888,5.0,1.3712,0.7-1.5km,no,main,AS
1172910350469866,singapore_national,streetview\singapore_national\1172910350469866.jpg,1.2956059498641,103.85523486284,Ngee Ann City,1.30278,103.834,5.0,2.4917,1.5-3.0km,no,main,AS
1172910350469866,singapore_national,streetview\singapore_national\1172910350469866.jpg,1.2956059498641,103.85523486284,Somerset MRT station,1.300514,103.839028,5.0,1.8825,1.5-3.0km,no,main,AS
1172910350469866,singapore_national,streetview\singapore_national\1172910350469866.jpg,1.2956059498641,103.85523486284,Aljunied MRT station,1.316442,103.882981,4.0,3.8577,3.0-6.0km,no,main,AS
1172910350469866,singapore_national,streetview\singapore_national\1172910350469866.jpg,1.2956059498641,103.85523486284,Mountbatten MRT station,1.306306,103.882531,4.0,3.2593,3.0-6.0km,no,main,AS
488815302365774,singapore_somerset,streetview\singapore_somerset\488815302365774.jpg,1.3014909612748,103.83850093909,Comcentre,1.29916,103.838,2.0,0.2651,0.15-0.3km,no,main,AS
488815302365774,singapore_somerset,streetview\singapore_somerset\488815302365774.jpg,1.3014909612748,103.83850093909,Mount Elizabeth Hospital,1.3045,103.835083,3.0,0.5063,0.3-0.7km,no,main,AS
488815302365774,singapore_somerset,streetview\singapore_somerset\488815302365774.jpg,1.3014909612748,103.83850093909,Ngee Ann City,1.30278,103.834,5.0,0.5205,0.3-0.7km,no,main,AS
488815302365774,singapore_somerset,streetview\singapore_somerset\488815302365774.jpg,1.3014909612748,103.83850093909,Singapore River,1.292222222,103.833333333,5.0,1.1799,0.7-1.5km,no,main,AS
488815302365774,singapore_somerset,streetview\singapore_somerset\488815302365774.jpg,1.3014909612748,103.83850093909,Bencoolen MRT station,1.298888,103.850392,4.0,1.3532,0.7-1.5km,no,main,AS
488815302365774,singapore_somerset,streetview\singapore_somerset\488815302365774.jpg,1.3014909612748,103.83850093909,"Padang, Singapore",1.290555555,103.853055555,3.0,2.024,1.5-3.0km,no,main,AS
488815302365774,singapore_somerset,streetview\singapore_somerset\488815302365774.jpg,1.3014909612748,103.83850093909,The Float @ Marina Bay,1.288333,103.858889,3.0,2.6977,1.5-3.0km,no,main,AS
488815302365774,singapore_somerset,streetview\singapore_somerset\488815302365774.jpg,1.3014909612748,103.83850093909,Bayfront MRT station,1.2825,103.859444444,4.0,3.1432,3.0-6.0km,no,main,AS
488815302365774,singapore_somerset,streetview\singapore_somerset\488815302365774.jpg,1.3014909612748,103.83850093909,"Holland Village, Singapore",1.311,103.795,5.0,4.9501,3.0-6.0km,no,main,AS
882084572370597,stockholm_grdet,streetview\stockholm_grdet\882084572370597.jpg,59.343602276873,18.096748218256,Gärdet metro station,59.345833333,18.098888888,4.0,0.2762,0.15-0.3km,no,main,EU
882084572370597,stockholm_grdet,streetview\stockholm_grdet\882084572370597.jpg,59.343602276873,18.096748218256,Swedish Film Institute,59.34,18.103333333,1.0,0.5476,0.3-0.7km,no,main,EU
882084572370597,stockholm_grdet,streetview\stockholm_grdet\882084572370597.jpg,59.343602276873,18.096748218256,Karlaplan metro station,59.338611,18.090556,4.0,0.6567,0.3-0.7km,no,main,EU
882084572370597,stockholm_grdet,streetview\stockholm_grdet\882084572370597.jpg,59.343602276873,18.096748218256,Stockholm Olympic Stadium,59.345278,18.078889,4.0,1.0295,0.7-1.5km,no,main,EU
882084572370597,stockholm_grdet,streetview\stockholm_grdet\882084572370597.jpg,59.343602276873,18.096748218256,Tekniska högskolan metro station,59.345833,18.071389,5.0,1.459,0.7-1.5km,no,main,EU
882084572370597,stockholm_grdet,streetview\stockholm_grdet\882084572370597.jpg,59.343602276873,18.096748218256,Nobel Prize Museum,59.3252155,18.0708309,4.0,2.518,1.5-3.0km,no,main,EU
882084572370597,stockholm_grdet,streetview\stockholm_grdet\882084572370597.jpg,59.343602276873,18.096748218256,Katarina Elevator,59.32,18.07277778,3.0,2.9557,1.5-3.0km,no,main,EU
882084572370597,stockholm_grdet,streetview\stockholm_grdet\882084572370597.jpg,59.343602276873,18.096748218256,Hagaparken,59.36111111,18.03333333,5.0,4.0879,3.0-6.0km,no,main,EU
882084572370597,stockholm_grdet,streetview\stockholm_grdet\882084572370597.jpg,59.343602276873,18.096748218256,Mariatorget metro station,59.31712,18.06049,5.0,3.5917,3.0-6.0km,no,main,EU
779569449389002,stockholm_karlaplan,streetview\stockholm_karlaplan\779569449389002.jpg,59.340671423176,18.090538214347,Karlaplan metro station,59.338611,18.090556,4.0,0.2291,0.15-0.3km,no,main,EU
779569449389002,stockholm_karlaplan,streetview\stockholm_karlaplan\779569449389002.jpg,59.340671423176,18.090538214347,Economy Museum – Royal Coin Cabinet,59.334722222,18.090277777,2.0,0.6617,0.3-0.7km,no,main,EU
779569449389002,stockholm_karlaplan,streetview\stockholm_karlaplan\779569449389002.jpg,59.340671423176,18.090538214347,Swedish History Museum,59.334722222,18.090277777,4.0,0.6617,0.3-0.7km,no,main,EU
779569449389002,stockholm_karlaplan,streetview\stockholm_karlaplan\779569449389002.jpg,59.340671423176,18.090538214347,National Library of Sweden,59.338055555,18.072152777,4.0,1.0823,0.7-1.5km,no,main,EU
779569449389002,stockholm_karlaplan,streetview\stockholm_karlaplan\779569449389002.jpg,59.340671423176,18.090538214347,Djurgårdsbrunnsviken,59.3309,18.108,2.0,1.4701,0.7-1.5km,no,main,EU
779569449389002,stockholm_karlaplan,streetview\stockholm_karlaplan\779569449389002.jpg,59.340671423176,18.090538214347,Waldemarsudde,59.32,18.113055555,3.0,2.6295,1.5-3.0km,no,main,EU
779569449389002,stockholm_karlaplan,streetview\stockholm_karlaplan\779569449389002.jpg,59.340671423176,18.090538214347,Katarina Elevator,59.32,18.07277778,3.0,2.5096,1.5-3.0km,no,main,EU
779569449389002,stockholm_karlaplan,streetview\stockholm_karlaplan\779569449389002.jpg,59.340671423176,18.090538214347,Reimersholme,59.318333333,18.020833333,3.0,4.6692,3.0-6.0km,no,main,EU
779569449389002,stockholm_karlaplan,streetview\stockholm_karlaplan\779569449389002.jpg,59.340671423176,18.090538214347,Royal Swedish Academy of Sciences,59.366388888,18.051666666,3.0,3.61,3.0-6.0km,no,main,EU
842284246369672,stockholm_st,streetview\stockholm_st\842284246369672.jpg,59.31319547188,18.070840339336,"St. Eric's Cathedral, Stockholm",59.313805555,18.0725,3.0,0.1161,signal,yes,main,EU
842284246369672,stockholm_st,streetview\stockholm_st\842284246369672.jpg,59.31319547188,18.070840339336,Södermalm,59.3136,18.0711,5.0,0.0473,signal,yes,main,EU
842284246369672,stockholm_st,streetview\stockholm_st\842284246369672.jpg,59.31319547188,18.070840339336,Medborgarplatsen metro station,59.3152,18.0728,5.0,0.2491,0.15-0.3km,no,main,EU
842284246369672,stockholm_st,streetview\stockholm_st\842284246369672.jpg,59.31319547188,18.070840339336,Slussen metro station,59.319444444,18.072222222,5.0,0.6993,0.3-0.7km,no,main,EU
842284246369672,stockholm_st,streetview\stockholm_st\842284246369672.jpg,59.31319547188,18.070840339336,Stockholm Södra station,59.31369,18.06245,4.0,0.4793,0.3-0.7km,no,main,EU
842284246369672,stockholm_st,streetview\stockholm_st\842284246369672.jpg,59.31319547188,18.070840339336,Slussen,59.321111111,18.071944444,5.0,0.8824,0.7-1.5km,no,main,EU
842284246369672,stockholm_st,streetview\stockholm_st\842284246369672.jpg,59.31319547188,18.070840339336,Storkyrkan,59.325833333,18.070555555,5.0,1.4054,0.7-1.5km,no,main,EU
842284246369672,stockholm_st,streetview\stockholm_st\842284246369672.jpg,59.31319547188,18.070840339336,Stockholm Central Station,59.33,18.056111111,5.0,2.0469,1.5-3.0km,no,main,EU
842284246369672,stockholm_st,streetview\stockholm_st\842284246369672.jpg,59.31319547188,18.070840339336,3Arena,59.29138889,18.08527778,4.0,2.5595,1.5-3.0km,no,main,EU
842284246369672,stockholm_st,streetview\stockholm_st\842284246369672.jpg,59.31319547188,18.070840339336,Skogskyrkogården,59.275555555,18.099444444,4.0,4.4894,3.0-6.0km,no,main,EU
842284246369672,stockholm_st,streetview\stockholm_st\842284246369672.jpg,59.31319547188,18.070840339336,Kaknästornet,59.335,18.126388888,4.0,3.976,3.0-6.0km,no,main,EU
3923503734413150,telaviv_dizengoff,streetview\telaviv_dizengoff\3923503734413150.jpg,32.079246101216,34.775009203947,Beit Lessin Theater,32.07944444,34.77369722,3.0,0.1256,signal,yes,main,AS
3923503734413150,telaviv_dizengoff,streetview\telaviv_dizengoff\3923503734413150.jpg,32.079246101216,34.775009203947,"White City, Tel Aviv",32.077777777,34.773888888,4.0,0.1944,0.15-0.3km,no,main,AS
3923503734413150,telaviv_dizengoff,streetview\telaviv_dizengoff\3923503734413150.jpg,32.079246101216,34.775009203947,Fire and Water Fountain,32.077965,34.774184,4.0,0.1623,0.15-0.3km,no,main,AS
3923503734413150,telaviv_dizengoff,streetview\telaviv_dizengoff\3923503734413150.jpg,32.079246101216,34.775009203947,Trumpeldor Cemetery,32.075631,34.770033,3.0,0.6176,0.3-0.7km,no,main,AS
3923503734413150,telaviv_dizengoff,streetview\telaviv_dizengoff\3923503734413150.jpg,32.079246101216,34.775009203947,Tel Aviv City Hall,32.0819,34.7806,4.0,0.6038,0.3-0.7km,no,main,AS
3923503734413150,telaviv_dizengoff,streetview\telaviv_dizengoff\3923503734413150.jpg,32.079246101216,34.775009203947,London Square,32.07833333,34.76722222,3.0,0.7407,0.7-1.5km,no,main,AS
3923503734413150,telaviv_dizengoff,streetview\telaviv_dizengoff\3923503734413150.jpg,32.079246101216,34.775009203947,Sheraton Grand Tel Aviv Hotel,32.07737,34.76676,4.0,0.8047,0.7-1.5km,no,main,AS
3923503734413150,telaviv_dizengoff,streetview\telaviv_dizengoff\3923503734413150.jpg,32.079246101216,34.775009203947,Amot Atrium Tower,32.0825,34.80138889,3.0,2.5116,1.5-3.0km,no,main,AS
3923503734413150,telaviv_dizengoff,streetview\telaviv_dizengoff\3923503734413150.jpg,32.079246101216,34.775009203947,Tel Aviv Towers,32.074103,34.798058,3.0,2.2457,1.5-3.0km,no,main,AS
3923503734413150,telaviv_dizengoff,streetview\telaviv_dizengoff\3923503734413150.jpg,32.079246101216,34.775009203947,Giv'at Herzl,32.05,34.76666667,3.0,3.3457,3.0-6.0km,no,main,AS
3923503734413150,telaviv_dizengoff,streetview\telaviv_dizengoff\3923503734413150.jpg,32.079246101216,34.775009203947,Yitzhak Rabin Center,32.100277777,34.804444444,3.0,3.6275,3.0-6.0km,no,main,AS
328468981955090,telaviv_habima,streetview\telaviv_habima\328468981955090.jpg,32.071574983004,34.780605234343,Tel Aviv Cinematheque,32.070833333,34.783333333,3.0,0.27,0.15-0.3km,no,main,AS
328468981955090,telaviv_habima,streetview\telaviv_habima\328468981955090.jpg,32.071574983004,34.780605234343,Heichal HaTarbut,32.0736,34.78,3.0,0.2323,0.15-0.3km,no,main,AS
328468981955090,telaviv_habima,streetview\telaviv_habima\328468981955090.jpg,32.071574983004,34.780605234343,King George Street,32.075555555,34.776388888,4.0,0.5948,0.3-0.7km,no,main,AS
328468981955090,telaviv_habima,streetview\telaviv_habima\328468981955090.jpg,32.071574983004,34.780605234343,Beit Rubinstein,32.06581667,34.782975,2.0,0.6781,0.3-0.7km,no,main,AS
328468981955090,telaviv_habima,streetview\telaviv_habima\328468981955090.jpg,32.071574983004,34.780605234343,Tel Aviv Promenade,32.0768,34.766,4.0,1.4938,0.7-1.5km,no,main,AS
328468981955090,telaviv_habima,streetview\telaviv_habima\328468981955090.jpg,32.071574983004,34.780605234343,Discount Bank Tower,32.06175,34.770478,3.0,1.4506,0.7-1.5km,no,main,AS
328468981955090,telaviv_habima,streetview\telaviv_habima\328468981955090.jpg,32.071574983004,34.780605234343,Yad Eliyahu,32.0593,34.7971,4.0,2.0686,1.5-3.0km,no,main,AS
328468981955090,telaviv_habima,streetview\telaviv_habima\328468981955090.jpg,32.071574983004,34.780605234343,Nahalat Yitzhak Cemetery,32.071111111,34.801111111,2.0,1.9329,1.5-3.0km,no,main,AS
328468981955090,telaviv_habima,streetview\telaviv_habima\328468981955090.jpg,32.071574983004,34.780605234343,Yarkon River,32.103888888,34.775833333,4.0,3.6212,3.0-6.0km,no,main,AS
328468981955090,telaviv_habima,streetview\telaviv_habima\328468981955090.jpg,32.071574983004,34.780605234343,Bavli,32.0965,34.79818611,3.0,3.2288,3.0-6.0km,no,main,AS
3641710285933359,telaviv_nahum,streetview\telaviv_nahum\3641710285933359.jpg,32.063368596829,34.767981250286,Shalom Meir Tower,32.064019444,34.769772222,4.0,0.1836,0.15-0.3km,no,main,AS
3641710285933359,telaviv_nahum,streetview\telaviv_nahum\3641710285933359.jpg,32.063368596829,34.767981250286,Eden Cinema,32.0617,34.7672,2.0,0.1996,0.15-0.3km,no,main,AS
3641710285933359,telaviv_nahum,streetview\telaviv_nahum\3641710285933359.jpg,32.063368596829,34.767981250286,Levin House (Tel Aviv),32.0632,34.7748,2.0,0.6428,0.3-0.7km,no,main,AS
3641710285933359,telaviv_nahum,streetview\telaviv_nahum\3641710285933359.jpg,32.063368596829,34.767981250286,First International Bank Tower,32.063611111,34.774166666,3.0,0.5835,0.3-0.7km,no,main,AS
3641710285933359,telaviv_nahum,streetview\telaviv_nahum\3641710285933359.jpg,32.063368596829,34.767981250286,Old Tel Aviv central bus station,32.0603,34.7786,2.0,1.0572,0.7-1.5km,no,main,AS
3641710285933359,telaviv_nahum,streetview\telaviv_nahum\3641710285933359.jpg,32.063368596829,34.767981250286,Levinstein Tower,32.063888888,34.779722222,2.0,1.1079,0.7-1.5km,no,main,AS
3641710285933359,telaviv_nahum,streetview\telaviv_nahum\3641710285933359.jpg,32.063368596829,34.767981250286,Beit Ariela,32.0767,34.7864,3.0,2.2824,1.5-3.0km,no,main,AS
3641710285933359,telaviv_nahum,streetview\telaviv_nahum\3641710285933359.jpg,32.063368596829,34.767981250286,London Square,32.07833333,34.76722222,3.0,1.6655,1.5-3.0km,no,main,AS
3641710285933359,telaviv_nahum,streetview\telaviv_nahum\3641710285933359.jpg,32.063368596829,34.767981250286,Tell Qasile,32.101372222,34.794077777,2.0,4.889,3.0-6.0km,no,main,AS
3641710285933359,telaviv_nahum,streetview\telaviv_nahum\3641710285933359.jpg,32.063368596829,34.767981250286,Bavli,32.0965,34.79818611,3.0,4.6552,3.0-6.0km,no,main,AS
226672248791862,tokyo_artizon,streetview\tokyo_artizon\226672248791862.jpg,35.676869062609,139.77292018236,Artizon Museum,35.67888889,139.77194444,2.0,0.2413,0.15-0.3km,no,main,AS
226672248791862,tokyo_artizon,streetview\tokyo_artizon\226672248791862.jpg,35.676869062609,139.77292018236,Tokyo Station,35.680833333,139.766944444,5.0,0.6969,0.3-0.7km,no,main,AS
226672248791862,tokyo_artizon,streetview\tokyo_artizon\226672248791862.jpg,35.676869062609,139.77292018236,Nihonbashi,35.681669444,139.772830555,3.0,0.5338,0.3-0.7km,no,main,AS
226672248791862,tokyo_artizon,streetview\tokyo_artizon\226672248791862.jpg,35.676869062609,139.77292018236,Yūrakuchō Station,35.674877777,139.763647222,4.0,0.8664,0.7-1.5km,no,main,AS
226672248791862,tokyo_artizon,streetview\tokyo_artizon\226672248791862.jpg,35.676869062609,139.77292018236,Mitsukoshimae Station,35.684552777,139.774611111,5.0,0.8679,0.7-1.5km,no,main,AS
226672248791862,tokyo_artizon,streetview\tokyo_artizon\226672248791862.jpg,35.676869062609,139.77292018236,Nippon Budokan,35.693333,139.75,5.0,2.7635,1.5-3.0km,no,main,AS
226672248791862,tokyo_artizon,streetview\tokyo_artizon\226672248791862.jpg,35.676869062609,139.77292018236,Tameike-sannō Station,35.672802777,139.741416666,5.0,2.8813,1.5-3.0km,no,main,AS
226672248791862,tokyo_artizon,streetview\tokyo_artizon\226672248791862.jpg,35.676869062609,139.77292018236,Inarichō Station,35.711355555,139.782669444,3.0,3.9345,3.0-6.0km,no,main,AS
226672248791862,tokyo_artizon,streetview\tokyo_artizon\226672248791862.jpg,35.676869062609,139.77292018236,Iidabashi Station,35.702055555,139.745,4.0,3.7685,3.0-6.0km,no,main,AS
235341308265360,tokyo_ginza,streetview\tokyo_ginza\235341308265360.jpg,35.66955697331,139.76706575294,Kabuki-za,35.669722222,139.768055555,4.0,0.0913,signal,yes,main,AS
235341308265360,tokyo_ginza,streetview\tokyo_ginza\235341308265360.jpg,35.66955697331,139.76706575294,Ginza,35.671355555,139.765622222,5.0,0.2387,0.15-0.3km,no,main,AS
235341308265360,tokyo_ginza,streetview\tokyo_ginza\235341308265360.jpg,35.66955697331,139.76706575294,Ginza Station,35.671230555,139.765,5.0,0.2635,0.15-0.3km,no,main,AS
235341308265360,tokyo_ginza,streetview\tokyo_ginza\235341308265360.jpg,35.66955697331,139.76706575294,Yūrakuchō Station,35.674877777,139.763647222,4.0,0.6674,0.3-0.7km,no,main,AS
235341308265360,tokyo_ginza,streetview\tokyo_ginza\235341308265360.jpg,35.66955697331,139.76706575294,Nakagin Capsule Tower,35.66564,139.76345,3.0,0.5444,0.3-0.7km,no,main,AS
235341308265360,tokyo_ginza,streetview\tokyo_ginza\235341308265360.jpg,35.66955697331,139.76706575294,Hama-rikyū Gardens,35.66,139.762,3.0,1.157,0.7-1.5km,no,main,AS
235341308265360,tokyo_ginza,streetview\tokyo_ginza\235341308265360.jpg,35.66955697331,139.76706575294,Hibiya Park,35.67148,139.755387,4.0,1.0764,0.7-1.5km,no,main,AS
235341308265360,tokyo_ginza,streetview\tokyo_ginza\235341308265360.jpg,35.66955697331,139.76706575294,Nagatachō,35.675891666,139.744372222,4.0,2.1676,1.5-3.0km,no,main,AS
235341308265360,tokyo_ginza,streetview\tokyo_ginza\235341308265360.jpg,35.66955697331,139.76706575294,National Theatre of Japan,35.681389,139.743056,3.0,2.5366,1.5-3.0km,no,main,AS
235341308265360,tokyo_ginza,streetview\tokyo_ginza\235341308265360.jpg,35.66955697331,139.76706575294,Tokyo Metropolitan Gymnasium,35.679722,139.7125,3.0,5.0568,3.0-6.0km,no,main,AS
235341308265360,tokyo_ginza,streetview\tokyo_ginza\235341308265360.jpg,35.66955697331,139.76706575294,Inarichō Station,35.711355555,139.782669444,3.0,4.8567,3.0-6.0km,no,main,AS
1110364610210828,tokyo_national,streetview\tokyo_national\1110364610210828.jpg,35.691690981517,139.75688042028,"National Museum of Modern Art, Tokyo",35.690553,139.754642,3.0,0.2385,0.15-0.3km,no,main,AS
1110364610210828,tokyo_national,streetview\tokyo_national\1110364610210828.jpg,35.691690981517,139.75688042028,Edo Castle,35.688322222,139.754388888,3.0,0.437,0.3-0.7km,no,main,AS
1110364610210828,tokyo_national,streetview\tokyo_national\1110364610210828.jpg,35.691690981517,139.75688042028,Kanda-Jinbōchō,35.697152777,139.757741666,3.0,0.6123,0.3-0.7km,no,main,AS
1110364610210828,tokyo_national,streetview\tokyo_national\1110364610210828.jpg,35.691690981517,139.75688042028,Holy Resurrection Cathedral,35.698036111,139.765533333,3.0,1.0528,0.7-1.5km,no,main,AS
1110364610210828,tokyo_national,streetview\tokyo_national\1110364610210828.jpg,35.691690981517,139.75688042028,Meiji University,35.697474,139.761588,3.0,0.7709,0.7-1.5km,no,main,AS
1110364610210828,tokyo_national,streetview\tokyo_national\1110364610210828.jpg,35.691690981517,139.75688042028,Tokyo Station,35.680833333,139.766944444,5.0,1.5112,1.5-3.0km,no,main,AS
1110364610210828,tokyo_national,streetview\tokyo_national\1110364610210828.jpg,35.691690981517,139.75688042028,Tokyo International Forum,35.676944444,139.764166666,3.0,1.7669,1.5-3.0km,no,main,AS
1110364610210828,tokyo_national,streetview\tokyo_national\1110364610210828.jpg,35.691690981517,139.75688042028,Yoyogi Station,35.683827777,139.702319444,4.0,5.0046,3.0-6.0km,no,main,AS
1110364610210828,tokyo_national,streetview\tokyo_national\1110364610210828.jpg,35.691690981517,139.75688042028,Waseda University,35.709202777,139.719333333,5.0,3.9099,3.0-6.0km,no,main,AS
140385058059418,toronto_rosedale,streetview\toronto_rosedale\140385058059418.jpg,43.676960743259,-79.389556139899,Rosedale station,43.67646405,-79.388536741,3.0,0.0988,signal,yes,main,AN
140385058059418,toronto_rosedale,streetview\toronto_rosedale\140385058059418.jpg,43.676960743259,-79.389556139899,Four Seasons Hotel and Residences Toronto,43.671944444,-79.388888888,3.0,0.5604,0.3-0.7km,no,main,AN
140385058059418,toronto_rosedale,streetview\toronto_rosedale\140385058059418.jpg,43.676960743259,-79.389556139899,Toronto Reference Library,43.6718065,-79.3868159,4.0,0.614,0.3-0.7km,no,main,AN
140385058059418,toronto_rosedale,streetview\toronto_rosedale\140385058059418.jpg,43.676960743259,-79.389556139899,Queen's Park,43.6647,-79.3925,4.0,1.3837,0.7-1.5km,no,main,AN
140385058059418,toronto_rosedale,streetview\toronto_rosedale\140385058059418.jpg,43.676960743259,-79.389556139899,The Annex,43.67,-79.404,4.0,1.3959,0.7-1.5km,no,main,AN
140385058059418,toronto_rosedale,streetview\toronto_rosedale\140385058059418.jpg,43.676960743259,-79.389556139899,Kensington Market,43.654772222,-79.400677777,4.0,2.6244,1.5-3.0km,no,main,AN
140385058059418,toronto_rosedale,streetview\toronto_rosedale\140385058059418.jpg,43.676960743259,-79.389556139899,Osgoode station,43.6508016,-79.3865409,4.0,2.9189,1.5-3.0km,no,main,AN
140385058059418,toronto_rosedale,streetview\toronto_rosedale\140385058059418.jpg,43.676960743259,-79.389556139899,Cedarvale station,43.699209,-79.435819,3.0,4.4674,3.0-6.0km,no,main,AN
140385058059418,toronto_rosedale,streetview\toronto_rosedale\140385058059418.jpg,43.676960743259,-79.389556139899,Mount Pleasant station (Toronto),43.7084,-79.3902,2.0,3.4963,3.0-6.0km,no,main,AN
309461187311494,toronto_sherbourne,streetview\toronto_sherbourne\309461187311494.jpg,43.673760545475,-79.3798450164,One Bloor,43.67,-79.3862,2.0,0.6604,0.3-0.7km,no,main,AN
309461187311494,toronto_sherbourne,streetview\toronto_sherbourne\309461187311494.jpg,43.673760545475,-79.3798450164,Toronto Reference Library,43.6718065,-79.3868159,4.0,0.6013,0.3-0.7km,no,main,AN
309461187311494,toronto_sherbourne,streetview\toronto_sherbourne\309461187311494.jpg,43.673760545475,-79.3798450164,Women's College Hospital,43.6617,-79.3875,3.0,1.4757,0.7-1.5km,no,main,AN
309461187311494,toronto_sherbourne,streetview\toronto_sherbourne\309461187311494.jpg,43.673760545475,-79.3798450164,Maple Leaf Gardens,43.662222222,-79.380277777,3.0,1.2835,0.7-1.5km,no,main,AN
309461187311494,toronto_sherbourne,streetview\toronto_sherbourne\309461187311494.jpg,43.673760545475,-79.3798450164,First Canadian Place,43.6486,-79.3817,4.0,2.8017,1.5-3.0km,no,main,AN
309461187311494,toronto_sherbourne,streetview\toronto_sherbourne\309461187311494.jpg,43.673760545475,-79.3798450164,Commerce Court,43.6481,-79.3788,3.0,2.8546,1.5-3.0km,no,main,AN
309461187311494,toronto_sherbourne,streetview\toronto_sherbourne\309461187311494.jpg,43.673760545475,-79.3798450164,Forest Hill,43.695,-79.414,3.0,3.6222,3.0-6.0km,no,main,AN
309461187311494,toronto_sherbourne,streetview\toronto_sherbourne\309461187311494.jpg,43.673760545475,-79.3798450164,College Street,43.65581,-79.41202,4.0,3.2684,3.0-6.0km,no,main,AN
811654299784044,toronto_tmu,streetview\toronto_tmu\811654299784044.jpg,43.658979260333,-79.381768745369,Aura,43.6594,-79.3828,2.0,0.0952,signal,yes,main,AN
811654299784044,toronto_tmu,streetview\toronto_tmu\811654299784044.jpg,43.658979260333,-79.381768745369,Bay Street,43.657291,-79.384302,4.0,0.2771,0.15-0.3km,no,main,AN
811654299784044,toronto_tmu,streetview\toronto_tmu\811654299784044.jpg,43.658979260333,-79.381768745369,Toronto Metropolitan University,43.657694444,-79.380194444,4.0,0.1909,0.15-0.3km,no,main,AN
811654299784044,toronto_tmu,streetview\toronto_tmu\811654299784044.jpg,43.658979260333,-79.381768745369,Women's College Hospital,43.6617,-79.3875,3.0,0.5514,0.3-0.7km,no,main,AN
811654299784044,toronto_tmu,streetview\toronto_tmu\811654299784044.jpg,43.658979260333,-79.381768745369,Mount Sinai Hospital,43.6575,-79.39,3.0,0.6823,0.3-0.7km,no,main,AN
811654299784044,toronto_tmu,streetview\toronto_tmu\811654299784044.jpg,43.658979260333,-79.381768745369,Four Seasons Centre,43.650598,-79.385527,3.0,0.9798,0.7-1.5km,no,main,AN
811654299784044,toronto_tmu,streetview\toronto_tmu\811654299784044.jpg,43.658979260333,-79.381768745369,Bay station,43.670277777,-79.39,3.0,1.4201,0.7-1.5km,no,main,AN
811654299784044,toronto_tmu,streetview\toronto_tmu\811654299784044.jpg,43.658979260333,-79.381768745369,Gerrard Street,43.6644,-79.3566,3.0,2.1124,1.5-3.0km,no,main,AN
811654299784044,toronto_tmu,streetview\toronto_tmu\811654299784044.jpg,43.658979260333,-79.381768745369,Prince Edward Viaduct,43.675277777,-79.363888888,3.0,2.3136,1.5-3.0km,no,main,AN
811654299784044,toronto_tmu,streetview\toronto_tmu\811654299784044.jpg,43.658979260333,-79.381768745369,Dufferin station,43.66,-79.435555555,3.0,4.3283,3.0-6.0km,no,main,AN
811654299784044,toronto_tmu,streetview\toronto_tmu\811654299784044.jpg,43.658979260333,-79.381768745369,Avenue station,43.7047,-79.4078,2.0,5.498,3.0-6.0km,no,main,AN
744359329572059,vienna_heldenplatz,streetview\vienna_heldenplatz\744359329572059.jpg,48.207331352027,16.362364824677,"Volksgarten, Vienna",48.2081,16.361761111,5.0,0.0965,signal,yes,main,EU
744359329572059,vienna_heldenplatz,streetview\vienna_heldenplatz\744359329572059.jpg,48.207331352027,16.362364824677,Austrian Parliament Building,48.20805,16.3587,5.0,0.2831,0.15-0.3km,no,main,EU
744359329572059,vienna_heldenplatz,streetview\vienna_heldenplatz\744359329572059.jpg,48.207331352027,16.362364824677,Austrian Parliament,48.20805556,16.35916667,4.0,0.2503,0.15-0.3km,no,main,EU
744359329572059,vienna_heldenplatz,streetview\vienna_heldenplatz\744359329572059.jpg,48.207331352027,16.362364824677,"Peterskirche, Vienna",48.209444444,16.37,4.0,0.6126,0.3-0.7km,no,main,EU
744359329572059,vienna_heldenplatz,streetview\vienna_heldenplatz\744359329572059.jpg,48.207331352027,16.362364824677,Albertina,48.204722222,16.368333333,5.0,0.529,0.3-0.7km,no,main,EU
744359329572059,vienna_heldenplatz,streetview\vienna_heldenplatz\744359329572059.jpg,48.207331352027,16.362364824677,"Stadtpark, Vienna",48.204722222,16.380555555,5.0,1.3789,0.7-1.5km,no,main,EU
744359329572059,vienna_heldenplatz,streetview\vienna_heldenplatz\744359329572059.jpg,48.207331352027,16.362364824677,Soviet War Memorial (Vienna),48.19802,16.37634,4.0,1.4645,0.7-1.5km,no,main,EU
744359329572059,vienna_heldenplatz,streetview\vienna_heldenplatz\744359329572059.jpg,48.207331352027,16.362364824677,Wien Franz-Josefs-Bahnhof,48.2261,16.3611,4.0,2.0891,1.5-3.0km,no,main,EU
744359329572059,vienna_heldenplatz,streetview\vienna_heldenplatz\744359329572059.jpg,48.207331352027,16.362364824677,Pilgramgasse station,48.1926,16.3545,5.0,1.7387,1.5-3.0km,no,main,EU
744359329572059,vienna_heldenplatz,streetview\vienna_heldenplatz\744359329572059.jpg,48.207331352027,16.362364824677,Ernst-Happel-Stadion,48.207222222,16.420833333,5.0,4.3328,3.0-6.0km,no,main,EU
744359329572059,vienna_heldenplatz,streetview\vienna_heldenplatz\744359329572059.jpg,48.207331352027,16.362364824677,Schönbrunn station,48.186,16.319,5.0,3.9946,3.0-6.0km,no,main,EU
1518581645467745,vienna_naschmarkt,streetview\vienna_naschmarkt\1518581645467745.jpg,48.197209203854,16.361304702658,Kettenbrückengasse station,48.196811111,16.358938888,4.0,0.1809,0.15-0.3km,no,main,EU
1518581645467745,vienna_naschmarkt,streetview\vienna_naschmarkt\1518581645467745.jpg,48.197209203854,16.361304702658,Naschmarkt,48.1989,16.3636,5.0,0.2536,0.15-0.3km,no,main,EU
1518581645467745,vienna_naschmarkt,streetview\vienna_naschmarkt\1518581645467745.jpg,48.197209203854,16.361304702658,Neubaugasse station,48.1993,16.3527,4.0,0.6788,0.3-0.7km,no,main,EU
1518581645467745,vienna_naschmarkt,streetview\vienna_naschmarkt\1518581645467745.jpg,48.197209203854,16.361304702658,Karlsplatz,48.1992,16.37,5.0,0.6814,0.3-0.7km,no,main,EU
1518581645467745,vienna_naschmarkt,streetview\vienna_naschmarkt\1518581645467745.jpg,48.197209203854,16.361304702658,Architekturzentrum Wien,48.204167,16.357778,3.0,0.8166,0.7-1.5km,no,main,EU
1518581645467745,vienna_naschmarkt,streetview\vienna_naschmarkt\1518581645467745.jpg,48.197209203854,16.361304702658,Stephansplatz,48.2084,16.3725,5.0,1.4956,0.7-1.5km,no,main,EU
1518581645467745,vienna_naschmarkt,streetview\vienna_naschmarkt\1518581645467745.jpg,48.197209203854,16.361304702658,"Jesuit Church, Vienna",48.209047,16.377617,3.0,1.7872,1.5-3.0km,no,main,EU
1518581645467745,vienna_naschmarkt,streetview\vienna_naschmarkt\1518581645467745.jpg,48.197209203854,16.361304702658,Nestroyplatz station,48.2155,16.3859,4.0,2.731,1.5-3.0km,no,main,EU
1518581645467745,vienna_naschmarkt,streetview\vienna_naschmarkt\1518581645467745.jpg,48.197209203854,16.361304702658,Karl-Marx-Hof,48.24945,16.363719444,3.0,5.8117,3.0-6.0km,no,main,EU
1518581645467745,vienna_naschmarkt,streetview\vienna_naschmarkt\1518581645467745.jpg,48.197209203854,16.361304702658,Wiener Riesenrad,48.216830555,16.395919444,5.0,3.3675,3.0-6.0km,no,main,EU
1055581876359490,vienna_university,streetview\vienna_university\1055581876359490.jpg,48.20772870372,16.385401307044,University of Applied Arts Vienna,48.208419444,16.382219444,2.0,0.248,0.15-0.3km,no,main,EU
1055581876359490,vienna_university,streetview\vienna_university\1055581876359490.jpg,48.20772870372,16.385401307044,"Museum of Applied Arts, Vienna",48.207669444,16.381369444,4.0,0.2988,0.15-0.3km,no,main,EU
1055581876359490,vienna_university,streetview\vienna_university\1055581876359490.jpg,48.20772870372,16.385401307044,Hundertwasserhaus,48.2075,16.3939,5.0,0.6303,0.3-0.7km,no,main,EU
1055581876359490,vienna_university,streetview\vienna_university\1055581876359490.jpg,48.20772870372,16.385401307044,Wien River,48.2119,16.3844,3.0,0.4697,0.3-0.7km,no,main,EU
1055581876359490,vienna_university,streetview\vienna_university\1055581876359490.jpg,48.20772870372,16.385401307044,Rochusgasse station,48.2022,16.3921,3.0,0.7902,0.7-1.5km,no,main,EU
1055581876359490,vienna_university,streetview\vienna_university\1055581876359490.jpg,48.20772870372,16.385401307044,"Augustinian Church, Vienna",48.205669444,16.3677,4.0,1.3316,0.7-1.5km,no,main,EU
1055581876359490,vienna_university,streetview\vienna_university\1055581876359490.jpg,48.20772870372,16.385401307044,University of Vienna,48.213055555,16.359722222,4.0,1.9929,1.5-3.0km,no,main,EU
1055581876359490,vienna_university,streetview\vienna_university\1055581876359490.jpg,48.20772870372,16.385401307044,Kunsthistorisches Museum,48.203880555,16.3616,5.0,1.815,1.5-3.0km,no,main,EU
1055581876359490,vienna_university,streetview\vienna_university\1055581876359490.jpg,48.20772870372,16.385401307044,Franz Horr Stadium,48.162306,16.386694,3.0,5.0517,3.0-6.0km,no,main,EU
1055581876359490,vienna_university,streetview\vienna_university\1055581876359490.jpg,48.20772870372,16.385401307044,St. Marx Cemetery,48.182777777,16.401666666,3.0,3.025,3.0-6.0km,no,main,EU
367722097945156,boston_park,streetview\boston_park\367722097945156.jpg,42.355469901352,-71.063149876169,Park Street station,42.356388888,-71.0625,5.0,0.1153,signal,yes,main,AN
367722097945156,boston_park,streetview\boston_park\367722097945156.jpg,42.355469901352,-71.063149876169,Granary Burying Ground,42.3574,-71.0616,5.0,0.2496,0.15-0.3km,no,main,AN
367722097945156,boston_park,streetview\boston_park\367722097945156.jpg,42.355469901352,-71.063149876169,Boston Common,42.355,-71.065555555,5.0,0.2045,0.15-0.3km,no,main,AN
367722097945156,boston_park,streetview\boston_park\367722097945156.jpg,42.355469901352,-71.063149876169,Old State House,42.35875,-71.057472222,5.0,0.5922,0.3-0.7km,no,main,AN
367722097945156,boston_park,streetview\boston_park\367722097945156.jpg,42.355469901352,-71.063149876169,Omni Parker House,42.357845,-71.06008,4.0,0.3652,0.3-0.7km,no,main,AN
367722097945156,boston_park,streetview\boston_park\367722097945156.jpg,42.355469901352,-71.063149876169,Trinity Church (Boston),42.349892,-71.075356,5.0,1.1793,0.7-1.5km,no,main,AN
367722097945156,boston_park,streetview\boston_park\367722097945156.jpg,42.355469901352,-71.063149876169,Science Park station,42.36678,-71.06784,4.0,1.3153,0.7-1.5km,no,main,AN
367722097945156,boston_park,streetview\boston_park\367722097945156.jpg,42.355469901352,-71.063149876169,"Charlestown, Boston",42.375277777,-71.064444444,4.0,2.2051,1.5-3.0km,no,main,AN
367722097945156,boston_park,streetview\boston_park\367722097945156.jpg,42.355469901352,-71.063149876169,Kendall/MIT station,42.3624,-71.0857,4.0,2.0067,1.5-3.0km,no,main,AN
367722097945156,boston_park,streetview\boston_park\367722097945156.jpg,42.355469901352,-71.063149876169,Boston University,42.348888888,-71.100277777,5.0,3.1375,3.0-6.0km,no,main,AN
367722097945156,boston_park,streetview\boston_park\367722097945156.jpg,42.355469901352,-71.063149876169,Harvard Kennedy School,42.371388888,-71.121944444,4.0,5.1447,3.0-6.0km,no,main,AN
1104374688335512,hanoi_well,streetview\hanoi_well\1104374688335512.jpg,21.032503734201,105.83645099968,Vietnam National Museum of Fine Arts,21.030556,105.836944,4.0,0.2225,0.15-0.3km,no,main,AS
1104374688335512,hanoi_well,streetview\hanoi_well\1104374688335512.jpg,21.032503734201,105.83645099968,Saint Paul Hospital,21.031603,105.835127,3.0,0.17,0.15-0.3km,no,main,AS
1104374688335512,hanoi_well,streetview\hanoi_well\1104374688335512.jpg,21.032503734201,105.83645099968,Vietnam War Memorial,21.036021182,105.8387233,2.0,0.4567,0.3-0.7km,no,main,AS
1104374688335512,hanoi_well,streetview\hanoi_well\1104374688335512.jpg,21.032503734201,105.83645099968,National Assembly Building of Vietnam,21.037222222,105.8375,3.0,0.5358,0.3-0.7km,no,main,AS
1104374688335512,hanoi_well,streetview\hanoi_well\1104374688335512.jpg,21.032503734201,105.83645099968,Hàng Mã Street,21.0366,105.8477,4.0,1.2532,0.7-1.5km,no,main,AS
1104374688335512,hanoi_well,streetview\hanoi_well\1104374688335512.jpg,21.032503734201,105.83645099968,Hàng Bông Street,21.03065278,105.84800833,3.0,1.217,0.7-1.5km,no,main,AS
1104374688335512,hanoi_well,streetview\hanoi_well\1104374688335512.jpg,21.032503734201,105.83645099968,Phan Chu Trinh Street,21.0225,105.8555556,3.0,2.2736,1.5-3.0km,no,main,AS
1104374688335512,hanoi_well,streetview\hanoi_well\1104374688335512.jpg,21.032503734201,105.83645099968,Tonkin Palace,21.026644,105.855275,3.0,2.0595,1.5-3.0km,no,main,AS
1104374688335512,hanoi_well,streetview\hanoi_well\1104374688335512.jpg,21.032503734201,105.83645099968,Chùa Hà,21.03707082,105.794903481,3.0,4.3418,3.0-6.0km,no,main,AS
1104374688335512,hanoi_well,streetview\hanoi_well\1104374688335512.jpg,21.032503734201,105.83645099968,Cầu Dền,21.005833333,105.849166666,3.0,3.246,3.0-6.0km,no,main,AS
7699225470154293,edinburgh_greyfriars,streetview\edinburgh_greyfriars\7699225470154293.jpg,55.947333648539,-3.1961182595029,Grassmarket,55.9475,-3.196111111,5.0,0.0185,signal,yes,main,EU
7699225470154293,edinburgh_greyfriars,streetview\edinburgh_greyfriars\7699225470154293.jpg,55.947333648539,-3.1961182595029,"Central Library, Edinburgh",55.94824,-3.19221,4.0,0.2634,0.15-0.3km,no,main,EU
7699225470154293,edinburgh_greyfriars,streetview\edinburgh_greyfriars\7699225470154293.jpg,55.947333648539,-3.1961182595029,"Camera Obscura, Edinburgh",55.949,-3.19557,4.0,0.1884,0.15-0.3km,no,main,EU
7699225470154293,edinburgh_greyfriars,streetview\edinburgh_greyfriars\7699225470154293.jpg,55.947333648539,-3.1961182595029,Edinburgh University Library,55.9428,-3.189,4.0,0.6713,0.3-0.7km,no,main,EU
7699225470154293,edinburgh_greyfriars,streetview\edinburgh_greyfriars\7699225470154293.jpg,55.947333648539,-3.1961182595029,Princes Street,55.951313888,-3.200877777,5.0,0.5326,0.3-0.7km,no,main,EU
7699225470154293,edinburgh_greyfriars,streetview\edinburgh_greyfriars\7699225470154293.jpg,55.947333648539,-3.1961182595029,Balmoral Hotel,55.9527,-3.18961,5.0,0.7213,0.7-1.5km,no,main,EU
7699225470154293,edinburgh_greyfriars,streetview\edinburgh_greyfriars\7699225470154293.jpg,55.947333648539,-3.1961182595029,Edinburgh Playhouse,55.9568,-3.18484,4.0,1.2653,0.7-1.5km,no,main,EU
7699225470154293,edinburgh_greyfriars,streetview\edinburgh_greyfriars\7699225470154293.jpg,55.947333648539,-3.1961182595029,Royal Botanic Garden Edinburgh,55.96507,-3.2085295,4.0,2.1181,1.5-3.0km,no,main,EU
7699225470154293,edinburgh_greyfriars,streetview\edinburgh_greyfriars\7699225470154293.jpg,55.947333648539,-3.1961182595029,Royal Commonwealth Pool,55.939183073,-3.17319035,4.0,1.6911,1.5-3.0km,no,main,EU
7699225470154293,edinburgh_greyfriars,streetview\edinburgh_greyfriars\7699225470154293.jpg,55.947333648539,-3.1961182595029,Royal Infirmary of Edinburgh,55.922777777,-3.136666666,4.0,4.6007,3.0-6.0km,no,main,EU
7699225470154293,edinburgh_greyfriars,streetview\edinburgh_greyfriars\7699225470154293.jpg,55.947333648539,-3.1961182595029,Leith,55.9801,-3.17005,5.0,3.9884,3.0-6.0km,no,main,EU
780921181296620,mumbai_bowen,streetview\mumbai_bowen\780921181296620.jpg,18.922616565332,72.832640787066,Royal Bombay Yacht Club,18.9234,72.8333,3.0,0.1113,signal,yes,main,SA
780921181296620,mumbai_bowen,streetview\mumbai_bowen\780921181296620.jpg,18.922616565332,72.832640787066,Gokul,18.922887,72.832115,2.0,0.063,signal,yes,main,SA
780921181296620,mumbai_bowen,streetview\mumbai_bowen\780921181296620.jpg,18.922616565332,72.832640787066,Colaba Causeway,18.923542723,72.831783228,5.0,0.1369,signal,yes,main,SA
780921181296620,mumbai_bowen,streetview\mumbai_bowen\780921181296620.jpg,18.922616565332,72.832640787066,Indigo,18.921944444,72.831944444,2.0,0.1046,signal,yes,main,SA
780921181296620,mumbai_bowen,streetview\mumbai_bowen\780921181296620.jpg,18.922616565332,72.832640787066,Taj Mahal Palace Hotel,18.92164,72.83317,5.0,0.122,signal,yes,main,SA
780921181296620,mumbai_bowen,streetview\mumbai_bowen\780921181296620.jpg,18.922616565332,72.832640787066,The Table,18.92419,72.833161,2.0,0.1833,0.15-0.3km,no,main,SA
780921181296620,mumbai_bowen,streetview\mumbai_bowen\780921181296620.jpg,18.922616565332,72.832640787066,Dhanraj Mahal,18.924154166,72.833567424,2.0,0.1968,0.15-0.3km,no,main,SA
780921181296620,mumbai_bowen,streetview\mumbai_bowen\780921181296620.jpg,18.922616565332,72.832640787066,The K.R. Cama Oriental Institute,18.928062,72.833616,1.0,0.6141,0.3-0.7km,no,main,SA
780921181296620,mumbai_bowen,streetview\mumbai_bowen\780921181296620.jpg,18.922616565332,72.832640787066,Dr. Homi Bhabha State University,18.926530776,72.831154535,2.0,0.4625,0.3-0.7km,no,main,SA
780921181296620,mumbai_bowen,streetview\mumbai_bowen\780921181296620.jpg,18.922616565332,72.832640787066,"St. Thomas Cathedral, Mumbai",18.9317,72.8336,3.0,1.0151,0.7-1.5km,no,main,SA
780921181296620,mumbai_bowen,streetview\mumbai_bowen\780921181296620.jpg,18.922616565332,72.832640787066,Dadabhai Naoroji Road,18.9325,72.8317,3.0,1.1034,0.7-1.5km,no,main,SA
780921181296620,mumbai_bowen,streetview\mumbai_bowen\780921181296620.jpg,18.922616565332,72.832640787066,Edward Theatre,18.945151521,72.82897318,3.0,2.5353,1.5-3.0km,no,main,SA
780921181296620,mumbai_bowen,streetview\mumbai_bowen\780921181296620.jpg,18.922616565332,72.832640787066,Sir J. J. College of Architecture,18.94473,72.833967,2.0,2.4629,1.5-3.0km,no,main,SA
780921181296620,mumbai_bowen,streetview\mumbai_bowen\780921181296620.jpg,18.922616565332,72.832640787066,"Shri Swaminarayan Mandir, Mumbai",18.953975,72.83021667,2.0,3.4962,3.0-6.0km,no,main,SA
780921181296620,mumbai_bowen,streetview\mumbai_bowen\780921181296620.jpg,18.922616565332,72.832640787066,Joseph Baptista Gardens,18.965633,72.842703,2.0,4.8989,3.0-6.0km,no,main,SA
1077474419441239,london_royal,streetview\london_royal\1077474419441239.jpg,51.508987477859,-0.13709371025654,Piccadilly Circus,51.51,-0.134444444,5.0,0.2152,0.15-0.3km,no,main,EU
1077474419441239,london_royal,streetview\london_royal\1077474419441239.jpg,51.508987477859,-0.13709371025654,Regent Street,51.5108,-0.1387,4.0,0.2302,0.15-0.3km,no,main,EU
1077474419441239,london_royal,streetview\london_royal\1077474419441239.jpg,51.508987477859,-0.13709371025654,Leicester Square,51.510277777,-0.130277777,5.0,0.493,0.3-0.7km,no,main,EU
1077474419441239,london_royal,streetview\london_royal\1077474419441239.jpg,51.508987477859,-0.13709371025654,Trafalgar Square,51.508055555,-0.128055555,5.0,0.634,0.3-0.7km,no,main,EU
1077474419441239,london_royal,streetview\london_royal\1077474419441239.jpg,51.508987477859,-0.13709371025654,Waterloo Bridge,51.508611111,-0.116944444,4.0,1.3951,0.7-1.5km,no,main,EU
1077474419441239,london_royal,streetview\london_royal\1077474419441239.jpg,51.508987477859,-0.13709371025654,West End of London,51.513333333,-0.128611111,5.0,0.7603,0.7-1.5km,no,main,EU
1077474419441239,london_royal,streetview\london_royal\1077474419441239.jpg,51.508987477859,-0.13709371025654,Fleet Street,51.513777777,-0.111527777,4.0,1.8477,1.5-3.0km,no,main,EU
1077474419441239,london_royal,streetview\london_royal\1077474419441239.jpg,51.508987477859,-0.13709371025654,Royal National Theatre,51.5071,-0.1141,4.0,1.6051,1.5-3.0km,no,main,EU
1077474419441239,london_royal,streetview\london_royal\1077474419441239.jpg,51.508987477859,-0.13709371025654,The Oval,51.483719444,-0.114980555,3.0,3.1996,3.0-6.0km,no,main,EU
1077474419441239,london_royal,streetview\london_royal\1077474419441239.jpg,51.508987477859,-0.13709371025654,"Chelsea, London",51.4875,-0.1684,5.0,3.2257,3.0-6.0km,no,main,EU
1567714271306208,sanfrancisco_joseph,streetview\sanfrancisco_joseph\1567714271306208.jpg,37.80684239799,-122.41945766953,San Francisco Maritime National Historical Park,37.807783,-122.422114,2.0,0.2557,0.15-0.3km,no,main,AN
1567714271306208,sanfrancisco_joseph,streetview\sanfrancisco_joseph\1567714271306208.jpg,37.80684239799,-122.41945766953,Van Ness Avenue,37.80802,-122.42659,3.0,0.6401,0.3-0.7km,no,main,AN
1567714271306208,sanfrancisco_joseph,streetview\sanfrancisco_joseph\1567714271306208.jpg,37.80684239799,-122.41945766953,San Francisco Art Institute,37.803376,-122.417167,3.0,0.4348,0.3-0.7km,no,main,AN
1567714271306208,sanfrancisco_joseph,streetview\sanfrancisco_joseph\1567714271306208.jpg,37.80684239799,-122.41945766953,Fort Mason,37.807778,-122.429722,4.0,0.9077,0.7-1.5km,no,main,AN
1567714271306208,sanfrancisco_joseph,streetview\sanfrancisco_joseph\1567714271306208.jpg,37.80684239799,-122.41945766953,Telegraph Hill,37.802375,-122.405763888,4.0,1.3016,0.7-1.5km,no,main,AN
1567714271306208,sanfrancisco_joseph,streetview\sanfrancisco_joseph\1567714271306208.jpg,37.80684239799,-122.41945766953,The Fillmore,37.784098,-122.433132,3.0,2.8,1.5-3.0km,no,main,AN
1567714271306208,sanfrancisco_joseph,streetview\sanfrancisco_joseph\1567714271306208.jpg,37.80684239799,-122.41945766953,Contemporary Jewish Museum,37.7858,-122.404,4.0,2.7054,1.5-3.0km,no,main,AN
1567714271306208,sanfrancisco_joseph,streetview\sanfrancisco_joseph\1567714271306208.jpg,37.80684239799,-122.41945766953,Chase Center,37.767833333,-122.387388888,4.0,5.1727,3.0-6.0km,no,main,AN
1567714271306208,sanfrancisco_joseph,streetview\sanfrancisco_joseph\1567714271306208.jpg,37.80684239799,-122.41945766953,Painted Ladies,37.776388888,-122.433055555,4.0,3.5909,3.0-6.0km,no,main,AN
615644910711441,madrid_pera,streetview\madrid_pera\615644910711441.jpg,40.416888488629,-3.7058901287952,Convent of Las Descalzas Reales,40.418267,-3.706192,3.0,0.1554,0.15-0.3km,no,main,EU
615644910711441,madrid_pera,streetview\madrid_pera\615644910711441.jpg,40.416888488629,-3.7058901287952,"Santa Cruz Palace, Madrid",40.4147,-3.706030555,2.0,0.2436,0.15-0.3km,no,main,EU
615644910711441,madrid_pera,streetview\madrid_pera\615644910711441.jpg,40.416888488629,-3.7058901287952,Tirso de Molina (Madrid Metro),40.4123,-3.70467,3.0,0.5206,0.3-0.7km,no,main,EU
615644910711441,madrid_pera,streetview\madrid_pera\615644910711441.jpg,40.416888488629,-3.7058901287952,Ópera,40.4181,-3.70934,4.0,0.3216,0.3-0.7km,no,main,EU
615644910711441,madrid_pera,streetview\madrid_pera\615644910711441.jpg,40.416888488629,-3.7058901287952,Palace of Linares,40.4199,-3.6921,2.0,1.2145,0.7-1.5km,no,main,EU
615644910711441,madrid_pera,streetview\madrid_pera\615644910711441.jpg,40.416888488629,-3.7058901287952,Paseo de Recoletos,40.421952777,-3.691836111,4.0,1.3163,0.7-1.5km,no,main,EU
615644910711441,madrid_pera,streetview\madrid_pera\615644910711441.jpg,40.416888488629,-3.7058901287952,Retiro (Madrid Metro),40.4207,-3.68587,4.0,1.747,1.5-3.0km,no,main,EU
615644910711441,madrid_pera,streetview\madrid_pera\615644910711441.jpg,40.416888488629,-3.7058901287952,Serrano (Madrid Metro),40.4254,-3.68662,3.0,1.8859,1.5-3.0km,no,main,EU
615644910711441,madrid_pera,streetview\madrid_pera\615644910711441.jpg,40.416888488629,-3.7058901287952,Cementerio de la Almudena,40.41935,-3.640588888,2.0,5.5349,3.0-6.0km,no,main,EU
615644910711441,madrid_pera,streetview\madrid_pera\615644910711441.jpg,40.416888488629,-3.7058901287952,Batán (Madrid Metro),40.4078,-3.75312,2.0,4.1244,3.0-6.0km,no,main,EU
1043639560013632,vienna_university,streetview\vienna_university\1043639560013632.jpg,48.209600629576,16.382485865699,University of Applied Arts Vienna,48.208419444,16.382219444,2.0,0.1328,signal,yes,main,EU
1043639560013632,vienna_university,streetview\vienna_university\1043639560013632.jpg,48.209600629576,16.382485865699,Austrian Postal Savings Bank,48.21,16.3803,3.0,0.168,0.15-0.3km,no,main,EU
1043639560013632,vienna_university,streetview\vienna_university\1043639560013632.jpg,48.209600629576,16.382485865699,Wien River,48.2119,16.3844,3.0,0.2924,0.15-0.3km,no,main,EU
1043639560013632,vienna_university,streetview\vienna_university\1043639560013632.jpg,48.209600629576,16.382485865699,Austrian Academy of Sciences,48.208888888,16.377055555,2.0,0.4101,0.3-0.7km,no,main,EU
1043639560013632,vienna_university,streetview\vienna_university\1043639560013632.jpg,48.209600629576,16.382485865699,"St. Rupert's Church, Vienna",48.211944444,16.374444444,3.0,0.6504,0.3-0.7km,no,main,EU
1043639560013632,vienna_university,streetview\vienna_university\1043639560013632.jpg,48.209600629576,16.382485865699,Palais Augarten,48.222,16.3794,2.0,1.3976,0.7-1.5km,no,main,EU
1043639560013632,vienna_university,streetview\vienna_university\1043639560013632.jpg,48.209600629576,16.382485865699,"Konzerthaus, Vienna",48.200875,16.377377,3.0,1.0415,0.7-1.5km,no,main,EU
1043639560013632,vienna_university,streetview\vienna_university\1043639560013632.jpg,48.209600629576,16.382485865699,Austrian National Bank,48.2161326,16.3523363,2.0,2.3491,1.5-3.0km,no,main,EU
1043639560013632,vienna_university,streetview\vienna_university\1043639560013632.jpg,48.209600629576,16.382485865699,Institute for Human Sciences,48.22715,16.36415,1.0,2.3777,1.5-3.0km,no,main,EU
1043639560013632,vienna_university,streetview\vienna_university\1043639560013632.jpg,48.209600629576,16.382485865699,Vienna International Centre,48.2347,16.4169,3.0,3.7801,3.0-6.0km,no,main,EU
1043639560013632,vienna_university,streetview\vienna_university\1043639560013632.jpg,48.209600629576,16.382485865699,St. Marx Cemetery,48.182777777,16.401666666,3.0,3.3041,3.0-6.0km,no,main,EU
506893325703217,santiago_baslica,streetview\santiago_baslica\506893325703217.jpg,-33.43991802488,-70.665017227126,Galpón Víctor Jara,-33.44126,-70.66613,2.0,0.1815,0.15-0.3km,no,main,SA
506893325703217,santiago_baslica,streetview\santiago_baslica\506893325703217.jpg,-33.43991802488,-70.665017227126,Huérfanos Street,-33.44083801,-70.662993942,3.0,0.2138,0.15-0.3km,no,main,SA
506893325703217,santiago_baslica,streetview\santiago_baslica\506893325703217.jpg,-33.43991802488,-70.665017227126,Santa Ana metro station,-33.438153,-70.659914,4.0,0.5126,0.3-0.7km,no,main,SA
506893325703217,santiago_baslica,streetview\santiago_baslica\506893325703217.jpg,-33.43991802488,-70.665017227126,Cumming metro station,-33.439075,-70.668639,3.0,0.3489,0.3-0.7km,no,main,SA
506893325703217,santiago_baslica,streetview\santiago_baslica\506893325703217.jpg,-33.43991802488,-70.665017227126,Paseo Ahumada,-33.440965269,-70.650768634,4.0,1.3272,0.7-1.5km,no,main,SA
506893325703217,santiago_baslica,streetview\santiago_baslica\506893325703217.jpg,-33.43991802488,-70.665017227126,Central Post Office Building (Santiago),-33.43706944,-70.65108889,3.0,1.3307,0.7-1.5km,no,main,SA
506893325703217,santiago_baslica,streetview\santiago_baslica\506893325703217.jpg,-33.43991802488,-70.665017227126,Chilean Meteorological Directorate,-33.444612106,-70.682868386,2.0,1.7366,1.5-3.0km,no,main,SA
506893325703217,santiago_baslica,streetview\santiago_baslica\506893325703217.jpg,-33.43991802488,-70.665017227126,Centro Cultural Matucana 100,-33.44527778,-70.68,2.0,1.5125,1.5-3.0km,no,main,SA
506893325703217,santiago_baslica,streetview\santiago_baslica\506893325703217.jpg,-33.43991802488,-70.665017227126,"Military Cathedral of Our Lady of Mount Carmel, Santiago",-33.42038889,-70.60619444,2.0,5.8748,3.0-6.0km,no,main,SA
506893325703217,santiago_baslica,streetview\santiago_baslica\506893325703217.jpg,-33.43991802488,-70.665017227126,Parque Bustamante metro station,-33.442772,-70.6315,3.0,3.1261,3.0-6.0km,no,main,SA
169553275075263,barcelona_fontana,streetview\barcelona_fontana\169553275075263.jpg,41.404667538556,2.1531650931176,Fontana metro station,41.40263,2.15275,4.0,0.2292,0.15-0.3km,no,main,EU
169553275075263,barcelona_fontana,streetview\barcelona_fontana\169553275075263.jpg,41.404667538556,2.1531650931176,Casa Vicens,41.403486545,2.150643258,3.0,0.248,0.15-0.3km,no,main,EU
169553275075263,barcelona_fontana,streetview\barcelona_fontana\169553275075263.jpg,41.404667538556,2.1531650931176,Sant Gervasi station,41.400833,2.146944,3.0,0.6716,0.3-0.7km,no,main,EU
169553275075263,barcelona_fontana,streetview\barcelona_fontana\169553275075263.jpg,41.404667538556,2.1531650931176,Lesseps station,41.40611111,2.14944444,4.0,0.3494,0.3-0.7km,no,main,EU
169553275075263,barcelona_fontana,streetview\barcelona_fontana\169553275075263.jpg,41.404667538556,2.1531650931176,Verdaguer station,41.400005555,2.168572222,3.0,1.3857,0.7-1.5km,no,main,EU
169553275075263,barcelona_fontana,streetview\barcelona_fontana\169553275075263.jpg,41.404667538556,2.1531650931176,Provença–Diagonal station,41.39328,2.15745,4.0,1.3157,0.7-1.5km,no,main,EU
169553275075263,barcelona_fontana,streetview\barcelona_fontana\169553275075263.jpg,41.404667538556,2.1531650931176,Fabra Observatory,41.418409,2.124047,2.0,2.869,1.5-3.0km,no,main,EU
169553275075263,barcelona_fontana,streetview\barcelona_fontana\169553275075263.jpg,41.404667538556,2.1531650931176,Hospital Clínic metro station,41.38777778,2.15027778,3.0,1.8934,1.5-3.0km,no,main,EU
169553275075263,barcelona_fontana,streetview\barcelona_fontana\169553275075263.jpg,41.404667538556,2.1531650931176,Collblanc station,41.375591666,2.12065,3.0,4.2202,3.0-6.0km,no,main,EU
169553275075263,barcelona_fontana,streetview\barcelona_fontana\169553275075263.jpg,41.404667538556,2.1531650931176,Museu de la Xocolata,41.387056,2.181818,3.0,3.0899,3.0-6.0km,no,main,EU
239277707973166,london_barbican,streetview\london_barbican\239277707973166.jpg,51.521754188356,-0.095510556653824,Vietnam National Museum of History,21.024722222,105.859722222,4.0,9233.414,mismatch,no,ctrl_mismatch,
1564752414619982,madrid_pera,streetview\madrid_pera\1564752414619982.jpg,40.418017554099,-3.7109231248337,Edward Theatre,18.945151521,72.82897318,3.0,7537.143,mismatch,no,ctrl_mismatch,
314484880385575,berlin_jewish,streetview\berlin_jewish\314484880385575.jpg,52.503676726361,13.398877296046,Holy Resurrection Cathedral,35.698036111,139.765533333,3.0,8920.232,mismatch,no,ctrl_mismatch,
1024515582643671,budapest_batthyny,streetview\budapest_batthyny\1024515582643671.jpg,47.507931803429,19.037049498363,"St. Thomas Cathedral, Mumbai",18.9317,72.8336,3.0,5774.296,mismatch,no,ctrl_mismatch,
1328088438137398,boston_park,streetview\boston_park\1328088438137398.jpg,42.355308610938,-71.065309310291,Bank of Greece,37.978611111,23.733333333,2.0,7621.237,mismatch,no,ctrl_mismatch,
880384989205695,delhi_holy,streetview\delhi_holy\880384989205695.jpg,28.642405330321,77.232203525526,Ascensor da Bica,38.708704,-9.146783,5.0,7776.905,mismatch,no,ctrl_mismatch,
780921181296620,mumbai_bowen,streetview\mumbai_bowen\780921181296620.jpg,18.922616565332,72.832640787066,Semmelweis University,47.487222222,19.067222222,3.0,5772.193,mismatch,no,ctrl_mismatch,
3923503734413150,telaviv_dizengoff,streetview\telaviv_dizengoff\3923503734413150.jpg,32.079246101216,34.775009203947,Café A Brasileira,38.710692,-9.142047,4.0,4009.597,mismatch,no,ctrl_mismatch,
4129797463739521,marrakech_place,streetview\marrakech_place\4129797463739521.jpg,31.620481447607,-7.987001707544,Bahntower,52.509722,13.375,1.0,2892.942,mismatch,no,ctrl_mismatch,
127288426707682,lima_estadio,streetview\lima_estadio\127288426707682.jpg,-12.064595214443,-77.036225532378,Buena Vista Park,37.76826,-122.44192,3.0,7283.088,mismatch,no,ctrl_mismatch,
7699225470154293,edinburgh_greyfriars,streetview\edinburgh_greyfriars\7699225470154293.jpg,55.947333648539,-3.1961182595029,Eugenia metro station,19.386111111,-99.157222222,3.0,8593.333,mismatch,no,ctrl_mismatch,
4129797463739521,marrakech_place,streetview\marrakech_place\4129797463739521.jpg,31.620481447607,-7.987001707544,"Sacré-Cœur, Paris",48.88665,2.34295,5.0,2106.001,mismatch,no,ctrl_mismatch,
1103000450178625,copenhagen_museum,streetview\copenhagen_museum\1103000450178625.jpg,55.674855676986,12.57144321202,South Station,42.351944,-71.055278,5.0,5886.905,mismatch,no,ctrl_mismatch,
472763443829899,madrid_royal,streetview\madrid_royal\472763443829899.jpg,40.414863682647,-3.6882587367107,"Mandarin Oriental, Hong Kong",22.2821,114.159,4.0,10538.676,mismatch,no,ctrl_mismatch,
1035925578399762,budapest_university,streetview\budapest_university\1035925578399762.jpg,47.481993384326,19.052807412637,Fort Canning MRT station,1.291937,103.845163,4.0,9510.458,mismatch,no,ctrl_mismatch,
1110364610210828,tokyo_national,streetview\tokyo_national\1110364610210828.jpg,35.691690981517,139.75688042028,Palais-Royal,48.863333333,2.336944444,4.0,9714.468,mismatch,no,ctrl_mismatch,
483028582815745,singapore_asian,streetview\singapore_asian\483028582815745.jpg,1.2855206765153,103.84901687425,Ballard Estate,18.9362,72.8383,4.0,3907.224,mismatch,no,ctrl_mismatch,
779569449389002,stockholm_karlaplan,streetview\stockholm_karlaplan\779569449389002.jpg,59.340671423176,18.090538214347,Tung Wah Hospital,22.2852,114.147,3.0,8223.207,mismatch,no,ctrl_mismatch,
516373416038884,amsterdam_natura,streetview\amsterdam_natura\516373416038884.jpg,52.366830443151,4.9197136389989,Mount Elizabeth Hospital,1.3045,103.835083,3.0,10495.88,mismatch,no,ctrl_mismatch,
1104374688335512,hanoi_well,streetview\hanoi_well\1104374688335512.jpg,21.032503734201,105.83645099968,Batán (Madrid Metro),40.4078,-3.75312,2.0,10043.504,mismatch,no,ctrl_mismatch,
2420909831421445,mexicocity_insurgentes,streetview\mexicocity_insurgentes\2420909831421445.jpg,19.424145570879,-99.162499774031,Frederiksholms Kanal,55.673611111,12.577777777,3.0,9512.29,mismatch,no,ctrl_mismatch,
730005887692629,edinburgh_museum,streetview\edinburgh_museum\730005887692629.jpg,55.951516373152,-3.1841140994019,Levin House (Tel Aviv),32.0632,34.7748,2.0,3949.134,mismatch,no,ctrl_mismatch,
8421271167978129,santiago_plaza,streetview\santiago_plaza\8421271167978129.jpg,-33.43879742834,-70.653568833591,Hopewell Centre (Hong Kong),22.2745,114.172,3.0,18686.621,mismatch,no,ctrl_mismatch,
1384754382502755,santiago_moneda,streetview\santiago_moneda\1384754382502755.jpg,-33.446464606197,-70.652444129514,Tel Aviv City Hall,32.0819,34.7806,4.0,13203.554,mismatch,no,ctrl_mismatch,
3821181418008164,bogota_planetarium,streetview\bogota_planetarium\3821181418008164.jpg,4.6100882707189,-74.071091269566,25 de Abril Bridge,38.694183,-9.178146,5.0,7521.755,mismatch,no,ctrl_mismatch,
3211043612444726,bogota_national,streetview\bogota_national\3211043612444726.jpg,4.6093897499731,-74.067270590458,Fontana metro station,41.40263,2.15275,4.0,8520.895,mismatch,no,ctrl_mismatch,
3985648311511085,marrakech_cervantes,streetview\marrakech_cervantes\3985648311511085.jpg,31.638429608371,-8.0152148522792,"Theatre Royal, Edinburgh",55.953,-3.19,3.0,2729.678,mismatch,no,ctrl_mismatch,
3211043612444726,bogota_national,streetview\bogota_national\3211043612444726.jpg,4.6093897499731,-74.067270590458,Fontana metro station,41.40263,2.15275,4.0,8520.895,mismatch,no,ctrl_mismatch,
1126921317814108,mumbai_bowen,streetview\mumbai_bowen\1126921317814108.jpg,18.922542765757,72.834429646449,Thuong Dinh station,20.9975,105.812222222,4.0,3448.446,mismatch,no,ctrl_mismatch,
3051252728424529,hongkong_sai,streetview\hongkong_sai\3051252728424529.jpg,22.28438193735,114.14425215812,Airport station,42.3744,-71.0302,4.0,12805.735,mismatch,no,ctrl_mismatch,
1090410228149463,milan_santa,streetview\milan_santa\1090410228149463.jpg,45.454774216339,9.1871932789049,National Institute of Legal Medicine and Forensic Sciences,4.598326,-74.082886,2.0,9118.601,mismatch,no,ctrl_mismatch,
882084572370597,stockholm_grdet,streetview\stockholm_grdet\882084572370597.jpg,59.343602276873,18.096748218256,The K.R. Cama Oriental Institute,18.928062,72.833616,1.0,6239.896,mismatch,no,ctrl_mismatch,
483028582815745,singapore_asian,streetview\singapore_asian\483028582815745.jpg,1.2855206765153,103.84901687425,Almudena Cathedral,40.415556,-3.714444,4.0,11389.048,mismatch,no,ctrl_mismatch,
483028582815745,singapore_asian,streetview\singapore_asian\483028582815745.jpg,1.2855206765153,103.84901687425,Metropolitan Life Insurance Company Tower,40.741111111,-73.9875,4.0,15336.803,mismatch,no,ctrl_mismatch,
842041836690620,lima_equestrian,streetview\lima_equestrian\842041836690620.jpg,-12.049777700835,-77.027808493754,Berlin Zoo,52.508333333,13.3375,5.0,11092.248,mismatch,no,ctrl_mismatch,
3985648311511085,marrakech_cervantes,streetview\marrakech_cervantes\3985648311511085.jpg,31.638429608371,-8.0152148522792,Santa Ana metro station,-33.438153,-70.659914,4.0,9769.151,mismatch,no,ctrl_mismatch,
483028582815745,singapore_asian,streetview\singapore_asian\483028582815745.jpg,1.2855206765153,103.84901687425,Slussen metro station,59.319444444,18.072222222,5.0,9645.087,mismatch,no,ctrl_mismatch,
3211043612444726,bogota_national,streetview\bogota_national\3211043612444726.jpg,4.6093897499731,-74.067270590458,Royal College of Surgeons of Edinburgh,55.946666666,-3.185277777,2.0,8401.764,mismatch,no,ctrl_mismatch,
1246019787240480,edinburgh_dugald,streetview\edinburgh_dugald\1246019787240480.jpg,55.952964542348,-3.1890105723928,Condesa,19.4125,-99.1694,5.0,8591.907,mismatch,no,ctrl_mismatch,
2911654482489566,bogota_general,streetview\bogota_general\2911654482489566.jpg,4.5913040140529,-74.079182198972,Merchiston,55.9365,-3.2095,3.0,8402.439,mismatch,no,ctrl_mismatch,
1049868982417886,mumbai_girgaon,streetview\mumbai_girgaon\1049868982417886.jpg,18.95066629543,72.822989421199,Tell Qasile,32.101372222,34.794077777,2.0,4060.494,mismatch,no,ctrl_mismatch,
305970254588710,paris_bataclan,streetview\paris_bataclan\305970254588710.jpg,48.861864560821,2.3675640587028,Cumming metro station,-33.439075,-70.668639,3.0,11649.207,mismatch,no,ctrl_mismatch,
1034940767034025,hanoi_botanic,streetview\hanoi_botanic\1034940767034025.jpg,21.041815851132,105.83438834616,Les Lilas,48.88,2.416944444,3.0,9189.436,mismatch,no,ctrl_mismatch,
1090410228149463,milan_santa,streetview\milan_santa\1090410228149463.jpg,45.454774216339,9.1871932789049,Casa Central de la Universidad de Chile,-33.44456111,-70.65095278,2.0,11878.871,mismatch,no,ctrl_mismatch,
1369582031123941,sanfrancisco_cartoon,streetview\sanfrancisco_cartoon\1369582031123941.jpg,37.784455219878,-122.40012821489,Maria Cristina station,41.388083333,2.126372222,3.0,9567.493,mismatch,no,ctrl_mismatch,
780921181296620,mumbai_bowen,streetview\mumbai_bowen\780921181296620.jpg,18.922616565332,72.832640787066,Café Gerbeaud,47.4969481,19.0502242,5.0,5773.696,mismatch,no,ctrl_mismatch,
506893325703217,santiago_baslica,streetview\santiago_baslica\506893325703217.jpg,-33.43991802488,-70.665017227126,Arc de Triomf station,41.392444444,2.180611111,4.0,11158.85,mismatch,no,ctrl_mismatch,
226672248791862,tokyo_artizon,streetview\tokyo_artizon\226672248791862.jpg,35.676869062609,139.77292018236,King's College London,51.511944444,-0.116111111,4.0,9562.096,mismatch,no,ctrl_mismatch,
1172910350469866,singapore_national,streetview\singapore_national\1172910350469866.jpg,1.2956059498641,103.85523486284,Verdaguer station,41.400005555,2.168572222,3.0,10882.805,mismatch,no,ctrl_mismatch,
880384989205695,delhi_holy,streetview\delhi_holy\880384989205695.jpg,28.642405330321,77.232203525526,Waseda University,35.709202777,139.719333333,5.0,5836.028,mismatch,no,ctrl_mismatch,
122138176540482,mexicocity_centro,streetview\mexicocity_centro\122138176540482.jpg,19.404019702795,-99.157309178532,Supreme Court of Chile,-33.439147222,-70.653094444,3.0,6608.309,mismatch,no,ctrl_mismatch,
1132720907192718,boston_chinatown,streetview\boston_chinatown\1132720907192718.jpg,42.354563254438,-71.06208567936,Jock's Lodge,55.9551,-3.15041,2.0,4943.054,mismatch,no,ctrl_mismatch,
730005887692629,edinburgh_museum,streetview\edinburgh_museum\730005887692629.jpg,55.951516373152,-3.1841140994019,Centro Cultural La Moneda,-33.44388889,-70.65361111,4.0,11799.824,mismatch,no,ctrl_mismatch,
903410113723266,barcelona_fontana,streetview\barcelona_fontana\903410113723266.jpg,41.401283498537,2.1538055344176,Bay station,43.670277777,-79.39,3.0,6400.215,mismatch,no,ctrl_mismatch,
4129797463739521,marrakech_place,streetview\marrakech_place\4129797463739521.jpg,31.620481447607,-7.987001707544,ICAC Headquarters,22.292972,114.205583,3.0,11426.453,mismatch,no,ctrl_mismatch,
2026854387467094,edinburgh_greyfriars,streetview\edinburgh_greyfriars\2026854387467094.jpg,55.945147596676,-3.1927957332816,Eros Cinema,18.932130634,72.827869317,4.0,7408.242,mismatch,no,ctrl_mismatch,
1369582031123941,sanfrancisco_cartoon,streetview\sanfrancisco_cartoon\1369582031123941.jpg,37.784455219878,-122.40012821489,Zappeion,37.971389,23.736389,3.0,10904.799,mismatch,no,ctrl_mismatch,
140385058059418,toronto_rosedale,streetview\toronto_rosedale\140385058059418.jpg,43.676960743259,-79.389556139899,Holocaust Memorial Center (Budapest),47.48374,19.07378,3.0,7125.554,mismatch,no,ctrl_mismatch,
328468981955090,telaviv_habima,streetview\telaviv_habima\328468981955090.jpg,32.071574983004,34.780605234343,Generali Tower,45.47832,9.15521,3.0,2656.73,mismatch,no,ctrl_mismatch,
1239985766605212,sanfrancisco_joseph,streetview\sanfrancisco_joseph\1239985766605212.jpg,37.808419740785,-122.41583785115,Balmoral Hotel,55.9527,-3.18961,5.0,8119.973,mismatch,no,ctrl_mismatch,
367722097945156,boston_park,streetview\boston_park\367722097945156.jpg,42.355469901352,-71.063149876169,Yoyogi Station,35.683827777,139.702319444,4.0,10791.681,mismatch,no,ctrl_mismatch,
1172910350469866,singapore_national,streetview\singapore_national\1172910350469866.jpg,1.2956059498641,103.85523486284,Waterloo Bridge,51.508611111,-0.116944444,4.0,10854.463,mismatch,no,ctrl_mismatch,
7699225470154293,edinburgh_greyfriars,streetview\edinburgh_greyfriars\7699225470154293.jpg,55.947333648539,-3.1961182595029,Centro Médico metro station,19.406637,-99.155753,5.0,8591.372,mismatch,no,ctrl_mismatch,
385781315930165,barcelona_lesseps,streetview\barcelona_lesseps\385781315930165.jpg,41.403853286398,2.1499568242563,Cathedral of the Holy Name,18.9233592,72.8306699,3.0,7039.37,mismatch,no,ctrl_mismatch,
842041836690620,lima_equestrian,streetview\lima_equestrian\842041836690620.jpg,-12.049777700835,-77.027808493754,Amsterdam Lelylaan station,52.357222222,4.833888888,3.0,10522.573,mismatch,no,ctrl_mismatch,
2856142347994065,lisbon_martim,streetview\lisbon_martim\2856142347994065.jpg,38.715554781296,-9.1358873724005,Arsat Moulay Abdessalam Garden,31.6266,-7.99914,3.0,794.977,mismatch,no,ctrl_mismatch,
1239985766605212,sanfrancisco_joseph,streetview\sanfrancisco_joseph\1239985766605212.jpg,37.808419740785,-122.41583785115,Île Saint-Louis,48.851666666,2.356388888,3.0,8950.717,mismatch,no,ctrl_mismatch,
1032004085228168,hanoi_college,streetview\hanoi_college\1032004085228168.jpg,21.022673971713,105.84143871625,Rochusgasse station,48.2022,16.3921,3.0,8243.126,mismatch,no,ctrl_mismatch,
740287243313659,milan_milano,streetview\milan_milano\740287243313659.jpg,45.468592343178,9.1721351665966,Plaza Grau,-12.059722222,-77.035555555,5.0,10668.635,mismatch,no,ctrl_mismatch,
516373416038884,amsterdam_natura,streetview\amsterdam_natura\516373416038884.jpg,52.366830443151,4.9197136389989,Tameike-sannō Station,35.672802777,139.741416666,5.0,9291.408,mismatch,no,ctrl_mismatch,
1143667572727383,athens_national,streetview\athens_national\1143667572727383.jpg,37.973387542653,23.735143372028,The New York Times Building,40.756111111,-73.99,4.0,7922.751,mismatch,no,ctrl_mismatch,
169553275075263,barcelona_fontana,streetview\barcelona_fontana\169553275075263.jpg,41.404667538556,2.1531650931176,Van Ness Avenue,37.80802,-122.42659,3.0,9566.936,mismatch,no,ctrl_mismatch,
1090410228149463,milan_santa,streetview\milan_santa\1090410228149463.jpg,45.454774216339,9.1871932789049,Hong Kong station,22.2848,114.158,5.0,9352.805,mismatch,no,ctrl_mismatch,
1348620445524301,berlin_alte,streetview\berlin_alte\1348620445524301.jpg,52.520542612056,13.398049355114,Plaza de la Bandera,-12.06747,-77.06121,4.0,11100.271,mismatch,no,ctrl_mismatch,
367722097945156,boston_park,streetview\boston_park\367722097945156.jpg,42.355469901352,-71.063149876169,Rossio railway station,38.714722,-9.142222,5.0,5131.583,mismatch,no,ctrl_mismatch,
513623480074986,mexicocity_balderas,streetview\mexicocity_balderas\513623480074986.jpg,19.427544880847,-99.151836437178,Bạch Mai,21.000833333,105.850555555,4.0,14760.367,mismatch,no,ctrl_mismatch,
4029585117102461,copenhagen_det,streetview\copenhagen_det\4029585117102461.jpg,55.674525934401,12.554843352917,Boston Common,42.355,-71.065555555,5.0,5886.312,mismatch,no,ctrl_mismatch,
1567714271306208,sanfrancisco_joseph,streetview\sanfrancisco_joseph\1567714271306208.jpg,37.80684239799,-122.41945766953,Móricz Zsigmond körtér metro station,47.477222222,19.0475,3.0,9790.48,mismatch,no,ctrl_mismatch,
484105032839269,hongkong_fortress,streetview\hongkong_fortress\484105032839269.jpg,22.290655675314,114.19441047292,University of Applied Arts Vienna,48.208419444,16.382219444,2.0,8731.292,mismatch,no,ctrl_mismatch,
1518581645467745,vienna_naschmarkt,streetview\vienna_naschmarkt\1518581645467745.jpg,48.197209203854,16.361304702658,Riad Africa,31.620814,-7.986211,2.0,2754.889,mismatch,no,ctrl_mismatch,
1314398186601230,santiago_baslica,streetview\santiago_baslica\1314398186601230.jpg,-33.438730652449,-70.664156355071,Alte Nationalgalerie,52.52081,13.398353,4.0,12523.833,mismatch,no,ctrl_mismatch,
779569449389002,stockholm_karlaplan,streetview\stockholm_karlaplan\779569449389002.jpg,59.340671423176,18.090538214347,Iglesia de San Lázaro,-33.45219722,-70.66088056,3.0,13088.166,mismatch,no,ctrl_mismatch,
270516208053057,london_royal,streetview\london_royal\270516208053057.jpg,51.511637038166,-0.13912059984441,Quán Thánh Temple,21.043113,105.836508,4.0,9233.539,mismatch,no,ctrl_mismatch,
121611859942675,newyork_studio,streetview\newyork_studio\121611859942675.jpg,40.766278593749,-73.981603348978,Thorvaldsen Museum,55.67669,12.57827,4.0,6182.974,mismatch,no,ctrl_mismatch,
1036250735319845,amsterdam_church,streetview\amsterdam_church\1036250735319845.jpg,52.37737484654,4.9025725497574,Sterling Cineplex,18.938,72.833,3.0,6861.305,mismatch,no,ctrl_mismatch,
1473516979961618,boston_longfellow,streetview\boston_longfellow\1473516979961618.jpg,42.361401609515,-71.073240708062,National Museum of India,28.611811,77.219262,4.0,11480.809,mismatch,no,ctrl_mismatch,
1172910350469866,singapore_national,streetview\singapore_national\1172910350469866.jpg,1.2956059498641,103.85523486284,San Francisco Marriott Marquis,37.78507,-122.40482,4.0,13584.581,mismatch,no,ctrl_mismatch,
122138176540482,mexicocity_centro,streetview\mexicocity_centro\122138176540482.jpg,19.404019702795,-99.157309178532,Kallang River,1.3,103.866666666,3.0,16607.05,mismatch,no,ctrl_mismatch,
1034940767034025,hanoi_botanic,streetview\hanoi_botanic\1034940767034025.jpg,21.041815851132,105.83438834616,Müpa Budapest,47.46944444,19.07166667,3.0,8064.894,mismatch,no,ctrl_mismatch,
188085409831335,marrakech_royal,streetview\marrakech_royal\188085409831335.jpg,31.627947468347,-8.0145375179559,Hotel Adlon,52.5160431,13.3799442,4.0,2894.278,mismatch,no,ctrl_mismatch,
1110364610210828,tokyo_national,streetview\tokyo_national\1110364610210828.jpg,35.691690981517,139.75688042028,Paral·lel station,41.376144,2.168781,3.0,10417.585,mismatch,no,ctrl_mismatch,
2911654482489566,bogota_general,streetview\bogota_general\2911654482489566.jpg,4.5913040140529,-74.079182198972,Tonkin Palace,21.026644,105.855275,3.0,17166.492,mismatch,no,ctrl_mismatch,
822762453806968,barcelona_sants,streetview\barcelona_sants\822762453806968.jpg,41.376232230453,2.1366906218166,Museum of the Sea,4.606878,-74.067711,2.0,8519.492,mismatch,no,ctrl_mismatch,
1132720907192718,boston_chinatown,streetview\boston_chinatown\1132720907192718.jpg,42.354563254438,-71.06208567936,Gellért Baths,47.48370833,19.05097222,5.0,6704.01,mismatch,no,ctrl_mismatch,
1384754382502755,santiago_moneda,streetview\santiago_moneda\1384754382502755.jpg,-33.446464606197,-70.652444129514,Chapultepec aqueduct,19.42247222,-99.16803611,3.0,6611.374,mismatch,no,ctrl_mismatch,
188085409831335,marrakech_royal,streetview\marrakech_royal\188085409831335.jpg,31.627947468347,-8.0145375179559,North Point,22.287111111,114.191666666,5.0,11427.432,mismatch,no,ctrl_mismatch,
122138176540482,mexicocity_centro,streetview\mexicocity_centro\122138176540482.jpg,19.404019702795,-99.157309178532,Iglesia de las Agustinas (Santiago de Chile),-33.44225833,-70.65136944,2.0,6608.687,mismatch,no,ctrl_mismatch,
1034940767034025,hanoi_botanic,streetview\hanoi_botanic\1034940767034025.jpg,21.041815851132,105.83438834616,Basilica of San Simpliciano,45.473869,9.184669,3.0,8853.251,mismatch,no,ctrl_mismatch,
1055581876359490,vienna_university,streetview\vienna_university\1055581876359490.jpg,48.20772870372,16.385401307044,Cochin House,28.6234,77.2165,1.0,5563.99,mismatch,no,ctrl_mismatch,
1034940767034025,hanoi_botanic,streetview\hanoi_botanic\1034940767034025.jpg,21.041815851132,105.83438834616,Collblanc station,41.375591666,2.12065,3.0,9552.939,mismatch,no,ctrl_mismatch,
121611859942675,newyork_studio,streetview\newyork_studio\121611859942675.jpg,40.766278593749,-73.981603348978,Altar of the Twelve Gods,37.9758,23.7228,2.0,7920.507,mismatch,no,ctrl_mismatch,
121611859942675,newyork_studio,streetview\newyork_studio\121611859942675.jpg,40.766278593749,-73.981603348978,"National Historical Museum, Athens",37.9775,23.73277778,3.0,7921.085,mismatch,no,ctrl_mismatch,
1034940767034025,hanoi_botanic,streetview\hanoi_botanic\1034940767034025.jpg,21.041815851132,105.83438834616,Piccadilly Circus,51.51,-0.134444444,5.0,9233.307,mismatch,no,ctrl_mismatch,
473324287286295,lima_alejandro,streetview\lima_alejandro\473324287286295.jpg,-12.068210178345,-77.025573854627,Alameda Station,38.73639,-9.13389,4.0,9007.932,mismatch,no,ctrl_mismatch,
1104374688335512,hanoi_well,streetview\hanoi_well\1104374688335512.jpg,21.032503734201,105.83645099968,Akadimia Platonos,37.98999,23.711667,2.0,7920.882,mismatch,no,ctrl_mismatch,
3821181418008164,bogota_planetarium,streetview\bogota_planetarium\3821181418008164.jpg,4.6100882707189,-74.071091269566,Amsterdam Lelylaan station,52.357222222,4.833888888,3.0,8849.355,mismatch,no,ctrl_mismatch,
4129797463739521,marrakech_place,streetview\marrakech_place\4129797463739521.jpg,31.620481447607,-7.987001707544,Gokul,18.922887,72.832115,2.0,8076.049,mismatch,no,ctrl_mismatch,
1567714271306208,sanfrancisco_joseph,streetview\sanfrancisco_joseph\1567714271306208.jpg,37.80684239799,-122.41945766953,Gendarmenmarkt,52.513611111,13.392777777,5.0,9102.129,mismatch,no,ctrl_mismatch,
1049868982417886,mumbai_girgaon,streetview\mumbai_girgaon\1049868982417886.jpg,18.95066629543,72.822989421199,Hamburger Bahnhof,52.528333333,13.372222222,3.0,6295.752,mismatch,no,ctrl_mismatch,
477577623572574,berlin_st,streetview\berlin_st\477577623572574.jpg,52.514197514108,13.394258841589,"Government Law College, Mumbai",18.9342,72.827,2.0,6295.641,mismatch,no,ctrl_mismatch,
367722097945156,boston_park,streetview\boston_park\367722097945156.jpg,42.355469901352,-71.063149876169,"Camera Obscura, Edinburgh",55.949,-3.19557,4.0,4940.444,mismatch,no,ctrl_mismatch,
7699225470154293,edinburgh_greyfriars,streetview\edinburgh_greyfriars\7699225470154293.jpg,55.947333648539,-3.1961182595029,Science Park station,42.36678,-71.06784,4.0,4939.891,mismatch,no,ctrl_mismatch,
1172910350469866,singapore_national,streetview\singapore_national\1172910350469866.jpg,1.2956059498641,103.85523486284,Conservatorium van Amsterdam,52.375833,4.908056,3.0,10498.67,mismatch,no,ctrl_mismatch,
484105032839269,hongkong_fortress,streetview\hongkong_fortress\484105032839269.jpg,22.290655675314,114.19441047292,Rajpath,28.613388,77.218397,4.0,3763.25,mismatch,no,ctrl_mismatch,
7699225470154293,edinburgh_greyfriars,streetview\edinburgh_greyfriars\7699225470154293.jpg,55.947333648539,-3.1961182595029,Inarichō Station,35.711355555,139.782669444,3.0,9237.324,mismatch,no,ctrl_mismatch,
2912452038996684,amsterdam_vondelpark,streetview\amsterdam_vondelpark\2912452038996684.jpg,52.359569633411,4.8625730997483,Aljunied MRT station,1.316442,103.882981,4.0,10501.998,mismatch,no,ctrl_mismatch,
1328088438137398,boston_park,streetview\boston_park\1328088438137398.jpg,42.355308610938,-71.065309310291,Bavli,32.0965,34.79818611,3.0,8810.026,mismatch,no,ctrl_mismatch,
1110364610210828,tokyo_national,streetview\tokyo_national\1110364610210828.jpg,35.691690981517,139.75688042028,Bosco Verticale,45.485833333,9.190277777,4.0,9716.112,mismatch,no,ctrl_mismatch,
142530148444305,london_lambeth,streetview\london_lambeth\142530148444305.jpg,51.496168791066,-0.12089622192531,Times Square,40.7575,-73.985833333,5.0,5566.632,mismatch,no,ctrl_mismatch,
1104374688335512,hanoi_well,streetview\hanoi_well\1104374688335512.jpg,21.032503734201,105.83645099968,Cathedral Hill,37.7842,-122.425,2.0,11757.262,mismatch,no,ctrl_mismatch,
1314398186601230,santiago_baslica,streetview\santiago_baslica\1314398186601230.jpg,-33.438730652449,-70.664156355071,University of Vienna,48.213055555,16.359722222,4.0,12504.743,mismatch,no,ctrl_mismatch,
516373416038884,amsterdam_natura,streetview\amsterdam_natura\516373416038884.jpg,52.366830443151,4.9197136389989,Sharon Synagogue,-12.093467017,-77.050086398,2.0,10533.819,mismatch,no,ctrl_mismatch,
1034940767034025,hanoi_botanic,streetview\hanoi_botanic\1034940767034025.jpg,21.041815851132,105.83438834616,Gallerie di Piazza Scala,45.46735,9.19004,3.0,8853.099,mismatch,no,ctrl_mismatch,
1036250735319845,amsterdam_church,streetview\amsterdam_church\1036250735319845.jpg,52.37737484654,4.9025725497574,Sheraton Lima Historic Center,-12.0574,-77.037,5.0,10528.915,mismatch,no,ctrl_mismatch,
385781315930165,barcelona_lesseps,streetview\barcelona_lesseps\385781315930165.jpg,41.403853286398,2.1499568242563,Dorchester,42.316666666,-71.05,4.0,5863.465,mismatch,no,ctrl_mismatch,
140385058059418,toronto_rosedale,streetview\toronto_rosedale\140385058059418.jpg,43.676960743259,-79.389556139899,Indigo,18.921944444,72.831944444,2.0,12500.383,mismatch,no,ctrl_mismatch,
2911654482489566,bogota_general,streetview\bogota_general\2911654482489566.jpg,4.5913040140529,-74.079182198972,Gràcia station,41.39972,2.15209,4.0,8523.13,mismatch,no,ctrl_mismatch,
1062260027616833,budapest_museum,streetview\budapest_museum\1062260027616833.jpg,47.486423370775,19.070100133743,National Gallery of Modern Art,28.610182,77.234401,3.0,5365.007,mismatch,no,ctrl_mismatch,
188085409831335,marrakech_royal,streetview\marrakech_royal\188085409831335.jpg,31.627947468347,-8.0145375179559,Vallcarca metro station,41.41175,2.144944444,3.0,1414.815,mismatch,no,ctrl_mismatch,
1567714271306208,sanfrancisco_joseph,streetview\sanfrancisco_joseph\1567714271306208.jpg,37.80684239799,-122.41945766953,Royal Theatre,31.629713,-8.0148429,4.0,9730.176,mismatch,no,ctrl_mismatch,
811654299784044,toronto_tmu,streetview\toronto_tmu\811654299784044.jpg,43.658979260333,-79.381768745369,National Defence College (India),28.6044,77.2167,2.0,11633.141,mismatch,no,ctrl_mismatch,
826852638180821,mumbai_mughal,streetview\mumbai_mughal\826852638180821.jpg,18.925418897409,72.832564317681,Straße des 17. Juni,52.514416666,13.348583333,3.0,6299.789,mismatch,no,ctrl_mismatch,
4129797463739521,marrakech_place,streetview\marrakech_place\4129797463739521.jpg,31.620481447607,-7.987001707544,Clarence House,51.504,-0.1385,2.0,2302.153,mismatch,no,ctrl_mismatch,
1110364610210828,tokyo_national,streetview\tokyo_national\1110364610210828.jpg,35.691690981517,139.75688042028,National Galleries of Scotland,55.951944444,-3.223888888,5.0,9238.995,mismatch,no,ctrl_mismatch,
779569449389002,stockholm_karlaplan,streetview\stockholm_karlaplan\779569449389002.jpg,59.340671423176,18.090538214347,"Wilson College, Mumbai",18.9563,72.8109,3.0,6236.189,mismatch,no,ctrl_mismatch,
822762453806968,barcelona_sants,streetview\barcelona_sants\822762453806968.jpg,41.376232230453,2.1366906218166,King's Chapel,42.358055555,-71.06,5.0,5862.646,mismatch,no,ctrl_mismatch,
121611859942675,newyork_studio,streetview\newyork_studio\121611859942675.jpg,40.766278593749,-73.981603348978,Sir J. J. College of Architecture,18.94473,72.833967,2.0,12542.913,mismatch,no,ctrl_mismatch,
1140069433587404,copenhagen_castle,streetview\copenhagen_castle\1140069433587404.jpg,55.676902949934,12.577301316785,Fort Mason,37.807778,-122.429722,4.0,8781.707,mismatch,no,ctrl_mismatch,
513623480074986,mexicocity_balderas,streetview\mexicocity_balderas\513623480074986.jpg,19.427544880847,-99.151836437178,La Gran Colombia University,4.601175,-74.06566111,4.0,3179.491,mismatch,no,ctrl_mismatch,
1172910350469866,singapore_national,streetview\singapore_national\1172910350469866.jpg,1.2956059498641,103.85523486284,Central Station (Santiago),-33.45194444,-70.67888889,5.0,16394.319,mismatch,no,ctrl_mismatch,
7699225470154293,edinburgh_greyfriars,streetview\edinburgh_greyfriars\7699225470154293.jpg,55.947333648539,-3.1961182595029,Massachusetts General Hospital,42.362777777,-71.068888888,4.0,4940.253,mismatch,no,ctrl_mismatch,
3985648311511085,marrakech_cervantes,streetview\marrakech_cervantes\3985648311511085.jpg,31.638429608371,-8.0152148522792,Montbau station,41.43,2.14472222,3.0,1415.393,mismatch,no,ctrl_mismatch,
1132720907192718,boston_chinatown,streetview\boston_chinatown\1132720907192718.jpg,42.354563254438,-71.06208567936,Kalan Masjid,28.645119698,77.230929846,2.0,11478.103,mismatch,no,ctrl_mismatch,
239175184633906,newyork_morgan,streetview\newyork_morgan\239175184633906.jpg,40.749530656945,-73.983108192282,Palau Sant Jordi,41.363389,2.152556,4.0,6162.035,mismatch,no,ctrl_mismatch,
478301073396612,hongkong_statue,streetview\hongkong_statue\478301073396612.jpg,22.28263952232,114.15977643699,Anjos Station,38.7264341,-9.13500309,4.0,11025.255,mismatch,no,ctrl_mismatch,
3051252728424529,hongkong_sai,streetview\hongkong_sai\3051252728424529.jpg,22.28438193735,114.14425215812,Het Scheepvaartmuseum,52.371388888,4.914719444,4.0,9278.01,mismatch,no,ctrl_mismatch,
506893325703217,santiago_baslica,streetview\santiago_baslica\506893325703217.jpg,-33.43991802488,-70.665017227126,Monument to Christopher Columbus,19.433083333,-99.15475,4.0,6610.545,mismatch,no,ctrl_mismatch,
1384754382502755,santiago_moneda,streetview\santiago_moneda\1384754382502755.jpg,-33.446464606197,-70.652444129514,Greyfriars Kirkyard,55.947,-3.19272,3.0,11799.277,mismatch,no,ctrl_mismatch,
1032004085228168,hanoi_college,streetview\hanoi_college\1032004085228168.jpg,21.022673971713,105.84143871625,"Millennium Bridge, London",51.510173,-0.098438,4.0,9233.185,mismatch,no,ctrl_mismatch,
730005887692629,edinburgh_museum,streetview\edinburgh_museum\730005887692629.jpg,55.951516373152,-3.1841140994019,Ginza Station,35.671230555,139.765,5.0,9240.205,mismatch,no,ctrl_mismatch,
3211043612444726,bogota_national,streetview\bogota_national\3211043612444726.jpg,4.6093897499731,-74.067270590458,"Palazzo della Ragione, Milan",45.46480556,9.18777778,3.0,9116.585,mismatch,no,ctrl_mismatch,
1314398186601230,santiago_baslica,streetview\santiago_baslica\1314398186601230.jpg,-33.438730652449,-70.664156355071,Thong Nhat Park,21.015762,105.844818,4.0,18591.541,mismatch,no,ctrl_mismatch,
1567714271306208,sanfrancisco_joseph,streetview\sanfrancisco_joseph\1567714271306208.jpg,37.80684239799,-122.41945766953,Edinburgh,55.953333333,-3.189166666,5.0,8120.258,mismatch,no,ctrl_mismatch,
1017722599492413,sanfrancisco_contemporary,streetview\sanfrancisco_contemporary\1017722599492413.jpg,37.785389280017,-122.40383083789,Institut de France,48.8568375,2.3372581,4.0,8950.926,mismatch,no,ctrl_mismatch,
1049868982417886,mumbai_girgaon,streetview\mumbai_girgaon\1049868982417886.jpg,18.95066629543,72.822989421199,Fairmilehead,55.9012,-3.20335,3.0,7406.896,mismatch,no,ctrl_mismatch,
1035925578399762,budapest_university,streetview\budapest_university\1035925578399762.jpg,47.481993384326,19.052807412637,Osgoode station,43.6508016,-79.3865409,4.0,7126.184,mismatch,no,ctrl_mismatch,
190729989566458,athens_kotzia,streetview\athens_kotzia\190729989566458.jpg,37.979482420607,23.729902128807,Lycée Victor Hugo Marrakech,31.641388888,-8.023333333,2.0,2967.856,mismatch,no,ctrl_mismatch,
305970254588710,paris_bataclan,streetview\paris_bataclan\305970254588710.jpg,48.861864560821,2.3675640587028,Toronto Reference Library,43.6718065,-79.3868159,4.0,6000.489,mismatch,no,ctrl_mismatch,
484105032839269,hongkong_fortress,streetview\hongkong_fortress\484105032839269.jpg,22.290655675314,114.19441047292,Wien River,48.2119,16.3844,3.0,8731.004,mismatch,no,ctrl_mismatch,
4129797463739521,marrakech_place,streetview\marrakech_place\4129797463739521.jpg,31.620481447607,-7.987001707544,Forest of Remembrance,40.411944,-3.686944,2.0,1050.916,mismatch,no,ctrl_mismatch,
473324287286295,lima_alejandro,streetview\lima_alejandro\473324287286295.jpg,-12.068210178345,-77.025573854627,Santa Maria presso San Celso,45.454396,9.187669,2.0,10669.425,mismatch,no,ctrl_mismatch,
309461187311494,toronto_sherbourne,streetview\toronto_sherbourne\309461187311494.jpg,43.673760545475,-79.3798450164,San Nazaro in Brolo,45.458794,9.192893,4.0,6636.149,mismatch,no,ctrl_mismatch,
8421271167978129,santiago_plaza,streetview\santiago_plaza\8421271167978129.jpg,-33.43879742834,-70.653568833591,Amsterdam Centraal station,52.37895,4.90016,5.0,12011.517,mismatch,no,ctrl_mismatch,
122138176540482,mexicocity_centro,streetview\mexicocity_centro\122138176540482.jpg,19.404019702795,-99.157309178532,Serrano (Madrid Metro),40.4254,-3.68662,3.0,9067.713,mismatch,no,ctrl_mismatch,
3923503734413150,telaviv_dizengoff,streetview\telaviv_dizengoff\3923503734413150.jpg,32.079246101216,34.775009203947,The Little Mermaid,55.69286,12.59926,5.0,3140.569,mismatch,no,ctrl_mismatch,
3211043612444726,bogota_national,streetview\bogota_national\3211043612444726.jpg,4.6093897499731,-74.067270590458,Museu de la Xocolata,41.387056,2.181818,3.0,8523.136,mismatch,no,ctrl_mismatch,
2420909831421445,mexicocity_insurgentes,streetview\mexicocity_insurgentes\2420909831421445.jpg,19.424145570879,-99.162499774031,"Stadtpark, Vienna",48.204722222,16.380555555,5.0,10154.636,mismatch,no,ctrl_mismatch,
142530148444305,london_lambeth,streetview\london_lambeth\142530148444305.jpg,51.496168791066,-0.12089622192531,Hanoi Botanic Garden,21.040556,105.831667,3.0,9233.058,mismatch,no,ctrl_mismatch,
780921181296620,mumbai_bowen,streetview\mumbai_bowen\780921181296620.jpg,18.922616565332,72.832640787066,London Museum,51.5179,-0.1048,2.0,7199.847,mismatch,no,ctrl_mismatch,
1567714271306208,sanfrancisco_joseph,streetview\sanfrancisco_joseph\1567714271306208.jpg,37.80684239799,-122.41945766953,Gärdet metro station,59.345833333,18.098888888,4.0,8617.686,mismatch,no,ctrl_mismatch,
235341308265360,tokyo_ginza,streetview\tokyo_ginza\235341308265360.jpg,35.66955697331,139.76706575294,Cesar Resort & Spa,31.58869,-7.98482,3.0,11814.472,mismatch,no,ctrl_mismatch,
513623480074986,mexicocity_balderas,streetview\mexicocity_balderas\513623480074986.jpg,19.427544880847,-99.151836437178,Lenin Park (Hanoi),21.031685,105.839415,4.0,14758.112,mismatch,no,ctrl_mismatch,
1172910350469866,singapore_national,streetview\singapore_national\1172910350469866.jpg,1.2956059498641,103.85523486284,Delicias (Madrid Metro),40.3984,-3.69422,3.0,11387.556,mismatch,no,ctrl_mismatch,
488815302365774,singapore_somerset,streetview\singapore_somerset\488815302365774.jpg,1.3014909612748,103.83850093909,Museo Poldi Pezzoli,45.468664,9.191583,3.0,10266.338,mismatch,no,ctrl_mismatch,
1034940767034025,hanoi_botanic,streetview\hanoi_botanic\1034940767034025.jpg,21.041815851132,105.83438834616,"Palazzo della Ragione, Milan",45.46480556,9.18777778,3.0,8853.359,mismatch,no,ctrl_mismatch,
1132720907192718,boston_chinatown,streetview\boston_chinatown\1132720907192718.jpg,42.354563254438,-71.06208567936,Lumiar Station,38.772822,-9.159701,3.0,5127.402,mismatch,no,ctrl_mismatch,
140385058059418,toronto_rosedale,streetview\toronto_rosedale\140385058059418.jpg,43.676960743259,-79.389556139899,Scottish National Portrait Gallery,55.955511213,-3.193608578,4.0,5339.881,mismatch,no,ctrl_mismatch,
3051252728424529,hongkong_sai,streetview\hongkong_sai\3051252728424529.jpg,22.28438193735,114.14425215812,Economy Museum – Royal Coin Cabinet,59.334722222,18.090277777,2.0,8223.34,mismatch,no,ctrl_mismatch,
2026854387467094,edinburgh_greyfriars,streetview\edinburgh_greyfriars\2026854387467094.jpg,55.945147596676,-3.1927957332816,Amal Women's Training Center and Moroccan Restaurant,31.63895,-8.01376,4.0,2728.715,mismatch,no,ctrl_mismatch,
4129797463739521,marrakech_place,streetview\marrakech_place\4129797463739521.jpg,31.620481447607,-7.987001707544,Vesterport railway station,55.6759,12.5625,3.0,3118.19,mismatch,no,ctrl_mismatch,
1132720907192718,boston_chinatown,streetview\boston_chinatown\1132720907192718.jpg,42.354563254438,-71.06208567936,Edinburgh Playhouse,55.9568,-3.18484,4.0,4940.919,mismatch,no,ctrl_mismatch,
472763443829899,madrid_royal,streetview\madrid_royal\472763443829899.jpg,40.414863682647,-3.6882587367107,Colaba Causeway,18.923542723,72.831783228,5.0,7536.955,mismatch,no,ctrl_mismatch,
169553275075263,barcelona_fontana,streetview\barcelona_fontana\169553275075263.jpg,41.404667538556,2.1531650931176,One Astor Plaza,40.757777777,-73.986388888,2.0,6159.836,mismatch,no,ctrl_mismatch,
513623480074986,mexicocity_balderas,streetview\mexicocity_balderas\513623480074986.jpg,19.427544880847,-99.151836437178,Convent of Las Descalzas Reales,40.418267,-3.706192,3.0,9064.269,mismatch,no,ctrl_mismatch,
1034940767034025,hanoi_botanic,streetview\hanoi_botanic\1034940767034025.jpg,21.041815851132,105.83438834616,"Peterskirche, Vienna",48.209444444,16.37,4.0,8242.478,mismatch,no,ctrl_mismatch,
4129797463739521,marrakech_place,streetview\marrakech_place\4129797463739521.jpg,31.620481447607,-7.987001707544,Royal Mile,55.950555555,-3.185555555,5.0,2731.139,mismatch,no,ctrl_mismatch,
1384754382502755,santiago_moneda,streetview\santiago_moneda\1384754382502755.jpg,-33.446464606197,-70.652444129514,Federal Ministry of Finance (Germany),52.50861111,13.38416667,2.0,12522.313,mismatch,no,ctrl_mismatch,
3821181418008164,bogota_planetarium,streetview\bogota_planetarium\3821181418008164.jpg,4.6100882707189,-74.071091269566,Policlinico of Milan,45.458861111,9.195083333,2.0,9117.379,mismatch,no,ctrl_mismatch,
513623480074986,mexicocity_balderas,streetview\mexicocity_balderas\513623480074986.jpg,19.427544880847,-99.151836437178,Leoforos Alexandras Stadium,37.987169444,23.754194444,3.0,11284.372,mismatch,no,ctrl_mismatch,
3923503734413150,telaviv_dizengoff,streetview\telaviv_dizengoff\3923503734413150.jpg,32.079246101216,34.775009203947,Schwules Museum,52.5043,13.3579,2.0,2851.276,mismatch,no,ctrl_mismatch,
903410113723266,barcelona_fontana,streetview\barcelona_fontana\903410113723266.jpg,41.401283498537,2.1538055344176,Gateway of India,18.921836,72.834705,5.0,7039.501,mismatch,no,ctrl_mismatch,
1239985766605212,sanfrancisco_joseph,streetview\sanfrancisco_joseph\1239985766605212.jpg,37.808419740785,-122.41583785115,Sexmuseum Amsterdam,52.376583333,4.897277777,4.0,8769.028,mismatch,no,ctrl_mismatch,
1172910350469866,singapore_national,streetview\singapore_national\1172910350469866.jpg,1.2956059498641,103.85523486284,Gràcia station,41.39972,2.15209,4.0,10884.169,mismatch,no,ctrl_mismatch,
811654299784044,toronto_tmu,streetview\toronto_tmu\811654299784044.jpg,43.658979260333,-79.381768745369,Sete Rios railway station,38.740252,-9.166675,4.0,5722.33,mismatch,no,ctrl_mismatch,
1110364610210828,tokyo_national,streetview\tokyo_national\1110364610210828.jpg,35.691690981517,139.75688042028,Evangelismos metro station,37.9759,23.74656,4.0,9508.529,mismatch,no,ctrl_mismatch,
1172910350469866,singapore_national,streetview\singapore_national\1172910350469866.jpg,1.2956059498641,103.85523486284,Charlotte Square,55.951765,-3.207686,5.0,10937.875,mismatch,no,ctrl_mismatch,
1077474419441239,london_royal,streetview\london_royal\1077474419441239.jpg,51.508987477859,-0.13709371025654,Cửa Bắc Church,21.041368,105.840708,3.0,9233.956,mismatch,no,ctrl_mismatch,
3923503734413150,telaviv_dizengoff,streetview\telaviv_dizengoff\3923503734413150.jpg,32.079246101216,34.775009203947,Circle Bridge,55.67243,12.5838,4.0,3139.55,mismatch,no,ctrl_mismatch,
1473516979961618,boston_longfellow,streetview\boston_longfellow\1473516979961618.jpg,42.361401609515,-71.073240708062,Hanoi,21.0245,105.84117,4.0,12959.773,mismatch,no,ctrl_mismatch,
1077474419441239,london_royal,streetview\london_royal\1077474419441239.jpg,51.508987477859,-0.13709371025654,"Presidential Palace, Hanoi",21.039444444,105.834444444,5.0,9233.735,mismatch,no,ctrl_mismatch,
842284246369672,stockholm_st,,59.31319547188,18.070840339336,Kaknästornet,59.335,18.126388888,4.0,3.976,3.0-6.0km,no,ctrl_noimage,
1104374688335512,hanoi_well,,21.032503734201,105.83645099968,Vietnam War Memorial,21.036021182,105.8387233,2.0,0.4567,0.3-0.7km,no,ctrl_noimage,
4129797463739521,marrakech_place,,31.620481447607,-7.987001707544,Riad Dar El Souk,31.62115,-7.98545,1.0,0.1647,0.15-0.3km,no,ctrl_noimage,
3360767610823943,paris_gare,,48.87439081962,2.3553099212006,"Saint-Eustache, Paris",48.863333333,2.345,3.0,1.4424,0.7-1.5km,no,ctrl_noimage,
2856142347994065,lisbon_martim,,38.715554781296,-9.1358873724005,National Museum of Ancient Art,38.7053,-9.16072,4.0,2.4378,1.5-3.0km,no,ctrl_noimage,
1384754382502755,santiago_moneda,,-33.446464606197,-70.652444129514,Rondizzoni metro station,-33.469664,-70.656336,3.0,2.6048,1.5-3.0km,no,ctrl_noimage,
2911654482489566,bogota_general,,4.5913040140529,-74.079182198972,Saint Thomas Aquinas University,4.63805556,-74.06444444,4.0,5.4491,3.0-6.0km,no,ctrl_noimage,
3360767610823943,paris_gare,,48.87439081962,2.3553099212006,Les Lilas,48.88,2.416944444,3.0,4.5503,3.0-6.0km,no,ctrl_noimage,
1369582031123941,sanfrancisco_cartoon,,37.784455219878,-122.40012821489,Museum of the African Diaspora,37.7864,-122.402,3.0,0.2717,0.15-0.3km,no,ctrl_noimage,
1246019787240480,edinburgh_dugald,,55.952964542348,-3.1890105723928,National Archives of Scotland,55.953751,-3.189296,2.0,0.0892,signal,yes,ctrl_noimage,
1103000450178625,copenhagen_museum,,55.674855676986,12.57144321202,Grand Mosque of Copenhagen,55.70833,12.54879,3.0,3.9838,3.0-6.0km,no,ctrl_noimage,
188085409831335,marrakech_royal,,31.627947468347,-8.0145375179559,Royal Theatre,31.629713,-8.0148429,4.0,0.1984,0.15-0.3km,no,ctrl_noimage,
1104374688335512,hanoi_well,,21.032503734201,105.83645099968,National Assembly Building of Vietnam,21.037222222,105.8375,3.0,0.5358,0.3-0.7km,no,ctrl_noimage,
1328088438137398,boston_park,,42.355308610938,-71.065309310291,Berklee College of Music,42.346388888,-71.086944444,4.0,2.0358,1.5-3.0km,no,ctrl_noimage,
1314398186601230,santiago_baslica,,-33.438730652449,-70.664156355071,Basílica del Salvador,-33.4413,-70.6618,2.0,0.3598,0.3-0.7km,no,ctrl_noimage,
811654299784044,toronto_tmu,,43.658979260333,-79.381768745369,Bay station,43.670277777,-79.39,3.0,1.4201,0.7-1.5km,no,ctrl_noimage,
3211043612444726,bogota_national,,4.6093897499731,-74.067270590458,National Institute of Legal Medicine and Forensic Sciences,4.598326,-74.082886,2.0,2.1234,1.5-3.0km,no,ctrl_noimage,
1239985766605212,sanfrancisco_joseph,,37.808419740785,-122.41583785115,Mission Bay,37.7668,-122.391,4.0,5.1168,3.0-6.0km,no,ctrl_noimage,
4029585117102461,copenhagen_det,,55.674525934401,12.554843352917,Enghave Brygge station,55.653888888,12.556388888,3.0,2.2968,1.5-3.0km,no,ctrl_noimage,
3211043612444726,bogota_national,,4.6093897499731,-74.067270590458,Avenida Primero de Mayo station,4.576954092,-74.093638068,3.0,4.6421,3.0-6.0km,no,ctrl_noimage,
270516208053057,london_royal,,51.511637038166,-0.13912059984441,Kensington,51.5004,-0.1909,5.0,3.7953,3.0-6.0km,no,ctrl_noimage,
478301073396612,hongkong_statue,,22.28263952232,114.15977643699,Hong Kong Maritime Museum,22.286388888,114.161944444,3.0,0.4728,0.3-0.7km,no,ctrl_noimage,
780921181296620,mumbai_bowen,,18.922616565332,72.832640787066,Dr. Homi Bhabha State University,18.926530776,72.831154535,2.0,0.4625,0.3-0.7km,no,ctrl_noimage,
1791686157672160,lisbon_cais,,38.706394880236,-9.1460180511052,Cais do Sodré railway station,38.70596,-9.14431,5.0,0.1559,0.15-0.3km,no,ctrl_noimage,
478301073396612,hongkong_statue,,22.28263952232,114.15977643699,The Center,22.284722222,114.154444444,4.0,0.5955,0.3-0.7km,no,ctrl_noimage,
190729989566458,athens_kotzia,,37.979482420607,23.729902128807,Ano Patisia metro station,38.023735,23.73599,3.0,4.9495,3.0-6.0km,no,ctrl_noimage,
2911654482489566,bogota_general,,4.5913040140529,-74.079182198972,Claustro de San Agustín,4.595266666,-74.07855,2.0,0.4462,0.3-0.7km,no,ctrl_noimage,
478301073396612,hongkong_statue,,22.28263952232,114.15977643699,"General Post Office, Hong Kong",22.28341667,114.15958611,3.0,0.0886,signal,yes,ctrl_noimage,
1017722599492413,sanfrancisco_contemporary,,37.785389280017,-122.40383083789,Lotta's Fountain,37.788056,-122.403611,5.0,0.2972,0.15-0.3km,no,ctrl_noimage,
328468981955090,telaviv_habima,,32.071574983004,34.780605234343,King George Street,32.075555555,34.776388888,4.0,0.5948,0.3-0.7km,no,ctrl_noimage,
477577623572574,berlin_st,,52.514197514108,13.394258841589,Berlin-Brandenburg Academy of Sciences and Humanities,52.5139,13.3942,1.0,0.0333,signal,yes,ctrl_noimage,
1567714271306208,sanfrancisco_joseph,,37.80684239799,-122.41945766953,Van Ness Avenue,37.80802,-122.42659,3.0,0.6401,0.3-0.7km,no,ctrl_noimage,
3211043612444726,bogota_national,,4.6093897499731,-74.067270590458,Teatro Libre de Bogotá,4.64834,-74.06265,3.0,4.3612,3.0-6.0km,no,ctrl_noimage,
477577623572574,berlin_st,,52.514197514108,13.394258841589,Memorial to Homosexuals Persecuted Under Nazism,52.5133,13.37608,2.0,1.2342,0.7-1.5km,no,ctrl_noimage,
744359329572059,vienna_heldenplatz,,48.207331352027,16.362364824677,Pilgramgasse station,48.1926,16.3545,5.0,1.7387,1.5-3.0km,no,ctrl_noimage,
1246019787240480,edinburgh_dugald,,55.952964542348,-3.1890105723928,Scott Monument,55.952416666,-3.193277777,5.0,0.2726,0.15-0.3km,no,ctrl_noimage,
473324287286295,lima_alejandro,,-12.068210178345,-77.025573854627,Alejandro Villanueva Stadium,-12.068542,-77.022886,4.0,0.2946,0.15-0.3km,no,ctrl_noimage,
478301073396612,hongkong_statue,,22.28263952232,114.15977643699,Hopewell Centre (Hong Kong),22.2745,114.172,3.0,1.5495,1.5-3.0km,no,ctrl_noimage,
2911654482489566,bogota_general,,4.5913040140529,-74.079182198972,Fragmentos,4.5925,-74.0791,3.0,0.1333,signal,yes,ctrl_noimage,
1043639560013632,vienna_university,,48.209600629576,16.382485865699,Austrian Academy of Sciences,48.208888888,16.377055555,2.0,0.4101,0.3-0.7km,no,ctrl_noimage,
1384754382502755,santiago_moneda,,-33.446464606197,-70.652444129514,Monseñor Eyzaguirre metro station,-33.453416666,-70.614,3.0,3.6496,3.0-6.0km,no,ctrl_noimage,
1348620445524301,berlin_alte,,52.520542612056,13.398049355114,Berlin State Opera,52.516666666,13.394722222,4.0,0.4862,0.3-0.7km,no,ctrl_noimage,
744359329572059,vienna_heldenplatz,,48.207331352027,16.362364824677,Wien Franz-Josefs-Bahnhof,48.2261,16.3611,4.0,2.0891,1.5-3.0km,no,ctrl_noimage,
169553275075263,barcelona_fontana,,41.404667538556,2.1531650931176,Lesseps station,41.40611111,2.14944444,4.0,0.3494,0.3-0.7km,no,ctrl_noimage,
314484880385575,berlin_jewish,,52.503676726361,13.398877296046,Hamburger Bahnhof,52.528333333,13.372222222,3.0,3.2818,3.0-6.0km,no,ctrl_noimage,
1140069433587404,copenhagen_castle,,55.676902949934,12.577301316785,"Folketeatret, Copenhagen",55.68138889,12.57111111,3.0,0.632,0.3-0.7km,no,ctrl_noimage,
1024515582643671,budapest_batthyny,,47.507931803429,19.037049498363,Liberty Square,47.50472222,19.05027778,4.0,1.0558,0.7-1.5km,no,ctrl_noimage,
516373416038884,amsterdam_natura,,52.366830443151,4.9197136389989,Rembrandt House Museum,52.369444,4.901389,4.0,1.2776,0.7-1.5km,no,ctrl_noimage,
477577623572574,berlin_st,,52.514197514108,13.394258841589,Robert Koch Institute,52.539194444,13.347194444,2.0,4.2265,3.0-6.0km,no,ctrl_noimage,
1077474419441239,london_royal,,51.508987477859,-0.13709371025654,Piccadilly Circus,51.51,-0.134444444,5.0,0.2152,0.15-0.3km,no,ctrl_noimage,
1564752414619982,madrid_pera,,40.418017554099,-3.7109231248337,Royal Palace of Madrid,40.417955,-3.714312,5.0,0.287,0.15-0.3km,no,ctrl_noimage,
1328088438137398,boston_park,,42.355308610938,-71.065309310291,Custom House Tower,42.359069444,-71.053369444,4.0,1.0665,0.7-1.5km,no,ctrl_noimage,
8421271167978129,santiago_plaza,,-33.43879742834,-70.653568833591,Museo Chileno de Arte Precolombino,-33.43889,-70.65222,3.0,0.1256,signal,yes,ctrl_noimage,
488815302365774,singapore_somerset,,1.3014909612748,103.83850093909,Ngee Ann City,1.30278,103.834,5.0,0.5205,0.3-0.7km,no,ctrl_noimage,
3211043612444726,bogota_national,,4.6093897499731,-74.067270590458,Central Cemetery of Bogotá,4.616388888,-74.075277777,3.0,1.1804,0.7-1.5km,no,ctrl_noimage,
1485255096489604,delhi_vijay,,28.615233455611,77.218623369034,Vigyan Bhawan,28.61041389,77.22081389,3.0,0.577,0.3-0.7km,no,ctrl_noimage,
1172910350469866,singapore_national,,1.2956059498641,103.85523486284,National Museum of Singapore,1.29672,103.84864,5.0,0.7435,0.7-1.5km,no,ctrl_noimage,
1246019787240480,edinburgh_dugald,,55.952964542348,-3.1890105723928,Regent Bridge,55.9537,-3.18723,2.0,0.1378,signal,yes,ctrl_noimage,
169553275075263,barcelona_fontana,,41.404667538556,2.1531650931176,Collblanc station,41.375591666,2.12065,3.0,4.2202,3.0-6.0km,no,ctrl_noimage,
1140069433587404,copenhagen_castle,,55.676902949934,12.577301316785,Nytorv,55.6776,12.573,4.0,0.2806,0.15-0.3km,no,ctrl_noimage,
780921181296620,mumbai_bowen,,18.922616565332,72.832640787066,Colaba Causeway,18.923542723,72.831783228,5.0,0.1369,signal,yes,ctrl_noimage,
842041836690620,lima_equestrian,,-12.049777700835,-77.027808493754,"Basilica and Convent of San Pedro, Lima",-12.049155,-77.029008,4.0,0.1477,signal,yes,ctrl_noimage,
121611859942675,newyork_studio,,40.766278593749,-73.981603348978,CitySpire,40.764444444,-73.979722222,2.0,0.2583,0.15-0.3km,no,ctrl_noimage,
828209511434939,athens_monastiraki,,37.978462560492,23.722922571785,Aigaleo,37.9902,23.68,3.0,3.9818,3.0-6.0km,no,ctrl_noimage,
190729989566458,athens_kotzia,,37.979482420607,23.729902128807,Kypseli,38.00023611,23.73905556,3.0,2.4431,1.5-3.0km,no,ctrl_noimage,
3641710285933359,telaviv_nahum,,32.063368596829,34.767981250286,Levin House (Tel Aviv),32.0632,34.7748,2.0,0.6428,0.3-0.7km,no,ctrl_noimage,
740287243313659,milan_milano,,45.468592343178,9.1721351665966,Famagosta,45.437777,9.168708,4.0,3.4369,3.0-6.0km,no,ctrl_noimage,
806328096958216,lisbon_edward,,38.73015913259,-9.1553444375198,Lumiar Station,38.772822,-9.159701,3.0,4.7589,3.0-6.0km,no,ctrl_noimage,
842284246369672,stockholm_st,,59.31319547188,18.070840339336,Storkyrkan,59.325833333,18.070555555,5.0,1.4054,0.7-1.5km,no,ctrl_noimage,
822762453806968,barcelona_sants,,41.376232230453,2.1366906218166,Magic Fountain of Montjuïc,41.371139,2.151727,4.0,1.3766,0.7-1.5km,no,ctrl_noimage,
239277707973166,london_barbican,,51.521754188356,-0.095510556653824,Shoreditch,51.526,-0.078,4.0,1.3002,0.7-1.5km,no,ctrl_noimage,
188085409831335,marrakech_royal,,31.627947468347,-8.0145375179559,Barrima Mosque,31.616416666,-7.982694444,3.0,3.2764,3.0-6.0km,no,ctrl_noimage,
473324287286295,lima_alejandro,,-12.068210178345,-77.025573854627,Plazuela del Teatro,-12.04703,-77.03419,3.0,2.5347,1.5-3.0km,no,ctrl_noimage,
239175184633906,newyork_morgan,,40.749530656945,-73.983108192282,Morgan Library & Museum,40.748803,-73.981556,3.0,0.1538,0.15-0.3km,no,ctrl_noimage,
1172910350469866,singapore_national,,1.2956059498641,103.85523486284,Suntec Singapore Convention and Exhibition Centre,1.293611111,103.856944444,5.0,0.2921,0.15-0.3km,no,ctrl_noimage,
506893325703217,santiago_baslica,,-33.43991802488,-70.665017227126,Chilean Meteorological Directorate,-33.444612106,-70.682868386,2.0,1.7366,1.5-3.0km,no,ctrl_noimage,
1172910350469866,singapore_national,,1.2956059498641,103.85523486284,Mountbatten MRT station,1.306306,103.882531,4.0,3.2593,3.0-6.0km,no,ctrl_noimage,
1246019787240480,edinburgh_dugald,,55.952964542348,-3.1890105723928,Edinburgh,55.953333333,-3.189166666,5.0,0.0421,signal,yes,ctrl_noimage,
2420909831421445,mexicocity_insurgentes,,19.424145570879,-99.162499774031,Parque España (Mexico City),19.415,-99.17138889,3.0,1.3795,0.7-1.5km,no,ctrl_noimage,
111050937715393,milan_museo,,45.465299279244,9.1870965242723,Galleria Vittorio Emanuele II,45.465638888,9.19,5.0,0.2296,0.15-0.3km,no,ctrl_noimage,
1103000450178625,copenhagen_museum,,55.674855676986,12.57144321202,Frederiksholms Kanal,55.673611111,12.577777777,3.0,0.4206,0.3-0.7km,no,ctrl_noimage,
779569449389002,stockholm_karlaplan,,59.340671423176,18.090538214347,Djurgårdsbrunnsviken,59.3309,18.108,2.0,1.4701,0.7-1.5km,no,ctrl_noimage,
1140069433587404,copenhagen_castle,,55.676902949934,12.577301316785,Østre Anlæg,55.69083,12.58194,3.0,1.5757,1.5-3.0km,no,ctrl_noimage,
142530148444305,london_lambeth,,51.496168791066,-0.12089622192531,Supreme Court of the United Kingdom,51.500277777,-0.128055555,2.0,0.6741,0.3-0.7km,no,ctrl_noimage,
730005887692629,edinburgh_museum,,55.951516373152,-3.1841140994019,Fairmilehead,55.9012,-3.20335,3.0,5.7218,3.0-6.0km,no,ctrl_noimage,
822762453806968,barcelona_sants,,41.376232230453,2.1366906218166,Plaça de Sants station,41.375416666,2.135652777,3.0,0.1254,signal,yes,ctrl_noimage,
780921181296620,mumbai_bowen,,18.922616565332,72.832640787066,Dadabhai Naoroji Road,18.9325,72.8317,3.0,1.1034,0.7-1.5km,no,ctrl_noimage,
483028582815745,singapore_asian,,1.2855206765153,103.84901687425,UOB Plaza One,1.28555,103.85,4.0,0.1093,signal,yes,ctrl_noimage,
1055581876359490,vienna_university,,48.20772870372,16.385401307044,Wien River,48.2119,16.3844,3.0,0.4697,0.3-0.7km,no,ctrl_noimage,
730005887692629,edinburgh_museum,,55.951516373152,-3.1841140994019,Royal Mile,55.950555555,-3.185555555,5.0,0.1395,signal,yes,ctrl_noimage,
1140069433587404,copenhagen_castle,,55.676902949934,12.577301316785,Tårnby railway station,55.6298,12.6022,3.0,5.4656,3.0-6.0km,no,ctrl_noimage,
111050937715393,milan_museo,,45.465299279244,9.1870965242723,San Nazaro in Brolo,45.458794,9.192893,4.0,0.853,0.7-1.5km,no,ctrl_noimage,
127288426707682,lima_estadio,,-12.064595214443,-77.036225532378,Desamparados station,-12.04435833,-77.02860833,4.0,2.3979,1.5-3.0km,no,ctrl_noimage,
2026854387467094,edinburgh_greyfriars,,55.945147596676,-3.1927957332816,Scottish National Portrait Gallery,55.955511213,-3.193608578,4.0,1.1535,0.7-1.5km,no,ctrl_noimage,
188085409831335,marrakech_royal,,31.627947468347,-8.0145375179559,Menara Mall,31.618234,-8.008687,4.0,1.2139,0.7-1.5km,no,ctrl_noimage,
1246019787240480,edinburgh_dugald,,55.952964542348,-3.1890105723928,"Theatre Royal, Edinburgh",55.953,-3.19,3.0,0.0617,signal,yes,ctrl_noimage,
1126921317814108,mumbai_bowen,,18.922542765757,72.834429646449,Colaba Causeway,18.923542723,72.831783228,5.0,0.2998,0.15-0.3km,no,ctrl_noimage,
472763443829899,madrid_royal,,40.414863682647,-3.6882587367107,Palace of Moncloa,40.44361111,-3.73694444,3.0,5.2153,3.0-6.0km,no,ctrl_noimage,
842041836690620,lima_equestrian,,-12.049777700835,-77.027808493754,Plaza de la Bandera,-12.06747,-77.06121,4.0,4.1307,3.0-6.0km,no,ctrl_noimage,
3211043612444726,bogota_national,,4.6093897499731,-74.067270590458,Teatro Jorge Eliécer Gaitán,4.60872,-74.07077,3.0,0.3949,0.3-0.7km,no,ctrl_noimage,
1239985766605212,sanfrancisco_joseph,,37.808419740785,-122.41583785115,USS Pampanito,37.81,-122.416389,1.0,0.1823,0.15-0.3km,no,ctrl_noimage,
2912452038996684,amsterdam_vondelpark,,52.359569633411,4.8625730997483,Vondelpark,52.356944444,4.866388888,5.0,0.3903,0.3-0.7km,no,ctrl_noimage,
121611859942675,newyork_studio,,40.766278593749,-73.981603348978,Central Park Tower,40.766333333,-73.980944444,3.0,0.0558,signal,yes,ctrl_noimage,
1126921317814108,mumbai_bowen,,18.922542765757,72.834429646449,Ballard Pier Mole railway station,18.93876389,72.84054167,3.0,1.9148,1.5-3.0km,no,ctrl_noimage,
1032004085228168,hanoi_college,,21.022673971713,105.84143871625,Thuong Dinh station,20.9975,105.812222222,4.0,4.1271,3.0-6.0km,no,ctrl_noimage,
483028582815745,singapore_asian,,1.2855206765153,103.84901687425,Fountain of Wealth,1.29478,103.859,3.0,1.5138,1.5-3.0km,no,ctrl_noimage,
3360767610823943,paris_gare,,48.87439081962,2.3553099212006,Saint-Sulpice,48.851002,2.334923,5.0,2.998,1.5-3.0km,no,ctrl_noimage,
142530148444305,london_lambeth,,51.496168791066,-0.12089622192531,Scotland Yard,51.50183,-0.12446,2.0,0.6761,0.3-0.7km,no,ctrl_noimage,
3985648311511085,marrakech_cervantes,,31.638429608371,-8.0152148522792,Menara,31.628333333,-8.053055555,5.0,3.7543,3.0-6.0km,no,ctrl_noimage,
1110364610210828,tokyo_national,,35.691690981517,139.75688042028,Meiji University,35.697474,139.761588,3.0,0.7709,0.7-1.5km,no,ctrl_noimage,
7699225470154293,edinburgh_greyfriars,,55.947333648539,-3.1961182595029,Royal Infirmary of Edinburgh,55.922777777,-3.136666666,4.0,4.6007,3.0-6.0km,no,ctrl_noimage,
4129797463739521,marrakech_place,,31.620481447607,-7.987001707544,Cesar Resort & Spa,31.58869,-7.98482,3.0,3.5411,3.0-6.0km,no,ctrl_noimage,
2684562815277719,madrid_pacfico,,40.403553011955,-3.6716601136727,Ibiza (Madrid Metro),40.418561,-3.678553,3.0,1.7679,1.5-3.0km,no,ctrl_noimage,
2856142347994065,lisbon_martim,,38.715554781296,-9.1358873724005,Lisbon Cathedral,38.70985,-9.132983333,5.0,0.6826,0.3-0.7km,no,ctrl_noimage,
7699225470154293,edinburgh_greyfriars,,55.947333648539,-3.1961182595029,Princes Street,55.951313888,-3.200877777,5.0,0.5326,0.3-0.7km,no,ctrl_noimage,
483028582815745,singapore_asian,,1.2855206765153,103.84901687425,Masjid Temenggong Daeng Ibrahim,1.2663521,103.8242979,2.0,3.4777,3.0-6.0km,no,ctrl_noimage,
516373416038884,amsterdam_natura,,52.366830443151,4.9197136389989,Artis Zoo,52.366111111,4.916666666,5.0,0.2218,0.15-0.3km,no,ctrl_noimage,
3641710285933359,telaviv_nahum,,32.063368596829,34.767981250286,First International Bank Tower,32.063611111,34.774166666,3.0,0.5835,0.3-0.7km,no,ctrl_noimage,
1043639560013632,vienna_university,,48.209600629576,16.382485865699,Institute for Human Sciences,48.22715,16.36415,1.0,2.3777,1.5-3.0km,no,ctrl_noimage,
472763443829899,madrid_royal,,40.414863682647,-3.6882587367107,Supreme Court of Spain,40.424328,-3.693371,2.0,1.1379,0.7-1.5km,no,ctrl_noimage,
1564752414619982,madrid_pera,,40.418017554099,-3.7109231248337,Almudena Cathedral,40.415556,-3.714444,4.0,0.4047,0.3-0.7km,no,ctrl_noimage,
169553275075263,barcelona_fontana,,41.404667538556,2.1531650931176,Casa Vicens,41.403486545,2.150643258,3.0,0.248,0.15-0.3km,no,ctrl_noimage,
779569449389002,stockholm_karlaplan,,59.340671423176,18.090538214347,Katarina Elevator,59.32,18.07277778,3.0,2.5096,1.5-3.0km,no,ctrl_noimage,
3641710285933359,telaviv_nahum,,32.063368596829,34.767981250286,Bavli,32.0965,34.79818611,3.0,4.6552,3.0-6.0km,no,ctrl_noimage,
1034940767034025,hanoi_botanic,,21.041815851132,105.83438834616,"Hồng Hà, Hanoi",21.055808,105.843471,2.0,1.8191,1.5-3.0km,no,ctrl_noimage,
188085409831335,marrakech_royal,,31.627947468347,-8.0145375179559,Lycée Victor Hugo Marrakech,31.641388888,-8.023333333,2.0,1.7109,1.5-3.0km,no,ctrl_noimage,
367722097945156,boston_park,,42.355469901352,-71.063149876169,Harvard Kennedy School,42.371388888,-71.121944444,4.0,5.1447,3.0-6.0km,no,ctrl_noimage,
385781315930165,barcelona_lesseps,,41.403853286398,2.1499568242563,Lesseps station,41.40611111,2.14944444,4.0,0.2547,0.15-0.3km,no,ctrl_noimage,
842284246369672,stockholm_st,,59.31319547188,18.070840339336,Stockholm Södra station,59.31369,18.06245,4.0,0.4793,0.3-0.7km,no,ctrl_noimage,
1055581876359490,vienna_university,,48.20772870372,16.385401307044,"Augustinian Church, Vienna",48.205669444,16.3677,4.0,1.3316,0.7-1.5km,no,ctrl_noimage,
1024515582643671,budapest_batthyny,,47.507931803429,19.037049498363,Kossuth Square,47.50694444,19.04722222,5.0,0.7719,0.7-1.5km,no,ctrl_noimage,
142530148444305,london_lambeth,,51.496168791066,-0.12089622192531,Southwark,51.4988,-0.0901,3.0,2.1518,1.5-3.0km,no,ctrl_noimage,
1246019787240480,edinburgh_dugald,,55.952964542348,-3.1890105723928,Usher Hall,55.94727,-3.20502,5.0,1.1809,0.7-1.5km,no,ctrl_noimage,
190729989566458,athens_kotzia,,37.979482420607,23.729902128807,Kerameikos Archaeological Museum,37.967,23.717,3.0,1.7904,1.5-3.0km,no,ctrl_noimage,
506893325703217,santiago_baslica,,-33.43991802488,-70.665017227126,Parque Bustamante metro station,-33.442772,-70.6315,3.0,3.1261,3.0-6.0km,no,ctrl_noimage,
4129797463739521,marrakech_place,,31.620481447607,-7.987001707544,Riad Africa,31.620814,-7.986211,2.0,0.0835,signal,yes,ctrl_noimage,
1032004085228168,hanoi_college,,21.022673971713,105.84143871625,Hanoi,21.0245,105.84117,4.0,0.205,0.15-0.3km,no,ctrl_noimage,
2684562815277719,madrid_pacfico,,40.403553011955,-3.6716601136727,Menéndez Pelayo (Madrid Metro),40.4045,-3.68061,3.0,0.7651,0.7-1.5km,no,ctrl_noimage,
111050937715393,milan_museo,,45.465299279244,9.1870965242723,Palazzo Brera,45.463577,9.182081,4.0,0.4355,0.3-0.7km,no,ctrl_noimage,
270516208053057,london_royal,,51.511637038166,-0.13912059984441,Regent Street,51.5108,-0.1387,4.0,0.0975,signal,yes,ctrl_noimage,
3211043612444726,bogota_national,,4.6093897499731,-74.067270590458,La Gran Colombia University,4.601175,-74.06566111,4.0,0.9307,0.7-1.5km,no,ctrl_noimage,
4129797463739521,marrakech_place,,31.620481447607,-7.987001707544,Riad dar Mchicha,31.6338761,-7.9894657,1.0,1.5076,1.5-3.0km,no,ctrl_noimage,
1390432642176100,hanoi_well,,21.0304293,105.8374228,Trấn Quốc Pagoda,21.0479,105.837,5.0,1.9431,1.5-3.0km,no,ctrl_noimage,
1049868982417886,mumbai_girgaon,,18.95066629543,72.822989421199,Liberty Cinema,18.94149835,72.827259982,3.0,1.114,0.7-1.5km,no,ctrl_noimage,
484105032839269,hongkong_fortress,,22.290655675314,114.19441047292,North Point,22.287111111,114.191666666,5.0,0.4848,0.3-0.7km,no,ctrl_noimage,
1104374688335512,hanoi_well,,21.032503734201,105.83645099968,Hàng Bông Street,21.03065278,105.84800833,3.0,1.217,0.7-1.5km,no,ctrl_noimage,
780921181296620,mumbai_bowen,,18.922616565332,72.832640787066,Joseph Baptista Gardens,18.965633,72.842703,2.0,4.8989,3.0-6.0km,no,ctrl_noimage,
367722097945156,boston_park,,42.355469901352,-71.063149876169,Science Park station,42.36678,-71.06784,4.0,1.3153,0.7-1.5km,no,ctrl_noimage,
1024515582643671,budapest_batthyny,,47.507931803429,19.037049498363,Batthyány tér metro station,47.506388888,19.038611111,4.0,0.2078,0.15-0.3km,no,ctrl_noimage,
1036250735319845,amsterdam_church,,52.37737484654,4.9025725497574,Schreierstoren,52.376388888,4.902222222,3.0,0.1122,signal,yes,ctrl_noimage,
122138176540482,mexicocity_centro,,19.404019702795,-99.157309178532,Hospital General metro station (Mexico City),19.413578,-99.153886,3.0,1.1218,0.7-1.5km,no,ctrl_noimage,
8421271167978129,santiago_plaza,,-33.43879742834,-70.653568833591,Plaza Chacabuco metro station,-33.406361111,-70.661055555,3.0,3.6731,3.0-6.0km,no,ctrl_noimage,
516373416038884,amsterdam_natura,,52.366830443151,4.9197136389989,Allard Pierson Museum,52.368825906,4.893061712,2.0,1.8231,1.5-3.0km,no,ctrl_noimage,
1791686157672160,lisbon_cais,,38.706394880236,-9.1460180511052,Rossio Square,38.713888888,-9.139444444,5.0,1.0098,0.7-1.5km,no,ctrl_noimage,
2856142347994065,lisbon_martim,,38.715554781296,-9.1358873724005,Alameda Station,38.73639,-9.13389,4.0,2.3232,1.5-3.0km,no,ctrl_noimage,
121611859942675,newyork_studio,,40.766278593749,-73.981603348978,Ford Foundation,40.749722222,-73.971111111,2.0,2.0421,1.5-3.0km,no,ctrl_noimage,
270516208053057,london_royal,,51.511637038166,-0.13912059984441,"Millennium Bridge, London",51.510173,-0.098438,4.0,2.8201,1.5-3.0km,no,ctrl_noimage,
1103000450178625,copenhagen_museum,,55.674855676986,12.57144321202,Grundtvig's Church,55.71658333,12.53361111,4.0,5.2105,3.0-6.0km,no,ctrl_noimage,
842284246369672,stockholm_st,,59.31319547188,18.070840339336,Södermalm,59.3136,18.0711,5.0,0.0473,signal,yes,ctrl_noimage,
1143667572727383,athens_national,,37.973387542653,23.735143372028,Old Royal Palace,37.97527778,23.73694444,3.0,0.2629,0.15-0.3km,no,ctrl_noimage,
111050937715393,milan_museo,,45.465299279244,9.1870965242723,Museo Poldi Pezzoli,45.468664,9.191583,3.0,0.5122,0.3-0.7km,no,ctrl_noimage,
1035925578399762,budapest_university,,47.481993384326,19.052807412637,Blaha Lujza tér metro station,47.497222222,19.070555555,5.0,2.1554,1.5-3.0km,no,ctrl_noimage,
1328088438137398,boston_park,,42.355308610938,-71.065309310291,Tufts Medical Center station,42.34934,-71.06433,4.0,0.6685,0.3-0.7km,no,ctrl_noimage,
1239985766605212,sanfrancisco_joseph,,37.808419740785,-122.41583785115,City Lights Bookstore,37.797628,-122.406575,4.0,1.4499,0.7-1.5km,no,ctrl_noimage,
826852638180821,mumbai_mughal,,18.925418897409,72.832564317681,"National Gallery of Modern Art, Mumbai",18.9258,72.8313,3.0,0.1396,signal,yes,ctrl_noimage,
1369582031123941,sanfrancisco_cartoon,,37.784455219878,-122.40012821489,San Francisco Marriott Marquis,37.78507,-122.40482,4.0,0.4179,0.3-0.7km,no,ctrl_noimage,
314484880385575,berlin_jewish,,52.503676726361,13.398877296046,German Bundesrat,52.50916667,13.38138889,3.0,1.3318,0.7-1.5km,no,ctrl_noimage,
3641710285933359,telaviv_nahum,,32.063368596829,34.767981250286,Levinstein Tower,32.063888888,34.779722222,2.0,1.1079,0.7-1.5km,no,ctrl_noimage,
882084572370597,stockholm_grdet,,59.343602276873,18.096748218256,Hagaparken,59.36111111,18.03333333,5.0,4.0879,3.0-6.0km,no,ctrl_noimage,
235341308265360,tokyo_ginza,,35.66955697331,139.76706575294,Tokyo Metropolitan Gymnasium,35.679722,139.7125,3.0,5.0568,3.0-6.0km,no,ctrl_noimage,
8421271167978129,santiago_plaza,,-33.43879742834,-70.653568833591,La Moneda metro station,-33.445028,-70.655667,5.0,0.7196,0.7-1.5km,no,ctrl_noimage,
811654299784044,toronto_tmu,,43.658979260333,-79.381768745369,Aura,43.6594,-79.3828,2.0,0.0952,signal,yes,ctrl_noimage,
1049868982417886,mumbai_girgaon,,18.95066629543,72.822989421199,Taraporewala Aquarium,18.9493,72.8201,3.0,0.3397,0.3-0.7km,no,ctrl_noimage,
367722097945156,boston_park,,42.355469901352,-71.063149876169,Boston University,42.348888888,-71.100277777,5.0,3.1375,3.0-6.0km,no,ctrl_noimage,
2856142347994065,lisbon_martim,,38.715554781296,-9.1358873724005,Rossio railway station,38.714722,-9.142222,5.0,0.5573,0.3-0.7km,no,ctrl_noimage,
140385058059418,toronto_rosedale,,43.676960743259,-79.389556139899,Mount Pleasant station (Toronto),43.7084,-79.3902,2.0,3.4963,3.0-6.0km,no,ctrl_noimage,
1390432642176100,hanoi_well,,21.0304293,105.8374228,Vĩnh Tuy Bridge,21.0044,105.876,4.0,4.9407,3.0-6.0km,no,ctrl_noimage,
806328096958216,lisbon_edward,,38.73015913259,-9.1553444375198,Lisbon Academy of Sciences,38.713152,-9.149664,3.0,1.9543,1.5-3.0km,no,ctrl_noimage,
1567714271306208,sanfrancisco_joseph,,37.80684239799,-122.41945766953,Contemporary Jewish Museum,37.7858,-122.404,4.0,2.7054,1.5-3.0km,no,ctrl_noimage,
127288426707682,lima_estadio,,-12.064595214443,-77.036225532378,Plaza Bolognesi,-12.06027778,-77.04138889,5.0,0.7387,0.7-1.5km,no,ctrl_noimage,
127288426707682,lima_estadio,,-12.064595214443,-77.036225532378,Lima Art Museum,-12.060445694,-77.036969611,5.0,0.4684,0.3-0.7km,no,ctrl_noimage,
903410113723266,barcelona_fontana,,41.401283498537,2.1538055344176,Palau Sant Jordi,41.363389,2.152556,4.0,4.215,3.0-6.0km,no,ctrl_noimage,
1055581876359490,vienna_university,,48.20772870372,16.385401307044,University of Applied Arts Vienna,48.208419444,16.382219444,2.0,0.248,0.15-0.3km,no,ctrl_noimage,
3923503734413150,telaviv_dizengoff,,32.079246101216,34.775009203947,Tel Aviv Towers,32.074103,34.798058,3.0,2.2457,1.5-3.0km,no,ctrl_noimage,
2856142347994065,lisbon_martim,,38.715554781296,-9.1358873724005,Anjos Station,38.7264341,-9.13500309,4.0,1.2122,0.7-1.5km,no,ctrl_noimage,
1348620445524301,berlin_alte,,52.520542612056,13.398049355114,Pergamon Museum,52.521,13.396,5.0,0.1477,signal,yes,ctrl_noimage,
270516208053057,london_royal,,51.511637038166,-0.13912059984441,National Gallery,51.508888888,-0.128333333,4.0,0.8067,0.7-1.5km,no,ctrl_noimage,
309461187311494,toronto_sherbourne,,43.673760545475,-79.3798450164,Women's College Hospital,43.6617,-79.3875,3.0,1.4757,0.7-1.5km,no,ctrl_noimage,
484105032839269,hongkong_fortress,,22.290655675314,114.19441047292,Dr Sun Yat-sen Museum,22.282,114.151,4.0,4.569,3.0-6.0km,no,ctrl_noimage,
1103000450178625,copenhagen_museum,,55.674855676986,12.57144321202,Museum of Copenhagen,55.674333333,12.572611111,3.0,0.0935,signal,yes,ctrl_noimage,
1239985766605212,sanfrancisco_joseph,,37.808419740785,-122.41583785115,Musée Mécanique,37.8104,-122.417,2.0,0.2427,0.15-0.3km,no,ctrl_noimage,
615644910711441,madrid_pera,,40.416888488629,-3.7058901287952,Retiro (Madrid Metro),40.4207,-3.68587,4.0,1.747,1.5-3.0km,no,ctrl_noimage,
1110364610210828,tokyo_national,,35.691690981517,139.75688042028,Kanda-Jinbōchō,35.697152777,139.757741666,3.0,0.6123,0.3-0.7km,no,ctrl_noimage,
1090410228149463,milan_santa,,45.454774216339,9.1871932789049,Teatro Carcano,45.4568,9.19563,2.0,0.6955,0.3-0.7km,no,ctrl_noimage,
1384754382502755,santiago_moneda,,-33.446464606197,-70.652444129514,Bernardo O'Higgins Monument,-33.445358,-70.653038,2.0,0.1348,signal,yes,ctrl_noimage,
472763443829899,madrid_royal,,40.414863682647,-3.6882587367107,Puerta de Toledo (Madrid Metro),40.4066,-3.7113,3.0,2.1564,1.5-3.0km,no,ctrl_noimage,
1032004085228168,hanoi_college,,21.022673971713,105.84143871625,Thiền Quang Lake,21.018427777,105.845544444,3.0,0.636,0.3-0.7km,no,ctrl_noimage,
1034940767034025,hanoi_botanic,,21.041815851132,105.83438834616,Quán Thánh Temple,21.043113,105.836508,4.0,0.263,0.15-0.3km,no,ctrl_noimage,
740287243313659,milan_milano,,45.468592343178,9.1721351665966,Casa degli Omenoni,45.46727222,9.19188333,2.0,1.547,1.5-3.0km,no,ctrl_noimage,
367722097945156,boston_park,,42.355469901352,-71.063149876169,Park Street station,42.356388888,-71.0625,5.0,0.1153,signal,yes,ctrl_noimage,
